game_date,event_id,game,commence_time,market_type,market_key,side,team,player,stat,book_key,book_title,line,odds,is_preferred_book,source,scraped_at,available_books,all_books
2026-07-11,15504ed1a378321542911fbfb7a49591,Chicago Sky @ Dallas Wings,2026-07-12T23:00:00Z,MONEYLINE,h2h,Chicago Sky,Chicago Sky,,,draftkings,DraftKings,,330,True,the-odds-api,2026-07-11T19:52:03.675953+00:00,4,"draftkings,fanatics,fanduel,williamhill_us"
2026-07-11,15504ed1a378321542911fbfb7a49591,Chicago Sky @ Dallas Wings,2026-07-12T23:00:00Z,MONEYLINE,h2h,Dallas Wings,Dallas Wings,,,fanatics,Fanatics,,-425,True,the-odds-api,2026-07-11T19:52:03.675953+00:00,4,"draftkings,fanatics,fanduel,williamhill_us"
2026-07-11,dbbae9c1944a4874fe492f9fe23d8f62,Phoenix Mercury @ Las Vegas Aces,2026-07-11T22:00:00Z,MONEYLINE,h2h,Las Vegas Aces,Las Vegas Aces,,,lowvig,LowVig.ag,,-340,False,the-odds-api,2026-07-11T19:52:03.675953+00:00,11,"betmgm,betonlineag,betrivers,betus,bovada,draftkings,fanatics,fanduel,lowvig,mybookieag,williamhill_us"
2026-07-11,dbbae9c1944a4874fe492f9fe23d8f62,Phoenix Mercury @ Las Vegas Aces,2026-07-11T22:00:00Z,MONEYLINE,h2h,Phoenix Mercury,Phoenix Mercury,,,betrivers,BetRivers,,300,False,the-odds-api,2026-07-11T19:52:03.675953+00:00,11,"betmgm,betonlineag,betrivers,betus,bovada,draftkings,fanatics,fanduel,lowvig,mybookieag,williamhill_us"
2026-07-11,9f2c4d943190edd1073d4cd6760fcf8c,Portland Fire @ Atlanta Dream,2026-07-11T20:00:00Z,MONEYLINE,h2h,Atlanta Dream,Atlanta Dream,,,williamhill_us,Caesars,,-700,False,the-odds-api,2026-07-11T19:52:03.675953+00:00,11,"betmgm,betonlineag,betrivers,betus,bovada,draftkings,fanatics,fanduel,lowvig,mybookieag,williamhill_us"
2026-07-11,9f2c4d943190edd1073d4cd6760fcf8c,Portland Fire @ Atlanta Dream,2026-07-11T20:00:00Z,MONEYLINE,h2h,Portland Fire,Portland Fire,,,mybookieag,MyBookie.ag,,544,False,the-odds-api,2026-07-11T19:52:03.675953+00:00,11,"betmgm,betonlineag,betrivers,betus,bovada,draftkings,fanatics,fanduel,lowvig,mybookieag,williamhill_us"
2026-07-11,a82c548dd13bf0b9134cd20a43ac88de,Seattle Storm @ Washington Mystics,2026-07-12T19:00:00Z,MONEYLINE,h2h,Seattle Storm,Seattle Storm,,,fanduel,FanDuel,,130,True,the-odds-api,2026-07-11T19:52:03.675953+00:00,4,"draftkings,fanatics,fanduel,williamhill_us"
2026-07-11,a82c548dd13bf0b9134cd20a43ac88de,Seattle Storm @ Washington Mystics,2026-07-12T19:00:00Z,MONEYLINE,h2h,Washington Mystics,Washington Mystics,,,fanatics,Fanatics,,-155,True,the-odds-api,2026-07-11T19:52:03.675953+00:00,4,"draftkings,fanatics,fanduel,williamhill_us"
2026-07-11,dbbae9c1944a4874fe492f9fe23d8f62,Phoenix Mercury @ Las Vegas Aces,2026-07-11T22:00:00Z,PROP,player_threes,OVER,,A'ja Wilson,3PM,betonlineag,BetOnline.ag,0.5,-169,False,the-odds-api,2026-07-11T19:52:05.039224+00:00,2,"betonlineag,betrivers"
2026-07-11,dbbae9c1944a4874fe492f9fe23d8f62,Phoenix Mercury @ Las Vegas Aces,2026-07-11T22:00:00Z,PROP,player_threes,UNDER,,A'ja Wilson,3PM,betonlineag,BetOnline.ag,0.5,130,False,the-odds-api,2026-07-11T19:52:05.039224+00:00,1,betonlineag
2026-07-11,dbbae9c1944a4874fe492f9fe23d8f62,Phoenix Mercury @ Las Vegas Aces,2026-07-11T22:00:00Z,PROP,player_assists,OVER,,A'ja Wilson,AST,betonlineag,BetOnline.ag,2.5,-143,False,the-odds-api,2026-07-11T19:52:05.039224+00:00,4,"betonlineag,betrivers,draftkings,fanduel"
2026-07-11,dbbae9c1944a4874fe492f9fe23d8f62,Phoenix Mercury @ Las Vegas Aces,2026-07-11T22:00:00Z,PROP,player_assists,UNDER,,A'ja Wilson,AST,fanduel,FanDuel,2.5,132,True,the-odds-api,2026-07-11T19:52:05.039224+00:00,3,"betonlineag,draftkings,fanduel"
2026-07-11,dbbae9c1944a4874fe492f9fe23d8f62,Phoenix Mercury @ Las Vegas Aces,2026-07-11T22:00:00Z,PROP,player_double_double,YES,,A'ja Wilson,DD,fanatics,Fanatics,0.5,100,True,the-odds-api,2026-07-11T19:52:05.039224+00:00,4,"draftkings,fanatics,fanduel,williamhill_us"
2026-07-11,dbbae9c1944a4874fe492f9fe23d8f62,Phoenix Mercury @ Las Vegas Aces,2026-07-11T22:00:00Z,PROP,player_points_assists,OVER,,A'ja Wilson,PA,fanduel,FanDuel,27.5,-128,True,the-odds-api,2026-07-11T19:52:05.039224+00:00,2,"draftkings,fanduel"
2026-07-11,dbbae9c1944a4874fe492f9fe23d8f62,Phoenix Mercury @ Las Vegas Aces,2026-07-11T22:00:00Z,PROP,player_points_assists,UNDER,,A'ja Wilson,PA,draftkings,DraftKings,28.5,-125,True,the-odds-api,2026-07-11T19:52:05.039224+00:00,2,"draftkings,fanduel"
2026-07-11,dbbae9c1944a4874fe492f9fe23d8f62,Phoenix Mercury @ Las Vegas Aces,2026-07-11T22:00:00Z,PROP,player_points_rebounds,OVER,,A'ja Wilson,PR,fanduel,FanDuel,34.5,-110,True,the-odds-api,2026-07-11T19:52:05.039224+00:00,2,"draftkings,fanduel"
2026-07-11,dbbae9c1944a4874fe492f9fe23d8f62,Phoenix Mercury @ Las Vegas Aces,2026-07-11T22:00:00Z,PROP,player_points_rebounds,UNDER,,A'ja Wilson,PR,draftkings,DraftKings,34.5,-113,True,the-odds-api,2026-07-11T19:52:05.039224+00:00,2,"draftkings,fanduel"
2026-07-11,dbbae9c1944a4874fe492f9fe23d8f62,Phoenix Mercury @ Las Vegas Aces,2026-07-11T22:00:00Z,PROP,player_points_rebounds_assists,OVER,,A'ja Wilson,PRA,fanduel,FanDuel,37.5,-112,True,the-odds-api,2026-07-11T19:52:05.039224+00:00,4,"betonlineag,betrivers,draftkings,fanduel"
2026-07-11,dbbae9c1944a4874fe492f9fe23d8f62,Phoenix Mercury @ Las Vegas Aces,2026-07-11T22:00:00Z,PROP,player_points_rebounds_assists,UNDER,,A'ja Wilson,PRA,betonlineag,BetOnline.ag,38.5,-114,False,the-odds-api,2026-07-11T19:52:05.039224+00:00,3,"betonlineag,draftkings,fanduel"
2026-07-11,dbbae9c1944a4874fe492f9fe23d8f62,Phoenix Mercury @ Las Vegas Aces,2026-07-11T22:00:00Z,PROP,player_points,OVER,,A'ja Wilson,PTS,betrivers,BetRivers,23.5,-143,False,the-odds-api,2026-07-11T19:52:05.039224+00:00,5,"betonlineag,betrivers,draftkings,fanduel,williamhill_us"
2026-07-11,dbbae9c1944a4874fe492f9fe23d8f62,Phoenix Mercury @ Las Vegas Aces,2026-07-11T22:00:00Z,PROP,player_points,UNDER,,A'ja Wilson,PTS,betonlineag,BetOnline.ag,25.5,-123,False,the-odds-api,2026-07-11T19:52:05.039224+00:00,4,"betonlineag,draftkings,fanduel,williamhill_us"
2026-07-11,dbbae9c1944a4874fe492f9fe23d8f62,Phoenix Mercury @ Las Vegas Aces,2026-07-11T22:00:00Z,PROP,player_rebounds_assists,OVER,,A'ja Wilson,RA,fanduel,FanDuel,12.5,-108,True,the-odds-api,2026-07-11T19:52:05.039224+00:00,2,"draftkings,fanduel"
2026-07-11,dbbae9c1944a4874fe492f9fe23d8f62,Phoenix Mercury @ Las Vegas Aces,2026-07-11T22:00:00Z,PROP,player_rebounds_assists,UNDER,,A'ja Wilson,RA,draftkings,DraftKings,12.5,-107,True,the-odds-api,2026-07-11T19:52:05.039224+00:00,2,"draftkings,fanduel"
2026-07-11,dbbae9c1944a4874fe492f9fe23d8f62,Phoenix Mercury @ Las Vegas Aces,2026-07-11T22:00:00Z,PROP,player_rebounds,OVER,,A'ja Wilson,REB,betonlineag,BetOnline.ag,9.5,-109,False,the-odds-api,2026-07-11T19:52:05.039224+00:00,5,"betonlineag,betrivers,draftkings,fanduel,williamhill_us"
2026-07-11,dbbae9c1944a4874fe492f9fe23d8f62,Phoenix Mercury @ Las Vegas Aces,2026-07-11T22:00:00Z,PROP,player_rebounds,UNDER,,A'ja Wilson,REB,draftkings,DraftKings,9.5,-116,True,the-odds-api,2026-07-11T19:52:05.039224+00:00,4,"betonlineag,draftkings,fanduel,williamhill_us"
2026-07-11,dbbae9c1944a4874fe492f9fe23d8f62,Phoenix Mercury @ Las Vegas Aces,2026-07-11T22:00:00Z,PROP,player_triple_double,YES,,A'ja Wilson,TD,draftkings,DraftKings,0.5,4300,True,the-odds-api,2026-07-11T19:52:05.039224+00:00,1,draftkings
2026-07-11,dbbae9c1944a4874fe492f9fe23d8f62,Phoenix Mercury @ Las Vegas Aces,2026-07-11T22:00:00Z,PROP,player_assists,OVER,,Alyssa Thomas,AST,williamhill_us,Caesars,8.5,107,False,the-odds-api,2026-07-11T19:52:05.039224+00:00,5,"betonlineag,betrivers,draftkings,fanduel,williamhill_us"
2026-07-11,dbbae9c1944a4874fe492f9fe23d8f62,Phoenix Mercury @ Las Vegas Aces,2026-07-11T22:00:00Z,PROP,player_assists,UNDER,,Alyssa Thomas,AST,draftkings,DraftKings,8.5,-130,True,the-odds-api,2026-07-11T19:52:05.039224+00:00,4,"betonlineag,draftkings,fanduel,williamhill_us"
2026-07-11,dbbae9c1944a4874fe492f9fe23d8f62,Phoenix Mercury @ Las Vegas Aces,2026-07-11T22:00:00Z,PROP,player_double_double,YES,,Alyssa Thomas,DD,fanatics,Fanatics,0.5,135,True,the-odds-api,2026-07-11T19:52:05.039224+00:00,4,"draftkings,fanatics,fanduel,williamhill_us"
2026-07-11,dbbae9c1944a4874fe492f9fe23d8f62,Phoenix Mercury @ Las Vegas Aces,2026-07-11T22:00:00Z,PROP,player_points_assists,OVER,,Alyssa Thomas,PA,fanduel,FanDuel,22.5,-118,True,the-odds-api,2026-07-11T19:52:05.039224+00:00,2,"draftkings,fanduel"
2026-07-11,dbbae9c1944a4874fe492f9fe23d8f62,Phoenix Mercury @ Las Vegas Aces,2026-07-11T22:00:00Z,PROP,player_points_assists,UNDER,,Alyssa Thomas,PA,draftkings,DraftKings,22.5,-109,True,the-odds-api,2026-07-11T19:52:05.039224+00:00,2,"draftkings,fanduel"
2026-07-11,dbbae9c1944a4874fe492f9fe23d8f62,Phoenix Mercury @ Las Vegas Aces,2026-07-11T22:00:00Z,PROP,player_points_rebounds,OVER,,Alyssa Thomas,PR,fanduel,FanDuel,21.5,-110,True,the-odds-api,2026-07-11T19:52:05.039224+00:00,2,"draftkings,fanduel"
2026-07-11,dbbae9c1944a4874fe492f9fe23d8f62,Phoenix Mercury @ Las Vegas Aces,2026-07-11T22:00:00Z,PROP,player_points_rebounds,UNDER,,Alyssa Thomas,PR,draftkings,DraftKings,21.5,-116,True,the-odds-api,2026-07-11T19:52:05.039224+00:00,2,"draftkings,fanduel"
2026-07-11,dbbae9c1944a4874fe492f9fe23d8f62,Phoenix Mercury @ Las Vegas Aces,2026-07-11T22:00:00Z,PROP,player_points_rebounds_assists,OVER,,Alyssa Thomas,PRA,betrivers,BetRivers,29.5,-107,False,the-odds-api,2026-07-11T19:52:05.039224+00:00,4,"betonlineag,betrivers,draftkings,fanduel"
2026-07-11,dbbae9c1944a4874fe492f9fe23d8f62,Phoenix Mercury @ Las Vegas Aces,2026-07-11T22:00:00Z,PROP,player_points_rebounds_assists,UNDER,,Alyssa Thomas,PRA,draftkings,DraftKings,30.5,-123,True,the-odds-api,2026-07-11T19:52:05.039224+00:00,3,"betonlineag,draftkings,fanduel"
2026-07-11,dbbae9c1944a4874fe492f9fe23d8f62,Phoenix Mercury @ Las Vegas Aces,2026-07-11T22:00:00Z,PROP,player_points,OVER,,Alyssa Thomas,PTS,betrivers,BetRivers,13.5,-127,False,the-odds-api,2026-07-11T19:52:05.039224+00:00,5,"betonlineag,betrivers,draftkings,fanduel,williamhill_us"
2026-07-11,dbbae9c1944a4874fe492f9fe23d8f62,Phoenix Mercury @ Las Vegas Aces,2026-07-11T22:00:00Z,PROP,player_points,UNDER,,Alyssa Thomas,PTS,draftkings,DraftKings,14.5,-128,True,the-odds-api,2026-07-11T19:52:05.039224+00:00,4,"betonlineag,draftkings,fanduel,williamhill_us"
2026-07-11,dbbae9c1944a4874fe492f9fe23d8f62,Phoenix Mercury @ Las Vegas Aces,2026-07-11T22:00:00Z,PROP,player_rebounds_assists,OVER,,Alyssa Thomas,RA,fanduel,FanDuel,15.5,-114,True,the-odds-api,2026-07-11T19:52:05.039224+00:00,2,"draftkings,fanduel"
2026-07-11,dbbae9c1944a4874fe492f9fe23d8f62,Phoenix Mercury @ Las Vegas Aces,2026-07-11T22:00:00Z,PROP,player_rebounds_assists,UNDER,,Alyssa Thomas,RA,fanduel,FanDuel,15.5,-114,True,the-odds-api,2026-07-11T19:52:05.039224+00:00,2,"draftkings,fanduel"
2026-07-11,dbbae9c1944a4874fe492f9fe23d8f62,Phoenix Mercury @ Las Vegas Aces,2026-07-11T22:00:00Z,PROP,player_rebounds,OVER,,Alyssa Thomas,REB,betrivers,BetRivers,6.5,-124,False,the-odds-api,2026-07-11T19:52:05.039224+00:00,5,"betonlineag,betrivers,draftkings,fanduel,williamhill_us"
2026-07-11,dbbae9c1944a4874fe492f9fe23d8f62,Phoenix Mercury @ Las Vegas Aces,2026-07-11T22:00:00Z,PROP,player_rebounds,UNDER,,Alyssa Thomas,REB,draftkings,DraftKings,7.5,-147,True,the-odds-api,2026-07-11T19:52:05.039224+00:00,4,"betonlineag,draftkings,fanduel,williamhill_us"
2026-07-11,dbbae9c1944a4874fe492f9fe23d8f62,Phoenix Mercury @ Las Vegas Aces,2026-07-11T22:00:00Z,PROP,player_triple_double,YES,,Alyssa Thomas,TD,fanatics,Fanatics,0.5,800,True,the-odds-api,2026-07-11T19:52:05.039224+00:00,4,"draftkings,fanatics,fanduel,williamhill_us"
2026-07-11,dbbae9c1944a4874fe492f9fe23d8f62,Phoenix Mercury @ Las Vegas Aces,2026-07-11T22:00:00Z,PROP,player_threes,OVER,,Chelsea Gray,3PM,betonlineag,BetOnline.ag,1.5,-169,False,the-odds-api,2026-07-11T19:52:05.039224+00:00,5,"betonlineag,betrivers,draftkings,fanduel,williamhill_us"
2026-07-11,dbbae9c1944a4874fe492f9fe23d8f62,Phoenix Mercury @ Las Vegas Aces,2026-07-11T22:00:00Z,PROP,player_threes,UNDER,,Chelsea Gray,3PM,williamhill_us,Caesars,1.5,133,False,the-odds-api,2026-07-11T19:52:05.039224+00:00,4,"betonlineag,draftkings,fanduel,williamhill_us"
2026-07-11,dbbae9c1944a4874fe492f9fe23d8f62,Phoenix Mercury @ Las Vegas Aces,2026-07-11T22:00:00Z,PROP,player_assists,OVER,,Chelsea Gray,AST,betonlineag,BetOnline.ag,7.5,110,False,the-odds-api,2026-07-11T19:52:05.039224+00:00,5,"betonlineag,betrivers,draftkings,fanduel,williamhill_us"
2026-07-11,dbbae9c1944a4874fe492f9fe23d8f62,Phoenix Mercury @ Las Vegas Aces,2026-07-11T22:00:00Z,PROP,player_assists,UNDER,,Chelsea Gray,AST,fanduel,FanDuel,7.5,-122,True,the-odds-api,2026-07-11T19:52:05.039224+00:00,4,"betonlineag,draftkings,fanduel,williamhill_us"
2026-07-11,dbbae9c1944a4874fe492f9fe23d8f62,Phoenix Mercury @ Las Vegas Aces,2026-07-11T22:00:00Z,PROP,player_double_double,YES,,Chelsea Gray,DD,fanduel,FanDuel,0.5,360,True,the-odds-api,2026-07-11T19:52:05.039224+00:00,4,"draftkings,fanatics,fanduel,williamhill_us"
2026-07-11,dbbae9c1944a4874fe492f9fe23d8f62,Phoenix Mercury @ Las Vegas Aces,2026-07-11T22:00:00Z,PROP,player_points_assists,OVER,,Chelsea Gray,PA,draftkings,DraftKings,19.5,-129,True,the-odds-api,2026-07-11T19:52:05.039224+00:00,2,"draftkings,fanduel"
2026-07-11,dbbae9c1944a4874fe492f9fe23d8f62,Phoenix Mercury @ Las Vegas Aces,2026-07-11T22:00:00Z,PROP,player_points_assists,UNDER,,Chelsea Gray,PA,fanduel,FanDuel,20.5,-122,True,the-odds-api,2026-07-11T19:52:05.039224+00:00,2,"draftkings,fanduel"
2026-07-11,dbbae9c1944a4874fe492f9fe23d8f62,Phoenix Mercury @ Las Vegas Aces,2026-07-11T22:00:00Z,PROP,player_points_rebounds,OVER,,Chelsea Gray,PR,draftkings,DraftKings,16.5,-108,True,the-odds-api,2026-07-11T19:52:05.039224+00:00,2,"draftkings,fanduel"
2026-07-11,dbbae9c1944a4874fe492f9fe23d8f62,Phoenix Mercury @ Las Vegas Aces,2026-07-11T22:00:00Z,PROP,player_points_rebounds,UNDER,,Chelsea Gray,PR,fanduel,FanDuel,16.5,-114,True,the-odds-api,2026-07-11T19:52:05.039224+00:00,2,"draftkings,fanduel"
2026-07-11,dbbae9c1944a4874fe492f9fe23d8f62,Phoenix Mercury @ Las Vegas Aces,2026-07-11T22:00:00Z,PROP,player_points_rebounds_assists,OVER,,Chelsea Gray,PRA,betrivers,BetRivers,23.5,-124,False,the-odds-api,2026-07-11T19:52:05.039224+00:00,4,"betonlineag,betrivers,draftkings,fanduel"
2026-07-11,dbbae9c1944a4874fe492f9fe23d8f62,Phoenix Mercury @ Las Vegas Aces,2026-07-11T22:00:00Z,PROP,player_points_rebounds_assists,UNDER,,Chelsea Gray,PRA,fanduel,FanDuel,24.5,-120,True,the-odds-api,2026-07-11T19:52:05.039224+00:00,3,"betonlineag,draftkings,fanduel"
2026-07-11,dbbae9c1944a4874fe492f9fe23d8f62,Phoenix Mercury @ Las Vegas Aces,2026-07-11T22:00:00Z,PROP,player_points,OVER,,Chelsea Gray,PTS,betrivers,BetRivers,11.5,-137,False,the-odds-api,2026-07-11T19:52:05.039224+00:00,5,"betonlineag,betrivers,draftkings,fanduel,williamhill_us"
2026-07-11,dbbae9c1944a4874fe492f9fe23d8f62,Phoenix Mercury @ Las Vegas Aces,2026-07-11T22:00:00Z,PROP,player_points,UNDER,,Chelsea Gray,PTS,fanduel,FanDuel,12.5,-114,True,the-odds-api,2026-07-11T19:52:05.039224+00:00,4,"betonlineag,draftkings,fanduel,williamhill_us"
2026-07-11,dbbae9c1944a4874fe492f9fe23d8f62,Phoenix Mercury @ Las Vegas Aces,2026-07-11T22:00:00Z,PROP,player_rebounds_assists,OVER,,Chelsea Gray,RA,draftkings,DraftKings,11.5,-113,True,the-odds-api,2026-07-11T19:52:05.039224+00:00,2,"draftkings,fanduel"
2026-07-11,dbbae9c1944a4874fe492f9fe23d8f62,Phoenix Mercury @ Las Vegas Aces,2026-07-11T22:00:00Z,PROP,player_rebounds_assists,UNDER,,Chelsea Gray,RA,fanduel,FanDuel,11.5,-114,True,the-odds-api,2026-07-11T19:52:05.039224+00:00,2,"draftkings,fanduel"
2026-07-11,dbbae9c1944a4874fe492f9fe23d8f62,Phoenix Mercury @ Las Vegas Aces,2026-07-11T22:00:00Z,PROP,player_rebounds,OVER,,Chelsea Gray,REB,williamhill_us,Caesars,3.5,-138,False,the-odds-api,2026-07-11T19:52:05.039224+00:00,5,"betonlineag,betrivers,draftkings,fanduel,williamhill_us"
2026-07-11,dbbae9c1944a4874fe492f9fe23d8f62,Phoenix Mercury @ Las Vegas Aces,2026-07-11T22:00:00Z,PROP,player_rebounds,UNDER,,Chelsea Gray,REB,fanduel,FanDuel,3.5,118,True,the-odds-api,2026-07-11T19:52:05.039224+00:00,4,"betonlineag,draftkings,fanduel,williamhill_us"
2026-07-11,dbbae9c1944a4874fe492f9fe23d8f62,Phoenix Mercury @ Las Vegas Aces,2026-07-11T22:00:00Z,PROP,player_triple_double,YES,,Chelsea Gray,TD,draftkings,DraftKings,0.5,4300,True,the-odds-api,2026-07-11T19:52:05.039224+00:00,1,draftkings
2026-07-11,dbbae9c1944a4874fe492f9fe23d8f62,Phoenix Mercury @ Las Vegas Aces,2026-07-11T22:00:00Z,PROP,player_threes,OVER,,DeWanna Bonner,3PM,betrivers,BetRivers,1.5,132,False,the-odds-api,2026-07-11T19:52:05.039224+00:00,5,"betonlineag,betrivers,draftkings,fanduel,williamhill_us"
2026-07-11,dbbae9c1944a4874fe492f9fe23d8f62,Phoenix Mercury @ Las Vegas Aces,2026-07-11T22:00:00Z,PROP,player_threes,UNDER,,DeWanna Bonner,3PM,fanduel,FanDuel,1.5,-144,True,the-odds-api,2026-07-11T19:52:05.039224+00:00,4,"betonlineag,draftkings,fanduel,williamhill_us"
2026-07-11,dbbae9c1944a4874fe492f9fe23d8f62,Phoenix Mercury @ Las Vegas Aces,2026-07-11T22:00:00Z,PROP,player_assists,OVER,,DeWanna Bonner,AST,betrivers,BetRivers,1.5,-143,False,the-odds-api,2026-07-11T19:52:05.039224+00:00,1,betrivers
2026-07-11,dbbae9c1944a4874fe492f9fe23d8f62,Phoenix Mercury @ Las Vegas Aces,2026-07-11T22:00:00Z,PROP,player_double_double,YES,,DeWanna Bonner,DD,fanduel,FanDuel,0.5,900,True,the-odds-api,2026-07-11T19:52:05.039224+00:00,3,"draftkings,fanduel,williamhill_us"
2026-07-11,dbbae9c1944a4874fe492f9fe23d8f62,Phoenix Mercury @ Las Vegas Aces,2026-07-11T22:00:00Z,PROP,player_points_rebounds,OVER,,DeWanna Bonner,PR,fanduel,FanDuel,16.5,-114,True,the-odds-api,2026-07-11T19:52:05.039224+00:00,2,"draftkings,fanduel"
2026-07-11,dbbae9c1944a4874fe492f9fe23d8f62,Phoenix Mercury @ Las Vegas Aces,2026-07-11T22:00:00Z,PROP,player_points_rebounds,UNDER,,DeWanna Bonner,PR,draftkings,DraftKings,16.5,-113,True,the-odds-api,2026-07-11T19:52:05.039224+00:00,2,"draftkings,fanduel"
2026-07-11,dbbae9c1944a4874fe492f9fe23d8f62,Phoenix Mercury @ Las Vegas Aces,2026-07-11T22:00:00Z,PROP,player_points_rebounds_assists,OVER,,DeWanna Bonner,PRA,betonlineag,BetOnline.ag,18.5,-101,False,the-odds-api,2026-07-11T19:52:05.039224+00:00,3,"betonlineag,betrivers,fanduel"
2026-07-11,dbbae9c1944a4874fe492f9fe23d8f62,Phoenix Mercury @ Las Vegas Aces,2026-07-11T22:00:00Z,PROP,player_points_rebounds_assists,UNDER,,DeWanna Bonner,PRA,fanduel,FanDuel,18.5,-122,True,the-odds-api,2026-07-11T19:52:05.039224+00:00,2,"betonlineag,fanduel"
2026-07-11,dbbae9c1944a4874fe492f9fe23d8f62,Phoenix Mercury @ Las Vegas Aces,2026-07-11T22:00:00Z,PROP,player_points,OVER,,DeWanna Bonner,PTS,betonlineag,BetOnline.ag,10.5,100,False,the-odds-api,2026-07-11T19:52:05.039224+00:00,5,"betonlineag,betrivers,draftkings,fanduel,williamhill_us"
2026-07-11,dbbae9c1944a4874fe492f9fe23d8f62,Phoenix Mercury @ Las Vegas Aces,2026-07-11T22:00:00Z,PROP,player_points,UNDER,,DeWanna Bonner,PTS,fanduel,FanDuel,10.5,-125,True,the-odds-api,2026-07-11T19:52:05.039224+00:00,4,"betonlineag,draftkings,fanduel,williamhill_us"
2026-07-11,dbbae9c1944a4874fe492f9fe23d8f62,Phoenix Mercury @ Las Vegas Aces,2026-07-11T22:00:00Z,PROP,player_rebounds,OVER,,DeWanna Bonner,REB,betrivers,BetRivers,5.5,-137,False,the-odds-api,2026-07-11T19:52:05.039224+00:00,5,"betonlineag,betrivers,draftkings,fanduel,williamhill_us"
2026-07-11,dbbae9c1944a4874fe492f9fe23d8f62,Phoenix Mercury @ Las Vegas Aces,2026-07-11T22:00:00Z,PROP,player_rebounds,UNDER,,DeWanna Bonner,REB,draftkings,DraftKings,6.5,-143,True,the-odds-api,2026-07-11T19:52:05.039224+00:00,4,"betonlineag,draftkings,fanduel,williamhill_us"
2026-07-11,dbbae9c1944a4874fe492f9fe23d8f62,Phoenix Mercury @ Las Vegas Aces,2026-07-11T22:00:00Z,PROP,player_threes,OVER,,Jackie Young,3PM,draftkings,DraftKings,1.5,-181,True,the-odds-api,2026-07-11T19:52:05.039224+00:00,5,"betonlineag,betrivers,draftkings,fanduel,williamhill_us"
2026-07-11,dbbae9c1944a4874fe492f9fe23d8f62,Phoenix Mercury @ Las Vegas Aces,2026-07-11T22:00:00Z,PROP,player_threes,UNDER,,Jackie Young,3PM,fanduel,FanDuel,1.5,144,True,the-odds-api,2026-07-11T19:52:05.039224+00:00,4,"betonlineag,draftkings,fanduel,williamhill_us"
2026-07-11,dbbae9c1944a4874fe492f9fe23d8f62,Phoenix Mercury @ Las Vegas Aces,2026-07-11T22:00:00Z,PROP,player_assists,OVER,,Jackie Young,AST,draftkings,DraftKings,6.5,-134,True,the-odds-api,2026-07-11T19:52:05.039224+00:00,5,"betonlineag,betrivers,draftkings,fanduel,williamhill_us"
2026-07-11,dbbae9c1944a4874fe492f9fe23d8f62,Phoenix Mercury @ Las Vegas Aces,2026-07-11T22:00:00Z,PROP,player_assists,UNDER,,Jackie Young,AST,fanduel,FanDuel,6.5,110,True,the-odds-api,2026-07-11T19:52:05.039224+00:00,4,"betonlineag,draftkings,fanduel,williamhill_us"
2026-07-11,dbbae9c1944a4874fe492f9fe23d8f62,Phoenix Mercury @ Las Vegas Aces,2026-07-11T22:00:00Z,PROP,player_double_double,YES,,Jackie Young,DD,fanduel,FanDuel,0.5,380,True,the-odds-api,2026-07-11T19:52:05.039224+00:00,4,"draftkings,fanatics,fanduel,williamhill_us"
2026-07-11,dbbae9c1944a4874fe492f9fe23d8f62,Phoenix Mercury @ Las Vegas Aces,2026-07-11T22:00:00Z,PROP,player_points_assists,OVER,,Jackie Young,PA,fanduel,FanDuel,23.5,-130,True,the-odds-api,2026-07-11T19:52:05.039224+00:00,2,"draftkings,fanduel"
2026-07-11,dbbae9c1944a4874fe492f9fe23d8f62,Phoenix Mercury @ Las Vegas Aces,2026-07-11T22:00:00Z,PROP,player_points_assists,UNDER,,Jackie Young,PA,draftkings,DraftKings,24.5,-126,True,the-odds-api,2026-07-11T19:52:05.039224+00:00,2,"draftkings,fanduel"
2026-07-11,dbbae9c1944a4874fe492f9fe23d8f62,Phoenix Mercury @ Las Vegas Aces,2026-07-11T22:00:00Z,PROP,player_points_rebounds,OVER,,Jackie Young,PR,fanduel,FanDuel,21.5,-114,True,the-odds-api,2026-07-11T19:52:05.039224+00:00,2,"draftkings,fanduel"
2026-07-11,dbbae9c1944a4874fe492f9fe23d8f62,Phoenix Mercury @ Las Vegas Aces,2026-07-11T22:00:00Z,PROP,player_points_rebounds,UNDER,,Jackie Young,PR,draftkings,DraftKings,21.5,-109,True,the-odds-api,2026-07-11T19:52:05.039224+00:00,2,"draftkings,fanduel"
2026-07-11,dbbae9c1944a4874fe492f9fe23d8f62,Phoenix Mercury @ Las Vegas Aces,2026-07-11T22:00:00Z,PROP,player_points_rebounds_assists,OVER,,Jackie Young,PRA,fanduel,FanDuel,28.5,-120,True,the-odds-api,2026-07-11T19:52:05.039224+00:00,4,"betonlineag,betrivers,draftkings,fanduel"
2026-07-11,dbbae9c1944a4874fe492f9fe23d8f62,Phoenix Mercury @ Las Vegas Aces,2026-07-11T22:00:00Z,PROP,player_points_rebounds_assists,UNDER,,Jackie Young,PRA,draftkings,DraftKings,29.5,-127,True,the-odds-api,2026-07-11T19:52:05.039224+00:00,3,"betonlineag,draftkings,fanduel"
2026-07-11,dbbae9c1944a4874fe492f9fe23d8f62,Phoenix Mercury @ Las Vegas Aces,2026-07-11T22:00:00Z,PROP,player_points,OVER,,Jackie Young,PTS,betrivers,BetRivers,15.5,-157,False,the-odds-api,2026-07-11T19:52:05.039224+00:00,5,"betonlineag,betrivers,draftkings,fanduel,williamhill_us"
2026-07-11,dbbae9c1944a4874fe492f9fe23d8f62,Phoenix Mercury @ Las Vegas Aces,2026-07-11T22:00:00Z,PROP,player_points,UNDER,,Jackie Young,PTS,betonlineag,BetOnline.ag,16.5,100,False,the-odds-api,2026-07-11T19:52:05.039224+00:00,4,"betonlineag,draftkings,fanduel,williamhill_us"
2026-07-11,dbbae9c1944a4874fe492f9fe23d8f62,Phoenix Mercury @ Las Vegas Aces,2026-07-11T22:00:00Z,PROP,player_rebounds_assists,OVER,,Jackie Young,RA,fanduel,FanDuel,11.5,-114,True,the-odds-api,2026-07-11T19:52:05.039224+00:00,2,"draftkings,fanduel"
2026-07-11,dbbae9c1944a4874fe492f9fe23d8f62,Phoenix Mercury @ Las Vegas Aces,2026-07-11T22:00:00Z,PROP,player_rebounds_assists,UNDER,,Jackie Young,RA,draftkings,DraftKings,11.5,-113,True,the-odds-api,2026-07-11T19:52:05.039224+00:00,2,"draftkings,fanduel"
2026-07-11,dbbae9c1944a4874fe492f9fe23d8f62,Phoenix Mercury @ Las Vegas Aces,2026-07-11T22:00:00Z,PROP,player_rebounds,OVER,,Jackie Young,REB,betonlineag,BetOnline.ag,4.5,-112,False,the-odds-api,2026-07-11T19:52:05.039224+00:00,5,"betonlineag,betrivers,draftkings,fanduel,williamhill_us"
2026-07-11,dbbae9c1944a4874fe492f9fe23d8f62,Phoenix Mercury @ Las Vegas Aces,2026-07-11T22:00:00Z,PROP,player_rebounds,UNDER,,Jackie Young,REB,draftkings,DraftKings,4.5,-112,True,the-odds-api,2026-07-11T19:52:05.039224+00:00,4,"betonlineag,draftkings,fanduel,williamhill_us"
2026-07-11,dbbae9c1944a4874fe492f9fe23d8f62,Phoenix Mercury @ Las Vegas Aces,2026-07-11T22:00:00Z,PROP,player_triple_double,YES,,Jackie Young,TD,draftkings,DraftKings,0.5,3200,True,the-odds-api,2026-07-11T19:52:05.039224+00:00,1,draftkings
2026-07-11,dbbae9c1944a4874fe492f9fe23d8f62,Phoenix Mercury @ Las Vegas Aces,2026-07-11T22:00:00Z,PROP,player_threes,OVER,,Jewell Loyd,3PM,betrivers,BetRivers,1.5,-175,False,the-odds-api,2026-07-11T19:52:05.039224+00:00,5,"betonlineag,betrivers,draftkings,fanduel,williamhill_us"
2026-07-11,dbbae9c1944a4874fe492f9fe23d8f62,Phoenix Mercury @ Las Vegas Aces,2026-07-11T22:00:00Z,PROP,player_threes,UNDER,,Jewell Loyd,3PM,draftkings,DraftKings,2.5,-170,True,the-odds-api,2026-07-11T19:52:05.039224+00:00,4,"betonlineag,draftkings,fanduel,williamhill_us"
2026-07-11,dbbae9c1944a4874fe492f9fe23d8f62,Phoenix Mercury @ Las Vegas Aces,2026-07-11T22:00:00Z,PROP,player_assists,OVER,,Jewell Loyd,AST,betrivers,BetRivers,1.5,108,False,the-odds-api,2026-07-11T19:52:05.039224+00:00,1,betrivers
2026-07-11,dbbae9c1944a4874fe492f9fe23d8f62,Phoenix Mercury @ Las Vegas Aces,2026-07-11T22:00:00Z,PROP,player_points_rebounds_assists,OVER,,Jewell Loyd,PRA,betrivers,BetRivers,13.5,-114,False,the-odds-api,2026-07-11T19:52:05.039224+00:00,3,"betonlineag,betrivers,fanduel"
2026-07-11,dbbae9c1944a4874fe492f9fe23d8f62,Phoenix Mercury @ Las Vegas Aces,2026-07-11T22:00:00Z,PROP,player_points_rebounds_assists,UNDER,,Jewell Loyd,PRA,fanduel,FanDuel,14.5,-136,True,the-odds-api,2026-07-11T19:52:05.039224+00:00,2,"betonlineag,fanduel"
2026-07-11,dbbae9c1944a4874fe492f9fe23d8f62,Phoenix Mercury @ Las Vegas Aces,2026-07-11T22:00:00Z,PROP,player_points,OVER,,Jewell Loyd,PTS,betonlineag,BetOnline.ag,9.5,-105,False,the-odds-api,2026-07-11T19:52:05.039224+00:00,5,"betonlineag,betrivers,draftkings,fanduel,williamhill_us"
2026-07-11,dbbae9c1944a4874fe492f9fe23d8f62,Phoenix Mercury @ Las Vegas Aces,2026-07-11T22:00:00Z,PROP,player_points,UNDER,,Jewell Loyd,PTS,fanduel,FanDuel,9.5,-102,True,the-odds-api,2026-07-11T19:52:05.039224+00:00,4,"betonlineag,draftkings,fanduel,williamhill_us"
2026-07-11,dbbae9c1944a4874fe492f9fe23d8f62,Phoenix Mercury @ Las Vegas Aces,2026-07-11T22:00:00Z,PROP,player_rebounds,OVER,,Jewell Loyd,REB,betrivers,BetRivers,2.5,112,False,the-odds-api,2026-07-11T19:52:05.039224+00:00,2,"betonlineag,betrivers"
2026-07-11,dbbae9c1944a4874fe492f9fe23d8f62,Phoenix Mercury @ Las Vegas Aces,2026-07-11T22:00:00Z,PROP,player_rebounds,UNDER,,Jewell Loyd,REB,betonlineag,BetOnline.ag,2.5,-133,False,the-odds-api,2026-07-11T19:52:05.039224+00:00,1,betonlineag
2026-07-11,dbbae9c1944a4874fe492f9fe23d8f62,Phoenix Mercury @ Las Vegas Aces,2026-07-11T22:00:00Z,PROP,player_threes,OVER,,Kahleah Copper,3PM,fanduel,FanDuel,1.5,-136,True,the-odds-api,2026-07-11T19:52:05.039224+00:00,5,"betonlineag,betrivers,draftkings,fanduel,williamhill_us"
2026-07-11,dbbae9c1944a4874fe492f9fe23d8f62,Phoenix Mercury @ Las Vegas Aces,2026-07-11T22:00:00Z,PROP,player_threes,UNDER,,Kahleah Copper,3PM,draftkings,DraftKings,1.5,108,True,the-odds-api,2026-07-11T19:52:05.039224+00:00,4,"betonlineag,draftkings,fanduel,williamhill_us"
2026-07-11,dbbae9c1944a4874fe492f9fe23d8f62,Phoenix Mercury @ Las Vegas Aces,2026-07-11T22:00:00Z,PROP,player_assists,OVER,,Kahleah Copper,AST,betonlineag,BetOnline.ag,1.5,-143,False,the-odds-api,2026-07-11T19:52:05.039224+00:00,2,"betonlineag,betrivers"
2026-07-11,dbbae9c1944a4874fe492f9fe23d8f62,Phoenix Mercury @ Las Vegas Aces,2026-07-11T22:00:00Z,PROP,player_assists,UNDER,,Kahleah Copper,AST,betonlineag,BetOnline.ag,1.5,110,False,the-odds-api,2026-07-11T19:52:05.039224+00:00,1,betonlineag
2026-07-11,dbbae9c1944a4874fe492f9fe23d8f62,Phoenix Mercury @ Las Vegas Aces,2026-07-11T22:00:00Z,PROP,player_double_double,YES,,Kahleah Copper,DD,draftkings,DraftKings,0.5,2300,True,the-odds-api,2026-07-11T19:52:05.039224+00:00,1,draftkings
2026-07-11,dbbae9c1944a4874fe492f9fe23d8f62,Phoenix Mercury @ Las Vegas Aces,2026-07-11T22:00:00Z,PROP,player_points_rebounds,OVER,,Kahleah Copper,PR,draftkings,DraftKings,23.5,-127,True,the-odds-api,2026-07-11T19:52:05.039224+00:00,2,"draftkings,fanduel"
2026-07-11,dbbae9c1944a4874fe492f9fe23d8f62,Phoenix Mercury @ Las Vegas Aces,2026-07-11T22:00:00Z,PROP,player_points_rebounds,UNDER,,Kahleah Copper,PR,fanduel,FanDuel,24.5,-128,True,the-odds-api,2026-07-11T19:52:05.039224+00:00,2,"draftkings,fanduel"
2026-07-11,dbbae9c1944a4874fe492f9fe23d8f62,Phoenix Mercury @ Las Vegas Aces,2026-07-11T22:00:00Z,PROP,player_points_rebounds_assists,OVER,,Kahleah Copper,PRA,betonlineag,BetOnline.ag,26.5,102,False,the-odds-api,2026-07-11T19:52:05.039224+00:00,4,"betonlineag,betrivers,draftkings,fanduel"
2026-07-11,dbbae9c1944a4874fe492f9fe23d8f62,Phoenix Mercury @ Las Vegas Aces,2026-07-11T22:00:00Z,PROP,player_points_rebounds_assists,UNDER,,Kahleah Copper,PRA,draftkings,DraftKings,26.5,-122,True,the-odds-api,2026-07-11T19:52:05.039224+00:00,3,"betonlineag,draftkings,fanduel"
2026-07-11,dbbae9c1944a4874fe492f9fe23d8f62,Phoenix Mercury @ Las Vegas Aces,2026-07-11T22:00:00Z,PROP,player_points,OVER,,Kahleah Copper,PTS,draftkings,DraftKings,19.5,-126,True,the-odds-api,2026-07-11T19:52:05.039224+00:00,4,"betrivers,draftkings,fanduel,williamhill_us"
2026-07-11,dbbae9c1944a4874fe492f9fe23d8f62,Phoenix Mercury @ Las Vegas Aces,2026-07-11T22:00:00Z,PROP,player_points,UNDER,,Kahleah Copper,PTS,fanduel,FanDuel,20.5,-125,True,the-odds-api,2026-07-11T19:52:05.039224+00:00,3,"draftkings,fanduel,williamhill_us"
2026-07-11,dbbae9c1944a4874fe492f9fe23d8f62,Phoenix Mercury @ Las Vegas Aces,2026-07-11T22:00:00Z,PROP,player_rebounds,OVER,,Kahleah Copper,REB,williamhill_us,Caesars,3.5,-128,False,the-odds-api,2026-07-11T19:52:05.039224+00:00,5,"betonlineag,betrivers,draftkings,fanduel,williamhill_us"
2026-07-11,dbbae9c1944a4874fe492f9fe23d8f62,Phoenix Mercury @ Las Vegas Aces,2026-07-11T22:00:00Z,PROP,player_rebounds,UNDER,,Kahleah Copper,REB,fanduel,FanDuel,3.5,108,True,the-odds-api,2026-07-11T19:52:05.039224+00:00,4,"betonlineag,draftkings,fanduel,williamhill_us"
2026-07-11,dbbae9c1944a4874fe492f9fe23d8f62,Phoenix Mercury @ Las Vegas Aces,2026-07-11T22:00:00Z,PROP,player_double_double,YES,,NaLyssa Smith,DD,fanduel,FanDuel,0.5,700,True,the-odds-api,2026-07-11T19:52:05.039224+00:00,3,"draftkings,fanduel,williamhill_us"
2026-07-11,dbbae9c1944a4874fe492f9fe23d8f62,Phoenix Mercury @ Las Vegas Aces,2026-07-11T22:00:00Z,PROP,player_points_rebounds,OVER,,NaLyssa Smith,PR,draftkings,DraftKings,18.5,-104,True,the-odds-api,2026-07-11T19:52:05.039224+00:00,1,draftkings
2026-07-11,dbbae9c1944a4874fe492f9fe23d8f62,Phoenix Mercury @ Las Vegas Aces,2026-07-11T22:00:00Z,PROP,player_points_rebounds,UNDER,,NaLyssa Smith,PR,draftkings,DraftKings,18.5,-130,True,the-odds-api,2026-07-11T19:52:05.039224+00:00,1,draftkings
2026-07-11,dbbae9c1944a4874fe492f9fe23d8f62,Phoenix Mercury @ Las Vegas Aces,2026-07-11T22:00:00Z,PROP,player_points,OVER,,NaLyssa Smith,PTS,betrivers,BetRivers,10.5,-124,False,the-odds-api,2026-07-11T19:52:05.039224+00:00,5,"betonlineag,betrivers,draftkings,fanduel,williamhill_us"
2026-07-11,dbbae9c1944a4874fe492f9fe23d8f62,Phoenix Mercury @ Las Vegas Aces,2026-07-11T22:00:00Z,PROP,player_points,UNDER,,NaLyssa Smith,PTS,williamhill_us,Caesars,11.5,-111,False,the-odds-api,2026-07-11T19:52:05.039224+00:00,4,"betonlineag,draftkings,fanduel,williamhill_us"
2026-07-11,dbbae9c1944a4874fe492f9fe23d8f62,Phoenix Mercury @ Las Vegas Aces,2026-07-11T22:00:00Z,PROP,player_rebounds,OVER,,NaLyssa Smith,REB,betrivers,BetRivers,5.5,-130,False,the-odds-api,2026-07-11T19:52:05.039224+00:00,5,"betonlineag,betrivers,draftkings,fanduel,williamhill_us"
2026-07-11,dbbae9c1944a4874fe492f9fe23d8f62,Phoenix Mercury @ Las Vegas Aces,2026-07-11T22:00:00Z,PROP,player_rebounds,UNDER,,NaLyssa Smith,REB,williamhill_us,Caesars,6.5,-145,False,the-odds-api,2026-07-11T19:52:05.039224+00:00,4,"betonlineag,draftkings,fanduel,williamhill_us"
2026-07-11,dbbae9c1944a4874fe492f9fe23d8f62,Phoenix Mercury @ Las Vegas Aces,2026-07-11T22:00:00Z,PROP,player_threes,OVER,,Valeriane Ayayi,3PM,betonlineag,BetOnline.ag,1.5,167,False,the-odds-api,2026-07-11T19:52:05.039224+00:00,5,"betonlineag,betrivers,draftkings,fanduel,williamhill_us"
2026-07-11,dbbae9c1944a4874fe492f9fe23d8f62,Phoenix Mercury @ Las Vegas Aces,2026-07-11T22:00:00Z,PROP,player_threes,UNDER,,Valeriane Ayayi,3PM,draftkings,DraftKings,1.5,-214,True,the-odds-api,2026-07-11T19:52:05.039224+00:00,4,"betonlineag,draftkings,fanduel,williamhill_us"
2026-07-11,dbbae9c1944a4874fe492f9fe23d8f62,Phoenix Mercury @ Las Vegas Aces,2026-07-11T22:00:00Z,PROP,player_assists,OVER,,Valeriane Ayayi,AST,betonlineag,BetOnline.ag,1.5,-200,False,the-odds-api,2026-07-11T19:52:05.039224+00:00,1,betonlineag
2026-07-11,dbbae9c1944a4874fe492f9fe23d8f62,Phoenix Mercury @ Las Vegas Aces,2026-07-11T22:00:00Z,PROP,player_assists,UNDER,,Valeriane Ayayi,AST,betonlineag,BetOnline.ag,1.5,152,False,the-odds-api,2026-07-11T19:52:05.039224+00:00,1,betonlineag
2026-07-11,dbbae9c1944a4874fe492f9fe23d8f62,Phoenix Mercury @ Las Vegas Aces,2026-07-11T22:00:00Z,PROP,player_double_double,YES,,Valeriane Ayayi,DD,draftkings,DraftKings,0.5,1820,True,the-odds-api,2026-07-11T19:52:05.039224+00:00,1,draftkings
2026-07-11,dbbae9c1944a4874fe492f9fe23d8f62,Phoenix Mercury @ Las Vegas Aces,2026-07-11T22:00:00Z,PROP,player_points_rebounds,OVER,,Valeriane Ayayi,PR,fanduel,FanDuel,14.5,-112,True,the-odds-api,2026-07-11T19:52:05.039224+00:00,2,"draftkings,fanduel"
2026-07-11,dbbae9c1944a4874fe492f9fe23d8f62,Phoenix Mercury @ Las Vegas Aces,2026-07-11T22:00:00Z,PROP,player_points_rebounds,UNDER,,Valeriane Ayayi,PR,draftkings,DraftKings,14.5,-106,True,the-odds-api,2026-07-11T19:52:05.039224+00:00,2,"draftkings,fanduel"
2026-07-11,dbbae9c1944a4874fe492f9fe23d8f62,Phoenix Mercury @ Las Vegas Aces,2026-07-11T22:00:00Z,PROP,player_points_rebounds_assists,OVER,,Valeriane Ayayi,PRA,fanduel,FanDuel,16.5,-118,True,the-odds-api,2026-07-11T19:52:05.039224+00:00,2,"betonlineag,fanduel"
2026-07-11,dbbae9c1944a4874fe492f9fe23d8f62,Phoenix Mercury @ Las Vegas Aces,2026-07-11T22:00:00Z,PROP,player_points_rebounds_assists,UNDER,,Valeriane Ayayi,PRA,betonlineag,BetOnline.ag,16.5,-106,False,the-odds-api,2026-07-11T19:52:05.039224+00:00,2,"betonlineag,fanduel"
2026-07-11,dbbae9c1944a4874fe492f9fe23d8f62,Phoenix Mercury @ Las Vegas Aces,2026-07-11T22:00:00Z,PROP,player_points,OVER,,Valeriane Ayayi,PTS,fanduel,FanDuel,9.5,-130,True,the-odds-api,2026-07-11T19:52:05.039224+00:00,5,"betonlineag,betrivers,draftkings,fanduel,williamhill_us"
2026-07-11,dbbae9c1944a4874fe492f9fe23d8f62,Phoenix Mercury @ Las Vegas Aces,2026-07-11T22:00:00Z,PROP,player_points,UNDER,,Valeriane Ayayi,PTS,draftkings,DraftKings,10.5,-122,True,the-odds-api,2026-07-11T19:52:05.039224+00:00,4,"betonlineag,draftkings,fanduel,williamhill_us"
2026-07-11,dbbae9c1944a4874fe492f9fe23d8f62,Phoenix Mercury @ Las Vegas Aces,2026-07-11T22:00:00Z,PROP,player_rebounds,OVER,,Valeriane Ayayi,REB,betrivers,BetRivers,4.5,102,False,the-odds-api,2026-07-11T19:52:05.039224+00:00,5,"betonlineag,betrivers,draftkings,fanduel,williamhill_us"
2026-07-11,dbbae9c1944a4874fe492f9fe23d8f62,Phoenix Mercury @ Las Vegas Aces,2026-07-11T22:00:00Z,PROP,player_rebounds,UNDER,,Valeriane Ayayi,REB,betonlineag,BetOnline.ag,4.5,-116,False,the-odds-api,2026-07-11T19:52:05.039224+00:00,4,"betonlineag,draftkings,fanduel,williamhill_us"
2026-07-11,9f2c4d943190edd1073d4cd6760fcf8c,Portland Fire @ Atlanta Dream,2026-07-11T20:00:00Z,PROP,player_threes,OVER,,Allisha Gray,3PM,betonlineag,BetOnline.ag,1.5,-149,False,the-odds-api,2026-07-11T19:52:03.880321+00:00,5,"betonlineag,betrivers,draftkings,fanduel,williamhill_us"
2026-07-11,9f2c4d943190edd1073d4cd6760fcf8c,Portland Fire @ Atlanta Dream,2026-07-11T20:00:00Z,PROP,player_threes,UNDER,,Allisha Gray,3PM,williamhill_us,Caesars,1.5,116,False,the-odds-api,2026-07-11T19:52:03.880321+00:00,4,"betonlineag,draftkings,fanduel,williamhill_us"
2026-07-11,9f2c4d943190edd1073d4cd6760fcf8c,Portland Fire @ Atlanta Dream,2026-07-11T20:00:00Z,PROP,player_assists,OVER,,Allisha Gray,AST,betonlineag,BetOnline.ag,2.5,112,False,the-odds-api,2026-07-11T19:52:03.880321+00:00,3,"betonlineag,betrivers,draftkings"
2026-07-11,9f2c4d943190edd1073d4cd6760fcf8c,Portland Fire @ Atlanta Dream,2026-07-11T20:00:00Z,PROP,player_assists,UNDER,,Allisha Gray,AST,betonlineag,BetOnline.ag,2.5,-145,False,the-odds-api,2026-07-11T19:52:03.880321+00:00,2,"betonlineag,draftkings"
2026-07-11,9f2c4d943190edd1073d4cd6760fcf8c,Portland Fire @ Atlanta Dream,2026-07-11T20:00:00Z,PROP,player_double_double,YES,,Allisha Gray,DD,draftkings,DraftKings,0.5,2800,True,the-odds-api,2026-07-11T19:52:03.880321+00:00,2,"draftkings,fanduel"
2026-07-11,9f2c4d943190edd1073d4cd6760fcf8c,Portland Fire @ Atlanta Dream,2026-07-11T20:00:00Z,PROP,player_points_assists,OVER,,Allisha Gray,PA,fanduel,FanDuel,21.5,-114,True,the-odds-api,2026-07-11T19:52:03.880321+00:00,2,"draftkings,fanduel"
2026-07-11,9f2c4d943190edd1073d4cd6760fcf8c,Portland Fire @ Atlanta Dream,2026-07-11T20:00:00Z,PROP,player_points_assists,UNDER,,Allisha Gray,PA,fanduel,FanDuel,21.5,-114,True,the-odds-api,2026-07-11T19:52:03.880321+00:00,2,"draftkings,fanduel"
2026-07-11,9f2c4d943190edd1073d4cd6760fcf8c,Portland Fire @ Atlanta Dream,2026-07-11T20:00:00Z,PROP,player_points_rebounds,OVER,,Allisha Gray,PR,draftkings,DraftKings,22.5,-126,True,the-odds-api,2026-07-11T19:52:03.880321+00:00,2,"draftkings,fanduel"
2026-07-11,9f2c4d943190edd1073d4cd6760fcf8c,Portland Fire @ Atlanta Dream,2026-07-11T20:00:00Z,PROP,player_points_rebounds,UNDER,,Allisha Gray,PR,fanduel,FanDuel,22.5,-102,True,the-odds-api,2026-07-11T19:52:03.880321+00:00,2,"draftkings,fanduel"
2026-07-11,9f2c4d943190edd1073d4cd6760fcf8c,Portland Fire @ Atlanta Dream,2026-07-11T20:00:00Z,PROP,player_points_rebounds_assists,OVER,,Allisha Gray,PRA,betonlineag,BetOnline.ag,25.5,-110,False,the-odds-api,2026-07-11T19:52:03.880321+00:00,4,"betonlineag,betrivers,draftkings,fanduel"
2026-07-11,9f2c4d943190edd1073d4cd6760fcf8c,Portland Fire @ Atlanta Dream,2026-07-11T20:00:00Z,PROP,player_points_rebounds_assists,UNDER,,Allisha Gray,PRA,fanduel,FanDuel,25.5,-118,True,the-odds-api,2026-07-11T19:52:03.880321+00:00,3,"betonlineag,draftkings,fanduel"
2026-07-11,9f2c4d943190edd1073d4cd6760fcf8c,Portland Fire @ Atlanta Dream,2026-07-11T20:00:00Z,PROP,player_points,OVER,,Allisha Gray,PTS,fanduel,FanDuel,19.5,100,True,the-odds-api,2026-07-11T19:52:03.880321+00:00,5,"betonlineag,betrivers,draftkings,fanduel,williamhill_us"
2026-07-11,9f2c4d943190edd1073d4cd6760fcf8c,Portland Fire @ Atlanta Dream,2026-07-11T20:00:00Z,PROP,player_points,UNDER,,Allisha Gray,PTS,williamhill_us,Caesars,19.5,-121,False,the-odds-api,2026-07-11T19:52:03.880321+00:00,4,"betonlineag,draftkings,fanduel,williamhill_us"
2026-07-11,9f2c4d943190edd1073d4cd6760fcf8c,Portland Fire @ Atlanta Dream,2026-07-11T20:00:00Z,PROP,player_rebounds,OVER,,Allisha Gray,REB,betrivers,BetRivers,3.5,-103,False,the-odds-api,2026-07-11T19:52:03.880321+00:00,5,"betonlineag,betrivers,draftkings,fanduel,williamhill_us"
2026-07-11,9f2c4d943190edd1073d4cd6760fcf8c,Portland Fire @ Atlanta Dream,2026-07-11T20:00:00Z,PROP,player_rebounds,UNDER,,Allisha Gray,REB,betonlineag,BetOnline.ag,3.5,-103,False,the-odds-api,2026-07-11T19:52:03.880321+00:00,4,"betonlineag,draftkings,fanduel,williamhill_us"
2026-07-11,9f2c4d943190edd1073d4cd6760fcf8c,Portland Fire @ Atlanta Dream,2026-07-11T20:00:00Z,PROP,player_threes,OVER,,Bridget Carleton,3PM,betonlineag,BetOnline.ag,2.5,124,False,the-odds-api,2026-07-11T19:52:03.880321+00:00,5,"betonlineag,betrivers,draftkings,fanduel,williamhill_us"
2026-07-11,9f2c4d943190edd1073d4cd6760fcf8c,Portland Fire @ Atlanta Dream,2026-07-11T20:00:00Z,PROP,player_threes,UNDER,,Bridget Carleton,3PM,fanduel,FanDuel,2.5,-154,True,the-odds-api,2026-07-11T19:52:03.880321+00:00,4,"betonlineag,draftkings,fanduel,williamhill_us"
2026-07-11,9f2c4d943190edd1073d4cd6760fcf8c,Portland Fire @ Atlanta Dream,2026-07-11T20:00:00Z,PROP,player_assists,OVER,,Bridget Carleton,AST,betonlineag,BetOnline.ag,2.5,141,False,the-odds-api,2026-07-11T19:52:03.880321+00:00,2,"betonlineag,betrivers"
2026-07-11,9f2c4d943190edd1073d4cd6760fcf8c,Portland Fire @ Atlanta Dream,2026-07-11T20:00:00Z,PROP,player_assists,UNDER,,Bridget Carleton,AST,betonlineag,BetOnline.ag,2.5,-185,False,the-odds-api,2026-07-11T19:52:03.880321+00:00,1,betonlineag
2026-07-11,9f2c4d943190edd1073d4cd6760fcf8c,Portland Fire @ Atlanta Dream,2026-07-11T20:00:00Z,PROP,player_points_assists,OVER,,Bridget Carleton,PA,draftkings,DraftKings,16.5,-117,True,the-odds-api,2026-07-11T19:52:03.880321+00:00,1,draftkings
2026-07-11,9f2c4d943190edd1073d4cd6760fcf8c,Portland Fire @ Atlanta Dream,2026-07-11T20:00:00Z,PROP,player_points_assists,UNDER,,Bridget Carleton,PA,draftkings,DraftKings,16.5,-116,True,the-odds-api,2026-07-11T19:52:03.880321+00:00,1,draftkings
2026-07-11,9f2c4d943190edd1073d4cd6760fcf8c,Portland Fire @ Atlanta Dream,2026-07-11T20:00:00Z,PROP,player_points_rebounds,OVER,,Bridget Carleton,PR,fanduel,FanDuel,17.5,-106,True,the-odds-api,2026-07-11T19:52:03.880321+00:00,2,"draftkings,fanduel"
2026-07-11,9f2c4d943190edd1073d4cd6760fcf8c,Portland Fire @ Atlanta Dream,2026-07-11T20:00:00Z,PROP,player_points_rebounds,UNDER,,Bridget Carleton,PR,draftkings,DraftKings,18.5,-128,True,the-odds-api,2026-07-11T19:52:03.880321+00:00,2,"draftkings,fanduel"
2026-07-11,9f2c4d943190edd1073d4cd6760fcf8c,Portland Fire @ Atlanta Dream,2026-07-11T20:00:00Z,PROP,player_points_rebounds_assists,OVER,,Bridget Carleton,PRA,fanduel,FanDuel,19.5,-122,True,the-odds-api,2026-07-11T19:52:03.880321+00:00,4,"betonlineag,betrivers,draftkings,fanduel"
2026-07-11,9f2c4d943190edd1073d4cd6760fcf8c,Portland Fire @ Atlanta Dream,2026-07-11T20:00:00Z,PROP,player_points_rebounds_assists,UNDER,,Bridget Carleton,PRA,draftkings,DraftKings,20.5,-112,True,the-odds-api,2026-07-11T19:52:03.880321+00:00,3,"betonlineag,draftkings,fanduel"
2026-07-11,9f2c4d943190edd1073d4cd6760fcf8c,Portland Fire @ Atlanta Dream,2026-07-11T20:00:00Z,PROP,player_points,OVER,,Bridget Carleton,PTS,betonlineag,BetOnline.ag,13.5,100,False,the-odds-api,2026-07-11T19:52:03.880321+00:00,5,"betonlineag,betrivers,draftkings,fanduel,williamhill_us"
2026-07-11,9f2c4d943190edd1073d4cd6760fcf8c,Portland Fire @ Atlanta Dream,2026-07-11T20:00:00Z,PROP,player_points,UNDER,,Bridget Carleton,PTS,draftkings,DraftKings,13.5,-104,True,the-odds-api,2026-07-11T19:52:03.880321+00:00,4,"betonlineag,draftkings,fanduel,williamhill_us"
2026-07-11,9f2c4d943190edd1073d4cd6760fcf8c,Portland Fire @ Atlanta Dream,2026-07-11T20:00:00Z,PROP,player_rebounds_assists,OVER,,Bridget Carleton,RA,draftkings,DraftKings,6.5,-111,True,the-odds-api,2026-07-11T19:52:03.880321+00:00,1,draftkings
2026-07-11,9f2c4d943190edd1073d4cd6760fcf8c,Portland Fire @ Atlanta Dream,2026-07-11T20:00:00Z,PROP,player_rebounds_assists,UNDER,,Bridget Carleton,RA,draftkings,DraftKings,6.5,-122,True,the-odds-api,2026-07-11T19:52:03.880321+00:00,1,draftkings
2026-07-11,9f2c4d943190edd1073d4cd6760fcf8c,Portland Fire @ Atlanta Dream,2026-07-11T20:00:00Z,PROP,player_rebounds,OVER,,Bridget Carleton,REB,williamhill_us,Caesars,3.5,-150,False,the-odds-api,2026-07-11T19:52:03.880321+00:00,5,"betonlineag,betrivers,draftkings,fanduel,williamhill_us"
2026-07-11,9f2c4d943190edd1073d4cd6760fcf8c,Portland Fire @ Atlanta Dream,2026-07-11T20:00:00Z,PROP,player_rebounds,UNDER,,Bridget Carleton,REB,fanduel,FanDuel,3.5,118,True,the-odds-api,2026-07-11T19:52:03.880321+00:00,4,"betonlineag,draftkings,fanduel,williamhill_us"
2026-07-11,9f2c4d943190edd1073d4cd6760fcf8c,Portland Fire @ Atlanta Dream,2026-07-11T20:00:00Z,PROP,player_assists,OVER,,Carla Leite,AST,williamhill_us,Caesars,5.5,110,False,the-odds-api,2026-07-11T19:52:03.880321+00:00,5,"betonlineag,betrivers,draftkings,fanduel,williamhill_us"
2026-07-11,9f2c4d943190edd1073d4cd6760fcf8c,Portland Fire @ Atlanta Dream,2026-07-11T20:00:00Z,PROP,player_assists,UNDER,,Carla Leite,AST,betonlineag,BetOnline.ag,5.5,-127,False,the-odds-api,2026-07-11T19:52:03.880321+00:00,4,"betonlineag,draftkings,fanduel,williamhill_us"
2026-07-11,9f2c4d943190edd1073d4cd6760fcf8c,Portland Fire @ Atlanta Dream,2026-07-11T20:00:00Z,PROP,player_double_double,YES,,Carla Leite,DD,fanatics,Fanatics,0.5,1200,True,the-odds-api,2026-07-11T19:52:03.880321+00:00,4,"draftkings,fanatics,fanduel,williamhill_us"
2026-07-11,9f2c4d943190edd1073d4cd6760fcf8c,Portland Fire @ Atlanta Dream,2026-07-11T20:00:00Z,PROP,player_points_assists,OVER,,Carla Leite,PA,fanduel,FanDuel,20.5,-112,True,the-odds-api,2026-07-11T19:52:03.880321+00:00,2,"draftkings,fanduel"
2026-07-11,9f2c4d943190edd1073d4cd6760fcf8c,Portland Fire @ Atlanta Dream,2026-07-11T20:00:00Z,PROP,player_points_assists,UNDER,,Carla Leite,PA,fanduel,FanDuel,20.5,-118,True,the-odds-api,2026-07-11T19:52:03.880321+00:00,2,"draftkings,fanduel"
2026-07-11,9f2c4d943190edd1073d4cd6760fcf8c,Portland Fire @ Atlanta Dream,2026-07-11T20:00:00Z,PROP,player_points_rebounds,OVER,,Carla Leite,PR,draftkings,DraftKings,17.5,-116,True,the-odds-api,2026-07-11T19:52:03.880321+00:00,1,draftkings
2026-07-11,9f2c4d943190edd1073d4cd6760fcf8c,Portland Fire @ Atlanta Dream,2026-07-11T20:00:00Z,PROP,player_points_rebounds,UNDER,,Carla Leite,PR,draftkings,DraftKings,17.5,-117,True,the-odds-api,2026-07-11T19:52:03.880321+00:00,1,draftkings
2026-07-11,9f2c4d943190edd1073d4cd6760fcf8c,Portland Fire @ Atlanta Dream,2026-07-11T20:00:00Z,PROP,player_points_rebounds_assists,OVER,,Carla Leite,PRA,fanduel,FanDuel,22.5,-130,True,the-odds-api,2026-07-11T19:52:03.880321+00:00,4,"betonlineag,betrivers,draftkings,fanduel"
2026-07-11,9f2c4d943190edd1073d4cd6760fcf8c,Portland Fire @ Atlanta Dream,2026-07-11T20:00:00Z,PROP,player_points_rebounds_assists,UNDER,,Carla Leite,PRA,draftkings,DraftKings,23.5,-126,True,the-odds-api,2026-07-11T19:52:03.880321+00:00,3,"betonlineag,draftkings,fanduel"
2026-07-11,9f2c4d943190edd1073d4cd6760fcf8c,Portland Fire @ Atlanta Dream,2026-07-11T20:00:00Z,PROP,player_points,OVER,,Carla Leite,PTS,fanduel,FanDuel,14.5,-125,True,the-odds-api,2026-07-11T19:52:03.880321+00:00,5,"betonlineag,betrivers,draftkings,fanduel,williamhill_us"
2026-07-11,9f2c4d943190edd1073d4cd6760fcf8c,Portland Fire @ Atlanta Dream,2026-07-11T20:00:00Z,PROP,player_points,UNDER,,Carla Leite,PTS,betonlineag,BetOnline.ag,14.5,-103,False,the-odds-api,2026-07-11T19:52:03.880321+00:00,4,"betonlineag,draftkings,fanduel,williamhill_us"
2026-07-11,9f2c4d943190edd1073d4cd6760fcf8c,Portland Fire @ Atlanta Dream,2026-07-11T20:00:00Z,PROP,player_rebounds_assists,OVER,,Carla Leite,RA,fanduel,FanDuel,7.5,-136,True,the-odds-api,2026-07-11T19:52:03.880321+00:00,2,"draftkings,fanduel"
2026-07-11,9f2c4d943190edd1073d4cd6760fcf8c,Portland Fire @ Atlanta Dream,2026-07-11T20:00:00Z,PROP,player_rebounds_assists,UNDER,,Carla Leite,RA,draftkings,DraftKings,7.5,107,True,the-odds-api,2026-07-11T19:52:03.880321+00:00,2,"draftkings,fanduel"
2026-07-11,9f2c4d943190edd1073d4cd6760fcf8c,Portland Fire @ Atlanta Dream,2026-07-11T20:00:00Z,PROP,player_rebounds,OVER,,Carla Leite,REB,betonlineag,BetOnline.ag,2.5,-108,False,the-odds-api,2026-07-11T19:52:03.880321+00:00,3,"betonlineag,betrivers,draftkings"
2026-07-11,9f2c4d943190edd1073d4cd6760fcf8c,Portland Fire @ Atlanta Dream,2026-07-11T20:00:00Z,PROP,player_rebounds,UNDER,,Carla Leite,REB,draftkings,DraftKings,2.5,-115,True,the-odds-api,2026-07-11T19:52:03.880321+00:00,2,"betonlineag,draftkings"
2026-07-11,9f2c4d943190edd1073d4cd6760fcf8c,Portland Fire @ Atlanta Dream,2026-07-11T20:00:00Z,PROP,player_threes,OVER,,Emily Engstler,3PM,betonlineag,BetOnline.ag,1.5,190,False,the-odds-api,2026-07-11T19:52:03.880321+00:00,1,betonlineag
2026-07-11,9f2c4d943190edd1073d4cd6760fcf8c,Portland Fire @ Atlanta Dream,2026-07-11T20:00:00Z,PROP,player_threes,UNDER,,Emily Engstler,3PM,betonlineag,BetOnline.ag,1.5,-256,False,the-odds-api,2026-07-11T19:52:03.880321+00:00,1,betonlineag
2026-07-11,9f2c4d943190edd1073d4cd6760fcf8c,Portland Fire @ Atlanta Dream,2026-07-11T20:00:00Z,PROP,player_double_double,YES,,Emily Engstler,DD,williamhill_us,Caesars,0.5,1300,False,the-odds-api,2026-07-11T19:52:03.880321+00:00,3,"draftkings,fanduel,williamhill_us"
2026-07-11,9f2c4d943190edd1073d4cd6760fcf8c,Portland Fire @ Atlanta Dream,2026-07-11T20:00:00Z,PROP,player_points_rebounds,OVER,,Emily Engstler,PR,fanduel,FanDuel,14.5,-110,True,the-odds-api,2026-07-11T19:52:03.880321+00:00,2,"draftkings,fanduel"
2026-07-11,9f2c4d943190edd1073d4cd6760fcf8c,Portland Fire @ Atlanta Dream,2026-07-11T20:00:00Z,PROP,player_points_rebounds,UNDER,,Emily Engstler,PR,draftkings,DraftKings,14.5,-116,True,the-odds-api,2026-07-11T19:52:03.880321+00:00,2,"draftkings,fanduel"
2026-07-11,9f2c4d943190edd1073d4cd6760fcf8c,Portland Fire @ Atlanta Dream,2026-07-11T20:00:00Z,PROP,player_points_rebounds_assists,OVER,,Emily Engstler,PRA,betonlineag,BetOnline.ag,16.5,-110,False,the-odds-api,2026-07-11T19:52:03.880321+00:00,2,"betonlineag,fanduel"
2026-07-11,9f2c4d943190edd1073d4cd6760fcf8c,Portland Fire @ Atlanta Dream,2026-07-11T20:00:00Z,PROP,player_points_rebounds_assists,UNDER,,Emily Engstler,PRA,fanduel,FanDuel,16.5,-114,True,the-odds-api,2026-07-11T19:52:03.880321+00:00,2,"betonlineag,fanduel"
2026-07-11,9f2c4d943190edd1073d4cd6760fcf8c,Portland Fire @ Atlanta Dream,2026-07-11T20:00:00Z,PROP,player_points,OVER,,Emily Engstler,PTS,betonlineag,BetOnline.ag,8.5,-112,False,the-odds-api,2026-07-11T19:52:03.880321+00:00,5,"betonlineag,betrivers,draftkings,fanduel,williamhill_us"
2026-07-11,9f2c4d943190edd1073d4cd6760fcf8c,Portland Fire @ Atlanta Dream,2026-07-11T20:00:00Z,PROP,player_points,UNDER,,Emily Engstler,PTS,fanduel,FanDuel,8.5,-113,True,the-odds-api,2026-07-11T19:52:03.880321+00:00,4,"betonlineag,draftkings,fanduel,williamhill_us"
2026-07-11,9f2c4d943190edd1073d4cd6760fcf8c,Portland Fire @ Atlanta Dream,2026-07-11T20:00:00Z,PROP,player_rebounds,OVER,,Emily Engstler,REB,betrivers,BetRivers,5.5,-114,False,the-odds-api,2026-07-11T19:52:03.880321+00:00,5,"betonlineag,betrivers,draftkings,fanduel,williamhill_us"
2026-07-11,9f2c4d943190edd1073d4cd6760fcf8c,Portland Fire @ Atlanta Dream,2026-07-11T20:00:00Z,PROP,player_rebounds,UNDER,,Emily Engstler,REB,draftkings,DraftKings,5.5,-102,True,the-odds-api,2026-07-11T19:52:03.880321+00:00,4,"betonlineag,draftkings,fanduel,williamhill_us"
2026-07-11,9f2c4d943190edd1073d4cd6760fcf8c,Portland Fire @ Atlanta Dream,2026-07-11T20:00:00Z,PROP,player_assists,OVER,,Jordin Canada,AST,betonlineag,BetOnline.ag,7.5,-119,False,the-odds-api,2026-07-11T19:52:03.880321+00:00,5,"betonlineag,betrivers,draftkings,fanduel,williamhill_us"
2026-07-11,9f2c4d943190edd1073d4cd6760fcf8c,Portland Fire @ Atlanta Dream,2026-07-11T20:00:00Z,PROP,player_assists,UNDER,,Jordin Canada,AST,fanduel,FanDuel,7.5,-102,True,the-odds-api,2026-07-11T19:52:03.880321+00:00,4,"betonlineag,draftkings,fanduel,williamhill_us"
2026-07-11,9f2c4d943190edd1073d4cd6760fcf8c,Portland Fire @ Atlanta Dream,2026-07-11T20:00:00Z,PROP,player_double_double,YES,,Jordin Canada,DD,fanduel,FanDuel,0.5,410,True,the-odds-api,2026-07-11T19:52:03.880321+00:00,4,"draftkings,fanatics,fanduel,williamhill_us"
2026-07-11,9f2c4d943190edd1073d4cd6760fcf8c,Portland Fire @ Atlanta Dream,2026-07-11T20:00:00Z,PROP,player_points_assists,OVER,,Jordin Canada,PA,fanduel,FanDuel,18.5,-128,True,the-odds-api,2026-07-11T19:52:03.880321+00:00,2,"draftkings,fanduel"
2026-07-11,9f2c4d943190edd1073d4cd6760fcf8c,Portland Fire @ Atlanta Dream,2026-07-11T20:00:00Z,PROP,player_points_assists,UNDER,,Jordin Canada,PA,fanduel,FanDuel,18.5,-104,True,the-odds-api,2026-07-11T19:52:03.880321+00:00,2,"draftkings,fanduel"
2026-07-11,9f2c4d943190edd1073d4cd6760fcf8c,Portland Fire @ Atlanta Dream,2026-07-11T20:00:00Z,PROP,player_points_rebounds,OVER,,Jordin Canada,PR,fanduel,FanDuel,14.5,-130,True,the-odds-api,2026-07-11T19:52:03.880321+00:00,2,"draftkings,fanduel"
2026-07-11,9f2c4d943190edd1073d4cd6760fcf8c,Portland Fire @ Atlanta Dream,2026-07-11T20:00:00Z,PROP,player_points_rebounds,UNDER,,Jordin Canada,PR,draftkings,DraftKings,15.5,-124,True,the-odds-api,2026-07-11T19:52:03.880321+00:00,2,"draftkings,fanduel"
2026-07-11,9f2c4d943190edd1073d4cd6760fcf8c,Portland Fire @ Atlanta Dream,2026-07-11T20:00:00Z,PROP,player_points_rebounds_assists,OVER,,Jordin Canada,PRA,betonlineag,BetOnline.ag,22.5,-114,False,the-odds-api,2026-07-11T19:52:03.880321+00:00,4,"betonlineag,betrivers,draftkings,fanduel"
2026-07-11,9f2c4d943190edd1073d4cd6760fcf8c,Portland Fire @ Atlanta Dream,2026-07-11T20:00:00Z,PROP,player_points_rebounds_assists,UNDER,,Jordin Canada,PRA,draftkings,DraftKings,23.5,-125,True,the-odds-api,2026-07-11T19:52:03.880321+00:00,3,"betonlineag,draftkings,fanduel"
2026-07-11,9f2c4d943190edd1073d4cd6760fcf8c,Portland Fire @ Atlanta Dream,2026-07-11T20:00:00Z,PROP,player_points,OVER,,Jordin Canada,PTS,betonlineag,BetOnline.ag,10.5,-123,False,the-odds-api,2026-07-11T19:52:03.880321+00:00,5,"betonlineag,betrivers,draftkings,fanduel,williamhill_us"
2026-07-11,9f2c4d943190edd1073d4cd6760fcf8c,Portland Fire @ Atlanta Dream,2026-07-11T20:00:00Z,PROP,player_points,UNDER,,Jordin Canada,PTS,fanduel,FanDuel,10.5,-102,True,the-odds-api,2026-07-11T19:52:03.880321+00:00,4,"betonlineag,draftkings,fanduel,williamhill_us"
2026-07-11,9f2c4d943190edd1073d4cd6760fcf8c,Portland Fire @ Atlanta Dream,2026-07-11T20:00:00Z,PROP,player_rebounds_assists,OVER,,Jordin Canada,RA,fanduel,FanDuel,11.5,-125,True,the-odds-api,2026-07-11T19:52:03.880321+00:00,2,"draftkings,fanduel"
2026-07-11,9f2c4d943190edd1073d4cd6760fcf8c,Portland Fire @ Atlanta Dream,2026-07-11T20:00:00Z,PROP,player_rebounds_assists,UNDER,,Jordin Canada,RA,draftkings,DraftKings,11.5,103,True,the-odds-api,2026-07-11T19:52:03.880321+00:00,2,"draftkings,fanduel"
2026-07-11,9f2c4d943190edd1073d4cd6760fcf8c,Portland Fire @ Atlanta Dream,2026-07-11T20:00:00Z,PROP,player_rebounds,OVER,,Jordin Canada,REB,betonlineag,BetOnline.ag,3.5,-139,False,the-odds-api,2026-07-11T19:52:03.880321+00:00,5,"betonlineag,betrivers,draftkings,fanduel,williamhill_us"
2026-07-11,9f2c4d943190edd1073d4cd6760fcf8c,Portland Fire @ Atlanta Dream,2026-07-11T20:00:00Z,PROP,player_rebounds,UNDER,,Jordin Canada,REB,fanduel,FanDuel,3.5,114,True,the-odds-api,2026-07-11T19:52:03.880321+00:00,4,"betonlineag,draftkings,fanduel,williamhill_us"
2026-07-11,9f2c4d943190edd1073d4cd6760fcf8c,Portland Fire @ Atlanta Dream,2026-07-11T20:00:00Z,PROP,player_double_double,YES,,Madina Okot,DD,fanduel,FanDuel,0.5,800,True,the-odds-api,2026-07-11T19:52:03.880321+00:00,1,fanduel
2026-07-11,9f2c4d943190edd1073d4cd6760fcf8c,Portland Fire @ Atlanta Dream,2026-07-11T20:00:00Z,PROP,player_points_rebounds,OVER,,Madina Okot,PR,fanduel,FanDuel,17.5,-125,True,the-odds-api,2026-07-11T19:52:03.880321+00:00,1,fanduel
2026-07-11,9f2c4d943190edd1073d4cd6760fcf8c,Portland Fire @ Atlanta Dream,2026-07-11T20:00:00Z,PROP,player_points_rebounds,UNDER,,Madina Okot,PR,fanduel,FanDuel,17.5,-106,True,the-odds-api,2026-07-11T19:52:03.880321+00:00,1,fanduel
2026-07-11,9f2c4d943190edd1073d4cd6760fcf8c,Portland Fire @ Atlanta Dream,2026-07-11T20:00:00Z,PROP,player_points,OVER,,Madina Okot,PTS,fanduel,FanDuel,11.5,-120,True,the-odds-api,2026-07-11T19:52:03.880321+00:00,1,fanduel
2026-07-11,9f2c4d943190edd1073d4cd6760fcf8c,Portland Fire @ Atlanta Dream,2026-07-11T20:00:00Z,PROP,player_points,UNDER,,Madina Okot,PTS,fanduel,FanDuel,11.5,-108,True,the-odds-api,2026-07-11T19:52:03.880321+00:00,1,fanduel
2026-07-11,9f2c4d943190edd1073d4cd6760fcf8c,Portland Fire @ Atlanta Dream,2026-07-11T20:00:00Z,PROP,player_rebounds,OVER,,Madina Okot,REB,fanduel,FanDuel,5.5,-148,True,the-odds-api,2026-07-11T19:52:03.880321+00:00,1,fanduel
2026-07-11,9f2c4d943190edd1073d4cd6760fcf8c,Portland Fire @ Atlanta Dream,2026-07-11T20:00:00Z,PROP,player_rebounds,UNDER,,Madina Okot,REB,fanduel,FanDuel,5.5,112,True,the-odds-api,2026-07-11T19:52:03.880321+00:00,1,fanduel
2026-07-11,9f2c4d943190edd1073d4cd6760fcf8c,Portland Fire @ Atlanta Dream,2026-07-11T20:00:00Z,PROP,player_threes,OVER,,Megan Gustafson,3PM,draftkings,DraftKings,1.5,124,True,the-odds-api,2026-07-11T19:52:03.880321+00:00,5,"betonlineag,betrivers,draftkings,fanduel,williamhill_us"
2026-07-11,9f2c4d943190edd1073d4cd6760fcf8c,Portland Fire @ Atlanta Dream,2026-07-11T20:00:00Z,PROP,player_threes,UNDER,,Megan Gustafson,3PM,fanduel,FanDuel,1.5,-132,True,the-odds-api,2026-07-11T19:52:03.880321+00:00,4,"betonlineag,draftkings,fanduel,williamhill_us"
2026-07-11,9f2c4d943190edd1073d4cd6760fcf8c,Portland Fire @ Atlanta Dream,2026-07-11T20:00:00Z,PROP,player_points_rebounds,OVER,,Megan Gustafson,PR,fanduel,FanDuel,16.5,-122,True,the-odds-api,2026-07-11T19:52:03.880321+00:00,2,"draftkings,fanduel"
2026-07-11,9f2c4d943190edd1073d4cd6760fcf8c,Portland Fire @ Atlanta Dream,2026-07-11T20:00:00Z,PROP,player_points_rebounds,UNDER,,Megan Gustafson,PR,fanduel,FanDuel,16.5,-108,True,the-odds-api,2026-07-11T19:52:03.880321+00:00,2,"draftkings,fanduel"
2026-07-11,9f2c4d943190edd1073d4cd6760fcf8c,Portland Fire @ Atlanta Dream,2026-07-11T20:00:00Z,PROP,player_points_rebounds_assists,OVER,,Megan Gustafson,PRA,betonlineag,BetOnline.ag,19.5,110,False,the-odds-api,2026-07-11T19:52:03.880321+00:00,1,betonlineag
2026-07-11,9f2c4d943190edd1073d4cd6760fcf8c,Portland Fire @ Atlanta Dream,2026-07-11T20:00:00Z,PROP,player_points_rebounds_assists,UNDER,,Megan Gustafson,PRA,betonlineag,BetOnline.ag,19.5,-143,False,the-odds-api,2026-07-11T19:52:03.880321+00:00,1,betonlineag
2026-07-11,9f2c4d943190edd1073d4cd6760fcf8c,Portland Fire @ Atlanta Dream,2026-07-11T20:00:00Z,PROP,player_points,OVER,,Megan Gustafson,PTS,williamhill_us,Caesars,12.5,-102,False,the-odds-api,2026-07-11T19:52:03.880321+00:00,5,"betonlineag,betrivers,draftkings,fanduel,williamhill_us"
2026-07-11,9f2c4d943190edd1073d4cd6760fcf8c,Portland Fire @ Atlanta Dream,2026-07-11T20:00:00Z,PROP,player_points,UNDER,,Megan Gustafson,PTS,fanduel,FanDuel,12.5,-122,True,the-odds-api,2026-07-11T19:52:03.880321+00:00,4,"betonlineag,draftkings,fanduel,williamhill_us"
2026-07-11,9f2c4d943190edd1073d4cd6760fcf8c,Portland Fire @ Atlanta Dream,2026-07-11T20:00:00Z,PROP,player_rebounds,OVER,,Megan Gustafson,REB,betonlineag,BetOnline.ag,4.5,110,False,the-odds-api,2026-07-11T19:52:03.880321+00:00,5,"betonlineag,betrivers,draftkings,fanduel,williamhill_us"
2026-07-11,9f2c4d943190edd1073d4cd6760fcf8c,Portland Fire @ Atlanta Dream,2026-07-11T20:00:00Z,PROP,player_rebounds,UNDER,,Megan Gustafson,REB,fanduel,FanDuel,4.5,-138,True,the-odds-api,2026-07-11T19:52:03.880321+00:00,4,"betonlineag,draftkings,fanduel,williamhill_us"
2026-07-11,9f2c4d943190edd1073d4cd6760fcf8c,Portland Fire @ Atlanta Dream,2026-07-11T20:00:00Z,PROP,player_threes,OVER,,Naz Hillmon,3PM,draftkings,DraftKings,1.5,143,True,the-odds-api,2026-07-11T19:52:03.880321+00:00,5,"betonlineag,betrivers,draftkings,fanduel,williamhill_us"
2026-07-11,9f2c4d943190edd1073d4cd6760fcf8c,Portland Fire @ Atlanta Dream,2026-07-11T20:00:00Z,PROP,player_threes,UNDER,,Naz Hillmon,3PM,fanduel,FanDuel,1.5,-174,True,the-odds-api,2026-07-11T19:52:03.880321+00:00,4,"betonlineag,draftkings,fanduel,williamhill_us"
2026-07-11,9f2c4d943190edd1073d4cd6760fcf8c,Portland Fire @ Atlanta Dream,2026-07-11T20:00:00Z,PROP,player_double_double,YES,,Naz Hillmon,DD,draftkings,DraftKings,0.5,1040,True,the-odds-api,2026-07-11T19:52:03.880321+00:00,3,"draftkings,fanduel,williamhill_us"
2026-07-11,9f2c4d943190edd1073d4cd6760fcf8c,Portland Fire @ Atlanta Dream,2026-07-11T20:00:00Z,PROP,player_points_rebounds,OVER,,Naz Hillmon,PR,draftkings,DraftKings,15.5,-127,True,the-odds-api,2026-07-11T19:52:03.880321+00:00,2,"draftkings,fanduel"
2026-07-11,9f2c4d943190edd1073d4cd6760fcf8c,Portland Fire @ Atlanta Dream,2026-07-11T20:00:00Z,PROP,player_points_rebounds,UNDER,,Naz Hillmon,PR,fanduel,FanDuel,16.5,-122,True,the-odds-api,2026-07-11T19:52:03.880321+00:00,2,"draftkings,fanduel"
2026-07-11,9f2c4d943190edd1073d4cd6760fcf8c,Portland Fire @ Atlanta Dream,2026-07-11T20:00:00Z,PROP,player_points_rebounds_assists,OVER,,Naz Hillmon,PRA,betonlineag,BetOnline.ag,15.5,105,False,the-odds-api,2026-07-11T19:52:03.880321+00:00,2,"betonlineag,fanduel"
2026-07-11,9f2c4d943190edd1073d4cd6760fcf8c,Portland Fire @ Atlanta Dream,2026-07-11T20:00:00Z,PROP,player_points_rebounds_assists,UNDER,,Naz Hillmon,PRA,fanduel,FanDuel,17.5,-118,True,the-odds-api,2026-07-11T19:52:03.880321+00:00,2,"betonlineag,fanduel"
2026-07-11,9f2c4d943190edd1073d4cd6760fcf8c,Portland Fire @ Atlanta Dream,2026-07-11T20:00:00Z,PROP,player_points,OVER,,Naz Hillmon,PTS,betrivers,BetRivers,9.5,-105,False,the-odds-api,2026-07-11T19:52:03.880321+00:00,5,"betonlineag,betrivers,draftkings,fanduel,williamhill_us"
2026-07-11,9f2c4d943190edd1073d4cd6760fcf8c,Portland Fire @ Atlanta Dream,2026-07-11T20:00:00Z,PROP,player_points,UNDER,,Naz Hillmon,PTS,williamhill_us,Caesars,10.5,-110,False,the-odds-api,2026-07-11T19:52:03.880321+00:00,4,"betonlineag,draftkings,fanduel,williamhill_us"
2026-07-11,9f2c4d943190edd1073d4cd6760fcf8c,Portland Fire @ Atlanta Dream,2026-07-11T20:00:00Z,PROP,player_rebounds,OVER,,Naz Hillmon,REB,fanduel,FanDuel,5.5,-130,True,the-odds-api,2026-07-11T19:52:03.880321+00:00,5,"betonlineag,betrivers,draftkings,fanduel,williamhill_us"
2026-07-11,9f2c4d943190edd1073d4cd6760fcf8c,Portland Fire @ Atlanta Dream,2026-07-11T20:00:00Z,PROP,player_rebounds,UNDER,,Naz Hillmon,REB,betonlineag,BetOnline.ag,5.5,110,False,the-odds-api,2026-07-11T19:52:03.880321+00:00,4,"betonlineag,draftkings,fanduel,williamhill_us"
2026-07-11,9f2c4d943190edd1073d4cd6760fcf8c,Portland Fire @ Atlanta Dream,2026-07-11T20:00:00Z,PROP,player_threes,OVER,,Rhyne Howard,3PM,draftkings,DraftKings,3.5,118,True,the-odds-api,2026-07-11T19:52:03.880321+00:00,5,"betonlineag,betrivers,draftkings,fanduel,williamhill_us"
2026-07-11,9f2c4d943190edd1073d4cd6760fcf8c,Portland Fire @ Atlanta Dream,2026-07-11T20:00:00Z,PROP,player_threes,UNDER,,Rhyne Howard,3PM,williamhill_us,Caesars,3.5,-143,False,the-odds-api,2026-07-11T19:52:03.880321+00:00,4,"betonlineag,draftkings,fanduel,williamhill_us"
2026-07-11,9f2c4d943190edd1073d4cd6760fcf8c,Portland Fire @ Atlanta Dream,2026-07-11T20:00:00Z,PROP,player_assists,OVER,,Rhyne Howard,AST,betrivers,BetRivers,2.5,-175,False,the-odds-api,2026-07-11T19:52:03.880321+00:00,4,"betonlineag,betrivers,draftkings,williamhill_us"
2026-07-11,9f2c4d943190edd1073d4cd6760fcf8c,Portland Fire @ Atlanta Dream,2026-07-11T20:00:00Z,PROP,player_assists,UNDER,,Rhyne Howard,AST,draftkings,DraftKings,3.5,-136,True,the-odds-api,2026-07-11T19:52:03.880321+00:00,3,"betonlineag,draftkings,williamhill_us"
2026-07-11,9f2c4d943190edd1073d4cd6760fcf8c,Portland Fire @ Atlanta Dream,2026-07-11T20:00:00Z,PROP,player_double_double,YES,,Rhyne Howard,DD,fanatics,Fanatics,0.5,2800,True,the-odds-api,2026-07-11T19:52:03.880321+00:00,3,"draftkings,fanatics,williamhill_us"
2026-07-11,9f2c4d943190edd1073d4cd6760fcf8c,Portland Fire @ Atlanta Dream,2026-07-11T20:00:00Z,PROP,player_points_assists,OVER,,Rhyne Howard,PA,fanduel,FanDuel,22.5,-108,True,the-odds-api,2026-07-11T19:52:03.880321+00:00,2,"draftkings,fanduel"
2026-07-11,9f2c4d943190edd1073d4cd6760fcf8c,Portland Fire @ Atlanta Dream,2026-07-11T20:00:00Z,PROP,player_points_assists,UNDER,,Rhyne Howard,PA,draftkings,DraftKings,22.5,-109,True,the-odds-api,2026-07-11T19:52:03.880321+00:00,2,"draftkings,fanduel"
2026-07-11,9f2c4d943190edd1073d4cd6760fcf8c,Portland Fire @ Atlanta Dream,2026-07-11T20:00:00Z,PROP,player_points_rebounds,OVER,,Rhyne Howard,PR,fanduel,FanDuel,23.5,-110,True,the-odds-api,2026-07-11T19:52:03.880321+00:00,2,"draftkings,fanduel"
2026-07-11,9f2c4d943190edd1073d4cd6760fcf8c,Portland Fire @ Atlanta Dream,2026-07-11T20:00:00Z,PROP,player_points_rebounds,UNDER,,Rhyne Howard,PR,draftkings,DraftKings,23.5,-112,True,the-odds-api,2026-07-11T19:52:03.880321+00:00,2,"draftkings,fanduel"
2026-07-11,9f2c4d943190edd1073d4cd6760fcf8c,Portland Fire @ Atlanta Dream,2026-07-11T20:00:00Z,PROP,player_points_rebounds_assists,OVER,,Rhyne Howard,PRA,betonlineag,BetOnline.ag,26.5,-112,False,the-odds-api,2026-07-11T19:52:03.880321+00:00,4,"betonlineag,betrivers,draftkings,fanduel"
2026-07-11,9f2c4d943190edd1073d4cd6760fcf8c,Portland Fire @ Atlanta Dream,2026-07-11T20:00:00Z,PROP,player_points_rebounds_assists,UNDER,,Rhyne Howard,PRA,draftkings,DraftKings,27.5,-117,True,the-odds-api,2026-07-11T19:52:03.880321+00:00,3,"betonlineag,draftkings,fanduel"
2026-07-11,9f2c4d943190edd1073d4cd6760fcf8c,Portland Fire @ Atlanta Dream,2026-07-11T20:00:00Z,PROP,player_points,OVER,,Rhyne Howard,PTS,betonlineag,BetOnline.ag,18.5,-116,False,the-odds-api,2026-07-11T19:52:03.880321+00:00,5,"betonlineag,betrivers,draftkings,fanduel,williamhill_us"
2026-07-11,9f2c4d943190edd1073d4cd6760fcf8c,Portland Fire @ Atlanta Dream,2026-07-11T20:00:00Z,PROP,player_points,UNDER,,Rhyne Howard,PTS,draftkings,DraftKings,19.5,-122,True,the-odds-api,2026-07-11T19:52:03.880321+00:00,4,"betonlineag,draftkings,fanduel,williamhill_us"
2026-07-11,9f2c4d943190edd1073d4cd6760fcf8c,Portland Fire @ Atlanta Dream,2026-07-11T20:00:00Z,PROP,player_rebounds_assists,OVER,,Rhyne Howard,RA,draftkings,DraftKings,7.5,-124,True,the-odds-api,2026-07-11T19:52:03.880321+00:00,1,draftkings
2026-07-11,9f2c4d943190edd1073d4cd6760fcf8c,Portland Fire @ Atlanta Dream,2026-07-11T20:00:00Z,PROP,player_rebounds_assists,UNDER,,Rhyne Howard,RA,draftkings,DraftKings,7.5,-109,True,the-odds-api,2026-07-11T19:52:03.880321+00:00,1,draftkings
2026-07-11,9f2c4d943190edd1073d4cd6760fcf8c,Portland Fire @ Atlanta Dream,2026-07-11T20:00:00Z,PROP,player_rebounds,OVER,,Rhyne Howard,REB,betonlineag,BetOnline.ag,4.5,118,False,the-odds-api,2026-07-11T19:52:03.880321+00:00,5,"betonlineag,betrivers,draftkings,fanduel,williamhill_us"
2026-07-11,9f2c4d943190edd1073d4cd6760fcf8c,Portland Fire @ Atlanta Dream,2026-07-11T20:00:00Z,PROP,player_rebounds,UNDER,,Rhyne Howard,REB,williamhill_us,Caesars,4.5,-145,False,the-odds-api,2026-07-11T19:52:03.880321+00:00,4,"betonlineag,draftkings,fanduel,williamhill_us"
2026-07-11,9f2c4d943190edd1073d4cd6760fcf8c,Portland Fire @ Atlanta Dream,2026-07-11T20:00:00Z,PROP,player_triple_double,YES,,Rhyne Howard,TD,draftkings,DraftKings,0.5,6200,True,the-odds-api,2026-07-11T19:52:03.880321+00:00,1,draftkings
2026-07-11,15504ed1a378321542911fbfb7a49591,Chicago Sky @ Dallas Wings,2026-07-12T23:00:00Z,SPREAD,spreads,Chicago Sky,Chicago Sky,,,lowvig,LowVig.ag,9.5,-108,False,the-odds-api,2026-07-11T19:52:03.675953+00:00,7,"betonlineag,bovada,draftkings,fanatics,fanduel,lowvig,williamhill_us"
2026-07-11,15504ed1a378321542911fbfb7a49591,Chicago Sky @ Dallas Wings,2026-07-12T23:00:00Z,SPREAD,spreads,Dallas Wings,Dallas Wings,,,lowvig,LowVig.ag,-9.5,-108,False,the-odds-api,2026-07-11T19:52:03.675953+00:00,7,"betonlineag,bovada,draftkings,fanatics,fanduel,lowvig,williamhill_us"
2026-07-11,dbbae9c1944a4874fe492f9fe23d8f62,Phoenix Mercury @ Las Vegas Aces,2026-07-11T22:00:00Z,SPREAD,spreads,Las Vegas Aces,Las Vegas Aces,,,lowvig,LowVig.ag,-8.0,-103,False,the-odds-api,2026-07-11T19:52:03.675953+00:00,11,"betmgm,betonlineag,betrivers,betus,bovada,draftkings,fanatics,fanduel,lowvig,mybookieag,williamhill_us"
2026-07-11,dbbae9c1944a4874fe492f9fe23d8f62,Phoenix Mercury @ Las Vegas Aces,2026-07-11T22:00:00Z,SPREAD,spreads,Phoenix Mercury,Phoenix Mercury,,,draftkings,DraftKings,8.5,-108,True,the-odds-api,2026-07-11T19:52:03.675953+00:00,11,"betmgm,betonlineag,betrivers,betus,bovada,draftkings,fanatics,fanduel,lowvig,mybookieag,williamhill_us"
2026-07-11,9f2c4d943190edd1073d4cd6760fcf8c,Portland Fire @ Atlanta Dream,2026-07-11T20:00:00Z,SPREAD,spreads,Atlanta Dream,Atlanta Dream,,,lowvig,LowVig.ag,-12.5,-108,False,the-odds-api,2026-07-11T19:52:03.675953+00:00,11,"betmgm,betonlineag,betrivers,betus,bovada,draftkings,fanatics,fanduel,lowvig,mybookieag,williamhill_us"
2026-07-11,9f2c4d943190edd1073d4cd6760fcf8c,Portland Fire @ Atlanta Dream,2026-07-11T20:00:00Z,SPREAD,spreads,Portland Fire,Portland Fire,,,fanatics,Fanatics,12.5,-105,True,the-odds-api,2026-07-11T19:52:03.675953+00:00,11,"betmgm,betonlineag,betrivers,betus,bovada,draftkings,fanatics,fanduel,lowvig,mybookieag,williamhill_us"
2026-07-11,a82c548dd13bf0b9134cd20a43ac88de,Seattle Storm @ Washington Mystics,2026-07-12T19:00:00Z,SPREAD,spreads,Seattle Storm,Seattle Storm,,,lowvig,LowVig.ag,3.5,-108,False,the-odds-api,2026-07-11T19:52:03.675953+00:00,7,"betonlineag,bovada,draftkings,fanatics,fanduel,lowvig,williamhill_us"
2026-07-11,a82c548dd13bf0b9134cd20a43ac88de,Seattle Storm @ Washington Mystics,2026-07-12T19:00:00Z,SPREAD,spreads,Washington Mystics,Washington Mystics,,,lowvig,LowVig.ag,-3.5,-108,False,the-odds-api,2026-07-11T19:52:03.675953+00:00,7,"betonlineag,bovada,draftkings,fanatics,fanduel,lowvig,williamhill_us"
2026-07-11,15504ed1a378321542911fbfb7a49591,Chicago Sky @ Dallas Wings,2026-07-12T23:00:00Z,TOTAL,totals,OVER,,,,fanduel,FanDuel,176.5,-110,True,the-odds-api,2026-07-11T19:52:03.675953+00:00,7,"betonlineag,bovada,draftkings,fanatics,fanduel,lowvig,williamhill_us"
2026-07-11,15504ed1a378321542911fbfb7a49591,Chicago Sky @ Dallas Wings,2026-07-12T23:00:00Z,TOTAL,totals,UNDER,,,,lowvig,LowVig.ag,177.5,-108,False,the-odds-api,2026-07-11T19:52:03.675953+00:00,7,"betonlineag,bovada,draftkings,fanatics,fanduel,lowvig,williamhill_us"
2026-07-11,dbbae9c1944a4874fe492f9fe23d8f62,Phoenix Mercury @ Las Vegas Aces,2026-07-11T22:00:00Z,TOTAL,totals,OVER,,,,bovada,Bovada,168.5,-110,False,the-odds-api,2026-07-11T19:52:03.675953+00:00,11,"betmgm,betonlineag,betrivers,betus,bovada,draftkings,fanatics,fanduel,lowvig,mybookieag,williamhill_us"
2026-07-11,dbbae9c1944a4874fe492f9fe23d8f62,Phoenix Mercury @ Las Vegas Aces,2026-07-11T22:00:00Z,TOTAL,totals,UNDER,,,,fanduel,FanDuel,169.5,-110,True,the-odds-api,2026-07-11T19:52:03.675953+00:00,11,"betmgm,betonlineag,betrivers,betus,bovada,draftkings,fanatics,fanduel,lowvig,mybookieag,williamhill_us"
2026-07-11,9f2c4d943190edd1073d4cd6760fcf8c,Portland Fire @ Atlanta Dream,2026-07-11T20:00:00Z,TOTAL,totals,OVER,,,,betus,BetUS,173.0,-110,False,the-odds-api,2026-07-11T19:52:03.675953+00:00,11,"betmgm,betonlineag,betrivers,betus,bovada,draftkings,fanatics,fanduel,lowvig,mybookieag,williamhill_us"
2026-07-11,9f2c4d943190edd1073d4cd6760fcf8c,Portland Fire @ Atlanta Dream,2026-07-11T20:00:00Z,TOTAL,totals,UNDER,,,,fanduel,FanDuel,174.5,-110,True,the-odds-api,2026-07-11T19:52:03.675953+00:00,11,"betmgm,betonlineag,betrivers,betus,bovada,draftkings,fanatics,fanduel,lowvig,mybookieag,williamhill_us"
2026-07-11,a82c548dd13bf0b9134cd20a43ac88de,Seattle Storm @ Washington Mystics,2026-07-12T19:00:00Z,TOTAL,totals,OVER,,,,lowvig,LowVig.ag,159.5,-103,False,the-odds-api,2026-07-11T19:52:03.675953+00:00,7,"betonlineag,bovada,draftkings,fanatics,fanduel,lowvig,williamhill_us"
2026-07-11,a82c548dd13bf0b9134cd20a43ac88de,Seattle Storm @ Washington Mystics,2026-07-12T19:00:00Z,TOTAL,totals,UNDER,,,,draftkings,DraftKings,160.5,-110,True,the-odds-api,2026-07-11T19:52:03.675953+00:00,7,"betonlineag,bovada,draftkings,fanatics,fanduel,lowvig,williamhill_us"
