game_date,event_id,game,commence_time,market_type,market_key,side,team,player,stat,book_key,book_title,line,odds,is_preferred_book,source,scraped_at
2026-07-23,e4dc370d08264200533bf3816f82c622,Connecticut Sun @ Washington Mystics,2026-07-28T23:30:00Z,MONEYLINE,h2h,Connecticut Sun,Connecticut Sun,,,fanduel,FanDuel,,184,True,the-odds-api,2026-07-23T15:26:30.997621+00:00
2026-07-23,e4dc370d08264200533bf3816f82c622,Connecticut Sun @ Washington Mystics,2026-07-28T23:30:00Z,MONEYLINE,h2h,Washington Mystics,Washington Mystics,,,fanduel,FanDuel,,-230,True,the-odds-api,2026-07-23T15:26:30.997621+00:00
2026-07-23,e4dc370d08264200533bf3816f82c622,Connecticut Sun @ Washington Mystics,2026-07-28T23:30:00Z,SPREAD,spreads,Connecticut Sun,Connecticut Sun,,,fanduel,FanDuel,6.5,-114,True,the-odds-api,2026-07-23T15:26:30.997621+00:00
2026-07-23,e4dc370d08264200533bf3816f82c622,Connecticut Sun @ Washington Mystics,2026-07-28T23:30:00Z,SPREAD,spreads,Washington Mystics,Washington Mystics,,,fanduel,FanDuel,-6.5,-106,True,the-odds-api,2026-07-23T15:26:30.997621+00:00
2026-07-23,e4dc370d08264200533bf3816f82c622,Connecticut Sun @ Washington Mystics,2026-07-28T23:30:00Z,TOTAL,totals,OVER,,,,fanduel,FanDuel,157.5,-110,True,the-odds-api,2026-07-23T15:26:30.997621+00:00
2026-07-23,e4dc370d08264200533bf3816f82c622,Connecticut Sun @ Washington Mystics,2026-07-28T23:30:00Z,TOTAL,totals,UNDER,,,,fanduel,FanDuel,157.5,-110,True,the-odds-api,2026-07-23T15:26:30.997621+00:00
2026-07-23,e4dc370d08264200533bf3816f82c622,Connecticut Sun @ Washington Mystics,2026-07-28T23:30:00Z,MONEYLINE,h2h,Connecticut Sun,Connecticut Sun,,,draftkings,DraftKings,,160,True,the-odds-api,2026-07-23T15:26:30.997621+00:00
2026-07-23,e4dc370d08264200533bf3816f82c622,Connecticut Sun @ Washington Mystics,2026-07-28T23:30:00Z,MONEYLINE,h2h,Washington Mystics,Washington Mystics,,,draftkings,DraftKings,,-196,True,the-odds-api,2026-07-23T15:26:30.997621+00:00
2026-07-23,e4dc370d08264200533bf3816f82c622,Connecticut Sun @ Washington Mystics,2026-07-28T23:30:00Z,SPREAD,spreads,Connecticut Sun,Connecticut Sun,,,draftkings,DraftKings,5.5,-108,True,the-odds-api,2026-07-23T15:26:30.997621+00:00
2026-07-23,e4dc370d08264200533bf3816f82c622,Connecticut Sun @ Washington Mystics,2026-07-28T23:30:00Z,SPREAD,spreads,Washington Mystics,Washington Mystics,,,draftkings,DraftKings,-5.5,-112,True,the-odds-api,2026-07-23T15:26:30.997621+00:00
2026-07-23,e4dc370d08264200533bf3816f82c622,Connecticut Sun @ Washington Mystics,2026-07-28T23:30:00Z,TOTAL,totals,OVER,,,,draftkings,DraftKings,157.5,-108,True,the-odds-api,2026-07-23T15:26:30.997621+00:00
2026-07-23,e4dc370d08264200533bf3816f82c622,Connecticut Sun @ Washington Mystics,2026-07-28T23:30:00Z,TOTAL,totals,UNDER,,,,draftkings,DraftKings,157.5,-112,True,the-odds-api,2026-07-23T15:26:30.997621+00:00
2026-07-23,e4dc370d08264200533bf3816f82c622,Connecticut Sun @ Washington Mystics,2026-07-28T23:30:00Z,MONEYLINE,h2h,Connecticut Sun,Connecticut Sun,,,williamhill_us,Caesars,,162,False,the-odds-api,2026-07-23T15:26:30.997621+00:00
2026-07-23,e4dc370d08264200533bf3816f82c622,Connecticut Sun @ Washington Mystics,2026-07-28T23:30:00Z,MONEYLINE,h2h,Washington Mystics,Washington Mystics,,,williamhill_us,Caesars,,-195,False,the-odds-api,2026-07-23T15:26:30.997621+00:00
2026-07-23,e4dc370d08264200533bf3816f82c622,Connecticut Sun @ Washington Mystics,2026-07-28T23:30:00Z,SPREAD,spreads,Connecticut Sun,Connecticut Sun,,,williamhill_us,Caesars,5.5,-110,False,the-odds-api,2026-07-23T15:26:30.997621+00:00
2026-07-23,e4dc370d08264200533bf3816f82c622,Connecticut Sun @ Washington Mystics,2026-07-28T23:30:00Z,SPREAD,spreads,Washington Mystics,Washington Mystics,,,williamhill_us,Caesars,-5.5,-110,False,the-odds-api,2026-07-23T15:26:30.997621+00:00
2026-07-23,e4dc370d08264200533bf3816f82c622,Connecticut Sun @ Washington Mystics,2026-07-28T23:30:00Z,TOTAL,totals,OVER,,,,williamhill_us,Caesars,157.5,-110,False,the-odds-api,2026-07-23T15:26:30.997621+00:00
2026-07-23,e4dc370d08264200533bf3816f82c622,Connecticut Sun @ Washington Mystics,2026-07-28T23:30:00Z,TOTAL,totals,UNDER,,,,williamhill_us,Caesars,157.5,-110,False,the-odds-api,2026-07-23T15:26:30.997621+00:00
2026-07-23,e4dc370d08264200533bf3816f82c622,Connecticut Sun @ Washington Mystics,2026-07-28T23:30:00Z,SPREAD,spreads,Connecticut Sun,Connecticut Sun,,,lowvig,LowVig.ag,5.5,-103,False,the-odds-api,2026-07-23T15:26:30.997621+00:00
2026-07-23,e4dc370d08264200533bf3816f82c622,Connecticut Sun @ Washington Mystics,2026-07-28T23:30:00Z,SPREAD,spreads,Washington Mystics,Washington Mystics,,,lowvig,LowVig.ag,-5.5,-113,False,the-odds-api,2026-07-23T15:26:30.997621+00:00
2026-07-23,e4dc370d08264200533bf3816f82c622,Connecticut Sun @ Washington Mystics,2026-07-28T23:30:00Z,TOTAL,totals,OVER,,,,lowvig,LowVig.ag,157.5,-108,False,the-odds-api,2026-07-23T15:26:30.997621+00:00
2026-07-23,e4dc370d08264200533bf3816f82c622,Connecticut Sun @ Washington Mystics,2026-07-28T23:30:00Z,TOTAL,totals,UNDER,,,,lowvig,LowVig.ag,157.5,-108,False,the-odds-api,2026-07-23T15:26:30.997621+00:00
2026-07-23,e4dc370d08264200533bf3816f82c622,Connecticut Sun @ Washington Mystics,2026-07-28T23:30:00Z,SPREAD,spreads,Connecticut Sun,Connecticut Sun,,,betonlineag,BetOnline.ag,5.5,-105,False,the-odds-api,2026-07-23T15:26:30.997621+00:00
2026-07-23,e4dc370d08264200533bf3816f82c622,Connecticut Sun @ Washington Mystics,2026-07-28T23:30:00Z,SPREAD,spreads,Washington Mystics,Washington Mystics,,,betonlineag,BetOnline.ag,-5.5,-115,False,the-odds-api,2026-07-23T15:26:30.997621+00:00
2026-07-23,e4dc370d08264200533bf3816f82c622,Connecticut Sun @ Washington Mystics,2026-07-28T23:30:00Z,TOTAL,totals,OVER,,,,betonlineag,BetOnline.ag,157.5,-110,False,the-odds-api,2026-07-23T15:26:30.997621+00:00
2026-07-23,e4dc370d08264200533bf3816f82c622,Connecticut Sun @ Washington Mystics,2026-07-28T23:30:00Z,TOTAL,totals,UNDER,,,,betonlineag,BetOnline.ag,157.5,-110,False,the-odds-api,2026-07-23T15:26:30.997621+00:00
2026-07-23,e4dc370d08264200533bf3816f82c622,Connecticut Sun @ Washington Mystics,2026-07-28T23:30:00Z,MONEYLINE,h2h,Connecticut Sun,Connecticut Sun,,,betrivers,BetRivers,,180,False,the-odds-api,2026-07-23T15:26:30.997621+00:00
2026-07-23,e4dc370d08264200533bf3816f82c622,Connecticut Sun @ Washington Mystics,2026-07-28T23:30:00Z,MONEYLINE,h2h,Washington Mystics,Washington Mystics,,,betrivers,BetRivers,,-230,False,the-odds-api,2026-07-23T15:26:30.997621+00:00
2026-07-23,e4dc370d08264200533bf3816f82c622,Connecticut Sun @ Washington Mystics,2026-07-28T23:30:00Z,SPREAD,spreads,Connecticut Sun,Connecticut Sun,,,betrivers,BetRivers,5.5,-109,False,the-odds-api,2026-07-23T15:26:30.997621+00:00
2026-07-23,e4dc370d08264200533bf3816f82c622,Connecticut Sun @ Washington Mystics,2026-07-28T23:30:00Z,SPREAD,spreads,Washington Mystics,Washington Mystics,,,betrivers,BetRivers,-5.5,-113,False,the-odds-api,2026-07-23T15:26:30.997621+00:00
2026-07-23,e4dc370d08264200533bf3816f82c622,Connecticut Sun @ Washington Mystics,2026-07-28T23:30:00Z,TOTAL,totals,OVER,,,,betrivers,BetRivers,157.5,-113,False,the-odds-api,2026-07-23T15:26:30.997621+00:00
2026-07-23,e4dc370d08264200533bf3816f82c622,Connecticut Sun @ Washington Mystics,2026-07-28T23:30:00Z,TOTAL,totals,UNDER,,,,betrivers,BetRivers,157.5,-110,False,the-odds-api,2026-07-23T15:26:30.997621+00:00
2026-07-23,e4dc370d08264200533bf3816f82c622,Connecticut Sun @ Washington Mystics,2026-07-28T23:30:00Z,MONEYLINE,h2h,Connecticut Sun,Connecticut Sun,,,betmgm,BetMGM,,165,True,the-odds-api,2026-07-23T15:26:30.997621+00:00
2026-07-23,e4dc370d08264200533bf3816f82c622,Connecticut Sun @ Washington Mystics,2026-07-28T23:30:00Z,MONEYLINE,h2h,Washington Mystics,Washington Mystics,,,betmgm,BetMGM,,-200,True,the-odds-api,2026-07-23T15:26:30.997621+00:00
2026-07-23,e4dc370d08264200533bf3816f82c622,Connecticut Sun @ Washington Mystics,2026-07-28T23:30:00Z,SPREAD,spreads,Connecticut Sun,Connecticut Sun,,,betmgm,BetMGM,5.5,-110,True,the-odds-api,2026-07-23T15:26:30.997621+00:00
2026-07-23,e4dc370d08264200533bf3816f82c622,Connecticut Sun @ Washington Mystics,2026-07-28T23:30:00Z,SPREAD,spreads,Washington Mystics,Washington Mystics,,,betmgm,BetMGM,-5.5,-110,True,the-odds-api,2026-07-23T15:26:30.997621+00:00
2026-07-23,786c1161bd8d7bbab01efa2e850df8bb,Toronto Tempo @ Minnesota Lynx,2026-07-29T00:00:00Z,MONEYLINE,h2h,Minnesota Lynx,Minnesota Lynx,,,fanduel,FanDuel,,-1050,True,the-odds-api,2026-07-23T15:26:30.997621+00:00
2026-07-23,786c1161bd8d7bbab01efa2e850df8bb,Toronto Tempo @ Minnesota Lynx,2026-07-29T00:00:00Z,MONEYLINE,h2h,Toronto Tempo,Toronto Tempo,,,fanduel,FanDuel,,630,True,the-odds-api,2026-07-23T15:26:30.997621+00:00
2026-07-23,786c1161bd8d7bbab01efa2e850df8bb,Toronto Tempo @ Minnesota Lynx,2026-07-29T00:00:00Z,SPREAD,spreads,Minnesota Lynx,Minnesota Lynx,,,fanduel,FanDuel,-14.5,-106,True,the-odds-api,2026-07-23T15:26:30.997621+00:00
2026-07-23,786c1161bd8d7bbab01efa2e850df8bb,Toronto Tempo @ Minnesota Lynx,2026-07-29T00:00:00Z,SPREAD,spreads,Toronto Tempo,Toronto Tempo,,,fanduel,FanDuel,14.5,-114,True,the-odds-api,2026-07-23T15:26:30.997621+00:00
2026-07-23,786c1161bd8d7bbab01efa2e850df8bb,Toronto Tempo @ Minnesota Lynx,2026-07-29T00:00:00Z,TOTAL,totals,OVER,,,,fanduel,FanDuel,182.5,-106,True,the-odds-api,2026-07-23T15:26:30.997621+00:00
2026-07-23,786c1161bd8d7bbab01efa2e850df8bb,Toronto Tempo @ Minnesota Lynx,2026-07-29T00:00:00Z,TOTAL,totals,UNDER,,,,fanduel,FanDuel,182.5,-114,True,the-odds-api,2026-07-23T15:26:30.997621+00:00
2026-07-23,786c1161bd8d7bbab01efa2e850df8bb,Toronto Tempo @ Minnesota Lynx,2026-07-29T00:00:00Z,MONEYLINE,h2h,Minnesota Lynx,Minnesota Lynx,,,draftkings,DraftKings,,-1200,True,the-odds-api,2026-07-23T15:26:30.997621+00:00
2026-07-23,786c1161bd8d7bbab01efa2e850df8bb,Toronto Tempo @ Minnesota Lynx,2026-07-29T00:00:00Z,MONEYLINE,h2h,Toronto Tempo,Toronto Tempo,,,draftkings,DraftKings,,710,True,the-odds-api,2026-07-23T15:26:30.997621+00:00
2026-07-23,786c1161bd8d7bbab01efa2e850df8bb,Toronto Tempo @ Minnesota Lynx,2026-07-29T00:00:00Z,SPREAD,spreads,Minnesota Lynx,Minnesota Lynx,,,draftkings,DraftKings,-14.5,-110,True,the-odds-api,2026-07-23T15:26:30.997621+00:00
2026-07-23,786c1161bd8d7bbab01efa2e850df8bb,Toronto Tempo @ Minnesota Lynx,2026-07-29T00:00:00Z,SPREAD,spreads,Toronto Tempo,Toronto Tempo,,,draftkings,DraftKings,14.5,-110,True,the-odds-api,2026-07-23T15:26:30.997621+00:00
2026-07-23,786c1161bd8d7bbab01efa2e850df8bb,Toronto Tempo @ Minnesota Lynx,2026-07-29T00:00:00Z,TOTAL,totals,OVER,,,,draftkings,DraftKings,182.5,-113,True,the-odds-api,2026-07-23T15:26:30.997621+00:00
2026-07-23,786c1161bd8d7bbab01efa2e850df8bb,Toronto Tempo @ Minnesota Lynx,2026-07-29T00:00:00Z,TOTAL,totals,UNDER,,,,draftkings,DraftKings,182.5,-107,True,the-odds-api,2026-07-23T15:26:30.997621+00:00
2026-07-23,786c1161bd8d7bbab01efa2e850df8bb,Toronto Tempo @ Minnesota Lynx,2026-07-29T00:00:00Z,MONEYLINE,h2h,Minnesota Lynx,Minnesota Lynx,,,williamhill_us,Caesars,,-1100,False,the-odds-api,2026-07-23T15:26:30.997621+00:00
2026-07-23,786c1161bd8d7bbab01efa2e850df8bb,Toronto Tempo @ Minnesota Lynx,2026-07-29T00:00:00Z,MONEYLINE,h2h,Toronto Tempo,Toronto Tempo,,,williamhill_us,Caesars,,700,False,the-odds-api,2026-07-23T15:26:30.997621+00:00
2026-07-23,786c1161bd8d7bbab01efa2e850df8bb,Toronto Tempo @ Minnesota Lynx,2026-07-29T00:00:00Z,SPREAD,spreads,Minnesota Lynx,Minnesota Lynx,,,williamhill_us,Caesars,-14.5,-110,False,the-odds-api,2026-07-23T15:26:30.997621+00:00
2026-07-23,786c1161bd8d7bbab01efa2e850df8bb,Toronto Tempo @ Minnesota Lynx,2026-07-29T00:00:00Z,SPREAD,spreads,Toronto Tempo,Toronto Tempo,,,williamhill_us,Caesars,14.5,-110,False,the-odds-api,2026-07-23T15:26:30.997621+00:00
2026-07-23,786c1161bd8d7bbab01efa2e850df8bb,Toronto Tempo @ Minnesota Lynx,2026-07-29T00:00:00Z,TOTAL,totals,OVER,,,,williamhill_us,Caesars,182.5,-110,False,the-odds-api,2026-07-23T15:26:30.997621+00:00
2026-07-23,786c1161bd8d7bbab01efa2e850df8bb,Toronto Tempo @ Minnesota Lynx,2026-07-29T00:00:00Z,TOTAL,totals,UNDER,,,,williamhill_us,Caesars,182.5,-110,False,the-odds-api,2026-07-23T15:26:30.997621+00:00
2026-07-23,786c1161bd8d7bbab01efa2e850df8bb,Toronto Tempo @ Minnesota Lynx,2026-07-29T00:00:00Z,SPREAD,spreads,Minnesota Lynx,Minnesota Lynx,,,lowvig,LowVig.ag,-14.5,-108,False,the-odds-api,2026-07-23T15:26:30.997621+00:00
2026-07-23,786c1161bd8d7bbab01efa2e850df8bb,Toronto Tempo @ Minnesota Lynx,2026-07-29T00:00:00Z,SPREAD,spreads,Toronto Tempo,Toronto Tempo,,,lowvig,LowVig.ag,14.5,-108,False,the-odds-api,2026-07-23T15:26:30.997621+00:00
2026-07-23,786c1161bd8d7bbab01efa2e850df8bb,Toronto Tempo @ Minnesota Lynx,2026-07-29T00:00:00Z,TOTAL,totals,OVER,,,,lowvig,LowVig.ag,182.5,-108,False,the-odds-api,2026-07-23T15:26:30.997621+00:00
2026-07-23,786c1161bd8d7bbab01efa2e850df8bb,Toronto Tempo @ Minnesota Lynx,2026-07-29T00:00:00Z,TOTAL,totals,UNDER,,,,lowvig,LowVig.ag,182.5,-108,False,the-odds-api,2026-07-23T15:26:30.997621+00:00
2026-07-23,786c1161bd8d7bbab01efa2e850df8bb,Toronto Tempo @ Minnesota Lynx,2026-07-29T00:00:00Z,SPREAD,spreads,Minnesota Lynx,Minnesota Lynx,,,betonlineag,BetOnline.ag,-14.5,-110,False,the-odds-api,2026-07-23T15:26:30.997621+00:00
2026-07-23,786c1161bd8d7bbab01efa2e850df8bb,Toronto Tempo @ Minnesota Lynx,2026-07-29T00:00:00Z,SPREAD,spreads,Toronto Tempo,Toronto Tempo,,,betonlineag,BetOnline.ag,14.5,-110,False,the-odds-api,2026-07-23T15:26:30.997621+00:00
2026-07-23,786c1161bd8d7bbab01efa2e850df8bb,Toronto Tempo @ Minnesota Lynx,2026-07-29T00:00:00Z,TOTAL,totals,OVER,,,,betonlineag,BetOnline.ag,182.5,-110,False,the-odds-api,2026-07-23T15:26:30.997621+00:00
2026-07-23,786c1161bd8d7bbab01efa2e850df8bb,Toronto Tempo @ Minnesota Lynx,2026-07-29T00:00:00Z,TOTAL,totals,UNDER,,,,betonlineag,BetOnline.ag,182.5,-110,False,the-odds-api,2026-07-23T15:26:30.997621+00:00
2026-07-23,786c1161bd8d7bbab01efa2e850df8bb,Toronto Tempo @ Minnesota Lynx,2026-07-29T00:00:00Z,MONEYLINE,h2h,Minnesota Lynx,Minnesota Lynx,,,betrivers,BetRivers,,-1000,False,the-odds-api,2026-07-23T15:26:30.997621+00:00
2026-07-23,786c1161bd8d7bbab01efa2e850df8bb,Toronto Tempo @ Minnesota Lynx,2026-07-29T00:00:00Z,MONEYLINE,h2h,Toronto Tempo,Toronto Tempo,,,betrivers,BetRivers,,600,False,the-odds-api,2026-07-23T15:26:30.997621+00:00
2026-07-23,786c1161bd8d7bbab01efa2e850df8bb,Toronto Tempo @ Minnesota Lynx,2026-07-29T00:00:00Z,SPREAD,spreads,Minnesota Lynx,Minnesota Lynx,,,betrivers,BetRivers,-14.5,-114,False,the-odds-api,2026-07-23T15:26:30.997621+00:00
2026-07-23,786c1161bd8d7bbab01efa2e850df8bb,Toronto Tempo @ Minnesota Lynx,2026-07-29T00:00:00Z,SPREAD,spreads,Toronto Tempo,Toronto Tempo,,,betrivers,BetRivers,14.5,-109,False,the-odds-api,2026-07-23T15:26:30.997621+00:00
2026-07-23,786c1161bd8d7bbab01efa2e850df8bb,Toronto Tempo @ Minnesota Lynx,2026-07-29T00:00:00Z,TOTAL,totals,OVER,,,,betrivers,BetRivers,182.5,-113,False,the-odds-api,2026-07-23T15:26:30.997621+00:00
2026-07-23,786c1161bd8d7bbab01efa2e850df8bb,Toronto Tempo @ Minnesota Lynx,2026-07-29T00:00:00Z,TOTAL,totals,UNDER,,,,betrivers,BetRivers,182.5,-110,False,the-odds-api,2026-07-23T15:26:30.997621+00:00
2026-07-23,786c1161bd8d7bbab01efa2e850df8bb,Toronto Tempo @ Minnesota Lynx,2026-07-29T00:00:00Z,MONEYLINE,h2h,Minnesota Lynx,Minnesota Lynx,,,betmgm,BetMGM,,-1100,True,the-odds-api,2026-07-23T15:26:30.997621+00:00
2026-07-23,786c1161bd8d7bbab01efa2e850df8bb,Toronto Tempo @ Minnesota Lynx,2026-07-29T00:00:00Z,MONEYLINE,h2h,Toronto Tempo,Toronto Tempo,,,betmgm,BetMGM,,700,True,the-odds-api,2026-07-23T15:26:30.997621+00:00
2026-07-23,786c1161bd8d7bbab01efa2e850df8bb,Toronto Tempo @ Minnesota Lynx,2026-07-29T00:00:00Z,SPREAD,spreads,Minnesota Lynx,Minnesota Lynx,,,betmgm,BetMGM,-14.5,-110,True,the-odds-api,2026-07-23T15:26:30.997621+00:00
2026-07-23,786c1161bd8d7bbab01efa2e850df8bb,Toronto Tempo @ Minnesota Lynx,2026-07-29T00:00:00Z,SPREAD,spreads,Toronto Tempo,Toronto Tempo,,,betmgm,BetMGM,14.5,-110,True,the-odds-api,2026-07-23T15:26:30.997621+00:00
2026-07-23,786c1161bd8d7bbab01efa2e850df8bb,Toronto Tempo @ Minnesota Lynx,2026-07-29T00:00:00Z,TOTAL,totals,OVER,,,,betmgm,BetMGM,182.5,-110,True,the-odds-api,2026-07-23T15:26:30.997621+00:00
2026-07-23,786c1161bd8d7bbab01efa2e850df8bb,Toronto Tempo @ Minnesota Lynx,2026-07-29T00:00:00Z,TOTAL,totals,UNDER,,,,betmgm,BetMGM,182.5,-110,True,the-odds-api,2026-07-23T15:26:30.997621+00:00
2026-07-23,c2e520af9bd7e828a76959862d941068,Indiana Fever @ Seattle Storm,2026-07-29T01:30:00Z,MONEYLINE,h2h,Indiana Fever,Indiana Fever,,,fanduel,FanDuel,,-280,True,the-odds-api,2026-07-23T15:26:30.997621+00:00
2026-07-23,c2e520af9bd7e828a76959862d941068,Indiana Fever @ Seattle Storm,2026-07-29T01:30:00Z,MONEYLINE,h2h,Seattle Storm,Seattle Storm,,,fanduel,FanDuel,,220,True,the-odds-api,2026-07-23T15:26:30.997621+00:00
2026-07-23,c2e520af9bd7e828a76959862d941068,Indiana Fever @ Seattle Storm,2026-07-29T01:30:00Z,SPREAD,spreads,Indiana Fever,Indiana Fever,,,fanduel,FanDuel,-6.5,-114,True,the-odds-api,2026-07-23T15:26:30.997621+00:00
2026-07-23,c2e520af9bd7e828a76959862d941068,Indiana Fever @ Seattle Storm,2026-07-29T01:30:00Z,SPREAD,spreads,Seattle Storm,Seattle Storm,,,fanduel,FanDuel,6.5,-106,True,the-odds-api,2026-07-23T15:26:30.997621+00:00
2026-07-23,c2e520af9bd7e828a76959862d941068,Indiana Fever @ Seattle Storm,2026-07-29T01:30:00Z,TOTAL,totals,OVER,,,,fanduel,FanDuel,181.5,-110,True,the-odds-api,2026-07-23T15:26:30.997621+00:00
2026-07-23,c2e520af9bd7e828a76959862d941068,Indiana Fever @ Seattle Storm,2026-07-29T01:30:00Z,TOTAL,totals,UNDER,,,,fanduel,FanDuel,181.5,-110,True,the-odds-api,2026-07-23T15:26:30.997621+00:00
2026-07-23,c2e520af9bd7e828a76959862d941068,Indiana Fever @ Seattle Storm,2026-07-29T01:30:00Z,MONEYLINE,h2h,Indiana Fever,Indiana Fever,,,draftkings,DraftKings,,-343,True,the-odds-api,2026-07-23T15:26:30.997621+00:00
2026-07-23,c2e520af9bd7e828a76959862d941068,Indiana Fever @ Seattle Storm,2026-07-29T01:30:00Z,MONEYLINE,h2h,Seattle Storm,Seattle Storm,,,draftkings,DraftKings,,268,True,the-odds-api,2026-07-23T15:26:30.997621+00:00
2026-07-23,c2e520af9bd7e828a76959862d941068,Indiana Fever @ Seattle Storm,2026-07-29T01:30:00Z,SPREAD,spreads,Indiana Fever,Indiana Fever,,,draftkings,DraftKings,-6.5,-109,True,the-odds-api,2026-07-23T15:26:30.997621+00:00
2026-07-23,c2e520af9bd7e828a76959862d941068,Indiana Fever @ Seattle Storm,2026-07-29T01:30:00Z,SPREAD,spreads,Seattle Storm,Seattle Storm,,,draftkings,DraftKings,6.5,-111,True,the-odds-api,2026-07-23T15:26:30.997621+00:00
2026-07-23,c2e520af9bd7e828a76959862d941068,Indiana Fever @ Seattle Storm,2026-07-29T01:30:00Z,TOTAL,totals,OVER,,,,draftkings,DraftKings,181.5,-113,True,the-odds-api,2026-07-23T15:26:30.997621+00:00
2026-07-23,c2e520af9bd7e828a76959862d941068,Indiana Fever @ Seattle Storm,2026-07-29T01:30:00Z,TOTAL,totals,UNDER,,,,draftkings,DraftKings,181.5,-107,True,the-odds-api,2026-07-23T15:26:30.997621+00:00
2026-07-23,c2e520af9bd7e828a76959862d941068,Indiana Fever @ Seattle Storm,2026-07-29T01:30:00Z,MONEYLINE,h2h,Indiana Fever,Indiana Fever,,,williamhill_us,Caesars,,-320,False,the-odds-api,2026-07-23T15:26:30.997621+00:00
2026-07-23,c2e520af9bd7e828a76959862d941068,Indiana Fever @ Seattle Storm,2026-07-29T01:30:00Z,MONEYLINE,h2h,Seattle Storm,Seattle Storm,,,williamhill_us,Caesars,,250,False,the-odds-api,2026-07-23T15:26:30.997621+00:00
2026-07-23,c2e520af9bd7e828a76959862d941068,Indiana Fever @ Seattle Storm,2026-07-29T01:30:00Z,SPREAD,spreads,Indiana Fever,Indiana Fever,,,williamhill_us,Caesars,-6.5,-115,False,the-odds-api,2026-07-23T15:26:30.997621+00:00
2026-07-23,c2e520af9bd7e828a76959862d941068,Indiana Fever @ Seattle Storm,2026-07-29T01:30:00Z,SPREAD,spreads,Seattle Storm,Seattle Storm,,,williamhill_us,Caesars,6.5,-105,False,the-odds-api,2026-07-23T15:26:30.997621+00:00
2026-07-23,c2e520af9bd7e828a76959862d941068,Indiana Fever @ Seattle Storm,2026-07-29T01:30:00Z,TOTAL,totals,OVER,,,,williamhill_us,Caesars,181.5,-110,False,the-odds-api,2026-07-23T15:26:30.997621+00:00
2026-07-23,c2e520af9bd7e828a76959862d941068,Indiana Fever @ Seattle Storm,2026-07-29T01:30:00Z,TOTAL,totals,UNDER,,,,williamhill_us,Caesars,181.5,-110,False,the-odds-api,2026-07-23T15:26:30.997621+00:00
2026-07-23,c2e520af9bd7e828a76959862d941068,Indiana Fever @ Seattle Storm,2026-07-29T01:30:00Z,SPREAD,spreads,Indiana Fever,Indiana Fever,,,lowvig,LowVig.ag,-6.5,-113,False,the-odds-api,2026-07-23T15:26:30.997621+00:00
2026-07-23,c2e520af9bd7e828a76959862d941068,Indiana Fever @ Seattle Storm,2026-07-29T01:30:00Z,SPREAD,spreads,Seattle Storm,Seattle Storm,,,lowvig,LowVig.ag,6.5,-103,False,the-odds-api,2026-07-23T15:26:30.997621+00:00
2026-07-23,c2e520af9bd7e828a76959862d941068,Indiana Fever @ Seattle Storm,2026-07-29T01:30:00Z,TOTAL,totals,OVER,,,,lowvig,LowVig.ag,182.0,-108,False,the-odds-api,2026-07-23T15:26:30.997621+00:00
2026-07-23,c2e520af9bd7e828a76959862d941068,Indiana Fever @ Seattle Storm,2026-07-29T01:30:00Z,TOTAL,totals,UNDER,,,,lowvig,LowVig.ag,182.0,-108,False,the-odds-api,2026-07-23T15:26:30.997621+00:00
2026-07-23,c2e520af9bd7e828a76959862d941068,Indiana Fever @ Seattle Storm,2026-07-29T01:30:00Z,SPREAD,spreads,Indiana Fever,Indiana Fever,,,betonlineag,BetOnline.ag,-6.5,-115,False,the-odds-api,2026-07-23T15:26:30.997621+00:00
2026-07-23,c2e520af9bd7e828a76959862d941068,Indiana Fever @ Seattle Storm,2026-07-29T01:30:00Z,SPREAD,spreads,Seattle Storm,Seattle Storm,,,betonlineag,BetOnline.ag,6.5,-105,False,the-odds-api,2026-07-23T15:26:30.997621+00:00
2026-07-23,c2e520af9bd7e828a76959862d941068,Indiana Fever @ Seattle Storm,2026-07-29T01:30:00Z,TOTAL,totals,OVER,,,,betonlineag,BetOnline.ag,182.0,-110,False,the-odds-api,2026-07-23T15:26:30.997621+00:00
2026-07-23,c2e520af9bd7e828a76959862d941068,Indiana Fever @ Seattle Storm,2026-07-29T01:30:00Z,TOTAL,totals,UNDER,,,,betonlineag,BetOnline.ag,182.0,-110,False,the-odds-api,2026-07-23T15:26:30.997621+00:00
2026-07-23,c2e520af9bd7e828a76959862d941068,Indiana Fever @ Seattle Storm,2026-07-29T01:30:00Z,MONEYLINE,h2h,Indiana Fever,Indiana Fever,,,betrivers,BetRivers,,-275,False,the-odds-api,2026-07-23T15:26:30.997621+00:00
2026-07-23,c2e520af9bd7e828a76959862d941068,Indiana Fever @ Seattle Storm,2026-07-29T01:30:00Z,MONEYLINE,h2h,Seattle Storm,Seattle Storm,,,betrivers,BetRivers,,210,False,the-odds-api,2026-07-23T15:26:30.997621+00:00
2026-07-23,c2e520af9bd7e828a76959862d941068,Indiana Fever @ Seattle Storm,2026-07-29T01:30:00Z,SPREAD,spreads,Indiana Fever,Indiana Fever,,,betrivers,BetRivers,-6.5,-117,False,the-odds-api,2026-07-23T15:26:30.997621+00:00
2026-07-23,c2e520af9bd7e828a76959862d941068,Indiana Fever @ Seattle Storm,2026-07-29T01:30:00Z,SPREAD,spreads,Seattle Storm,Seattle Storm,,,betrivers,BetRivers,6.5,-107,False,the-odds-api,2026-07-23T15:26:30.997621+00:00
2026-07-23,c2e520af9bd7e828a76959862d941068,Indiana Fever @ Seattle Storm,2026-07-29T01:30:00Z,TOTAL,totals,OVER,,,,betrivers,BetRivers,181.5,-112,False,the-odds-api,2026-07-23T15:26:30.997621+00:00
2026-07-23,c2e520af9bd7e828a76959862d941068,Indiana Fever @ Seattle Storm,2026-07-29T01:30:00Z,TOTAL,totals,UNDER,,,,betrivers,BetRivers,181.5,-112,False,the-odds-api,2026-07-23T15:26:30.997621+00:00
2026-07-23,c2e520af9bd7e828a76959862d941068,Indiana Fever @ Seattle Storm,2026-07-29T01:30:00Z,MONEYLINE,h2h,Indiana Fever,Indiana Fever,,,betmgm,BetMGM,,-325,True,the-odds-api,2026-07-23T15:26:30.997621+00:00
2026-07-23,c2e520af9bd7e828a76959862d941068,Indiana Fever @ Seattle Storm,2026-07-29T01:30:00Z,MONEYLINE,h2h,Seattle Storm,Seattle Storm,,,betmgm,BetMGM,,250,True,the-odds-api,2026-07-23T15:26:30.997621+00:00
2026-07-23,c2e520af9bd7e828a76959862d941068,Indiana Fever @ Seattle Storm,2026-07-29T01:30:00Z,SPREAD,spreads,Indiana Fever,Indiana Fever,,,betmgm,BetMGM,-6.5,-110,True,the-odds-api,2026-07-23T15:26:30.997621+00:00
2026-07-23,c2e520af9bd7e828a76959862d941068,Indiana Fever @ Seattle Storm,2026-07-29T01:30:00Z,SPREAD,spreads,Seattle Storm,Seattle Storm,,,betmgm,BetMGM,6.5,-110,True,the-odds-api,2026-07-23T15:26:30.997621+00:00
2026-07-23,c2e520af9bd7e828a76959862d941068,Indiana Fever @ Seattle Storm,2026-07-29T01:30:00Z,TOTAL,totals,OVER,,,,betmgm,BetMGM,181.5,-110,True,the-odds-api,2026-07-23T15:26:30.997621+00:00
2026-07-23,c2e520af9bd7e828a76959862d941068,Indiana Fever @ Seattle Storm,2026-07-29T01:30:00Z,TOTAL,totals,UNDER,,,,betmgm,BetMGM,181.5,-110,True,the-odds-api,2026-07-23T15:26:30.997621+00:00
2026-07-23,606c87e74c7cc6048113e44a4f33506f,Portland Fire @ Las Vegas Aces,2026-07-29T02:00:00Z,MONEYLINE,h2h,Las Vegas Aces,Las Vegas Aces,,,fanduel,FanDuel,,-750,True,the-odds-api,2026-07-23T15:26:30.997621+00:00
2026-07-23,606c87e74c7cc6048113e44a4f33506f,Portland Fire @ Las Vegas Aces,2026-07-29T02:00:00Z,MONEYLINE,h2h,Portland Fire,Portland Fire,,,fanduel,FanDuel,,490,True,the-odds-api,2026-07-23T15:26:30.997621+00:00
2026-07-23,606c87e74c7cc6048113e44a4f33506f,Portland Fire @ Las Vegas Aces,2026-07-29T02:00:00Z,SPREAD,spreads,Las Vegas Aces,Las Vegas Aces,,,fanduel,FanDuel,-12.5,-106,True,the-odds-api,2026-07-23T15:26:30.997621+00:00
2026-07-23,606c87e74c7cc6048113e44a4f33506f,Portland Fire @ Las Vegas Aces,2026-07-29T02:00:00Z,SPREAD,spreads,Portland Fire,Portland Fire,,,fanduel,FanDuel,12.5,-114,True,the-odds-api,2026-07-23T15:26:30.997621+00:00
2026-07-23,606c87e74c7cc6048113e44a4f33506f,Portland Fire @ Las Vegas Aces,2026-07-29T02:00:00Z,TOTAL,totals,OVER,,,,fanduel,FanDuel,175.5,-110,True,the-odds-api,2026-07-23T15:26:30.997621+00:00
2026-07-23,606c87e74c7cc6048113e44a4f33506f,Portland Fire @ Las Vegas Aces,2026-07-29T02:00:00Z,TOTAL,totals,UNDER,,,,fanduel,FanDuel,175.5,-110,True,the-odds-api,2026-07-23T15:26:30.997621+00:00
2026-07-23,606c87e74c7cc6048113e44a4f33506f,Portland Fire @ Las Vegas Aces,2026-07-29T02:00:00Z,MONEYLINE,h2h,Las Vegas Aces,Las Vegas Aces,,,draftkings,DraftKings,,-970,True,the-odds-api,2026-07-23T15:26:30.997621+00:00
2026-07-23,606c87e74c7cc6048113e44a4f33506f,Portland Fire @ Las Vegas Aces,2026-07-29T02:00:00Z,MONEYLINE,h2h,Portland Fire,Portland Fire,,,draftkings,DraftKings,,610,True,the-odds-api,2026-07-23T15:26:30.997621+00:00
2026-07-23,606c87e74c7cc6048113e44a4f33506f,Portland Fire @ Las Vegas Aces,2026-07-29T02:00:00Z,SPREAD,spreads,Las Vegas Aces,Las Vegas Aces,,,draftkings,DraftKings,-11.5,-105,True,the-odds-api,2026-07-23T15:26:30.997621+00:00
2026-07-23,606c87e74c7cc6048113e44a4f33506f,Portland Fire @ Las Vegas Aces,2026-07-29T02:00:00Z,SPREAD,spreads,Portland Fire,Portland Fire,,,draftkings,DraftKings,11.5,-115,True,the-odds-api,2026-07-23T15:26:30.997621+00:00
2026-07-23,606c87e74c7cc6048113e44a4f33506f,Portland Fire @ Las Vegas Aces,2026-07-29T02:00:00Z,TOTAL,totals,OVER,,,,draftkings,DraftKings,174.5,-110,True,the-odds-api,2026-07-23T15:26:30.997621+00:00
2026-07-23,606c87e74c7cc6048113e44a4f33506f,Portland Fire @ Las Vegas Aces,2026-07-29T02:00:00Z,TOTAL,totals,UNDER,,,,draftkings,DraftKings,174.5,-110,True,the-odds-api,2026-07-23T15:26:30.997621+00:00
2026-07-23,606c87e74c7cc6048113e44a4f33506f,Portland Fire @ Las Vegas Aces,2026-07-29T02:00:00Z,MONEYLINE,h2h,Las Vegas Aces,Las Vegas Aces,,,williamhill_us,Caesars,,-900,False,the-odds-api,2026-07-23T15:26:30.997621+00:00
2026-07-23,606c87e74c7cc6048113e44a4f33506f,Portland Fire @ Las Vegas Aces,2026-07-29T02:00:00Z,MONEYLINE,h2h,Portland Fire,Portland Fire,,,williamhill_us,Caesars,,600,False,the-odds-api,2026-07-23T15:26:30.997621+00:00
2026-07-23,606c87e74c7cc6048113e44a4f33506f,Portland Fire @ Las Vegas Aces,2026-07-29T02:00:00Z,SPREAD,spreads,Las Vegas Aces,Las Vegas Aces,,,williamhill_us,Caesars,-11.5,-110,False,the-odds-api,2026-07-23T15:26:30.997621+00:00
2026-07-23,606c87e74c7cc6048113e44a4f33506f,Portland Fire @ Las Vegas Aces,2026-07-29T02:00:00Z,SPREAD,spreads,Portland Fire,Portland Fire,,,williamhill_us,Caesars,11.5,-110,False,the-odds-api,2026-07-23T15:26:30.997621+00:00
2026-07-23,606c87e74c7cc6048113e44a4f33506f,Portland Fire @ Las Vegas Aces,2026-07-29T02:00:00Z,TOTAL,totals,OVER,,,,williamhill_us,Caesars,175.0,-110,False,the-odds-api,2026-07-23T15:26:30.997621+00:00
2026-07-23,606c87e74c7cc6048113e44a4f33506f,Portland Fire @ Las Vegas Aces,2026-07-29T02:00:00Z,TOTAL,totals,UNDER,,,,williamhill_us,Caesars,175.0,-110,False,the-odds-api,2026-07-23T15:26:30.997621+00:00
2026-07-23,606c87e74c7cc6048113e44a4f33506f,Portland Fire @ Las Vegas Aces,2026-07-29T02:00:00Z,SPREAD,spreads,Las Vegas Aces,Las Vegas Aces,,,lowvig,LowVig.ag,-11.5,-108,False,the-odds-api,2026-07-23T15:26:30.997621+00:00
2026-07-23,606c87e74c7cc6048113e44a4f33506f,Portland Fire @ Las Vegas Aces,2026-07-29T02:00:00Z,SPREAD,spreads,Portland Fire,Portland Fire,,,lowvig,LowVig.ag,11.5,-108,False,the-odds-api,2026-07-23T15:26:30.997621+00:00
2026-07-23,606c87e74c7cc6048113e44a4f33506f,Portland Fire @ Las Vegas Aces,2026-07-29T02:00:00Z,TOTAL,totals,OVER,,,,lowvig,LowVig.ag,175.0,-108,False,the-odds-api,2026-07-23T15:26:30.997621+00:00
2026-07-23,606c87e74c7cc6048113e44a4f33506f,Portland Fire @ Las Vegas Aces,2026-07-29T02:00:00Z,TOTAL,totals,UNDER,,,,lowvig,LowVig.ag,175.0,-108,False,the-odds-api,2026-07-23T15:26:30.997621+00:00
2026-07-23,606c87e74c7cc6048113e44a4f33506f,Portland Fire @ Las Vegas Aces,2026-07-29T02:00:00Z,SPREAD,spreads,Las Vegas Aces,Las Vegas Aces,,,betonlineag,BetOnline.ag,-11.5,-110,False,the-odds-api,2026-07-23T15:26:30.997621+00:00
2026-07-23,606c87e74c7cc6048113e44a4f33506f,Portland Fire @ Las Vegas Aces,2026-07-29T02:00:00Z,SPREAD,spreads,Portland Fire,Portland Fire,,,betonlineag,BetOnline.ag,11.5,-110,False,the-odds-api,2026-07-23T15:26:30.997621+00:00
2026-07-23,606c87e74c7cc6048113e44a4f33506f,Portland Fire @ Las Vegas Aces,2026-07-29T02:00:00Z,TOTAL,totals,OVER,,,,betonlineag,BetOnline.ag,175.0,-110,False,the-odds-api,2026-07-23T15:26:30.997621+00:00
2026-07-23,606c87e74c7cc6048113e44a4f33506f,Portland Fire @ Las Vegas Aces,2026-07-29T02:00:00Z,TOTAL,totals,UNDER,,,,betonlineag,BetOnline.ag,175.0,-110,False,the-odds-api,2026-07-23T15:26:30.997621+00:00
2026-07-23,606c87e74c7cc6048113e44a4f33506f,Portland Fire @ Las Vegas Aces,2026-07-29T02:00:00Z,MONEYLINE,h2h,Las Vegas Aces,Las Vegas Aces,,,betrivers,BetRivers,,-625,False,the-odds-api,2026-07-23T15:26:30.997621+00:00
2026-07-23,606c87e74c7cc6048113e44a4f33506f,Portland Fire @ Las Vegas Aces,2026-07-29T02:00:00Z,MONEYLINE,h2h,Portland Fire,Portland Fire,,,betrivers,BetRivers,,430,False,the-odds-api,2026-07-23T15:26:30.997621+00:00
2026-07-23,606c87e74c7cc6048113e44a4f33506f,Portland Fire @ Las Vegas Aces,2026-07-29T02:00:00Z,SPREAD,spreads,Las Vegas Aces,Las Vegas Aces,,,betrivers,BetRivers,-11.5,-114,False,the-odds-api,2026-07-23T15:26:30.997621+00:00
2026-07-23,606c87e74c7cc6048113e44a4f33506f,Portland Fire @ Las Vegas Aces,2026-07-29T02:00:00Z,SPREAD,spreads,Portland Fire,Portland Fire,,,betrivers,BetRivers,11.5,-109,False,the-odds-api,2026-07-23T15:26:30.997621+00:00
2026-07-23,606c87e74c7cc6048113e44a4f33506f,Portland Fire @ Las Vegas Aces,2026-07-29T02:00:00Z,TOTAL,totals,OVER,,,,betrivers,BetRivers,175.5,-109,False,the-odds-api,2026-07-23T15:26:30.997621+00:00
2026-07-23,606c87e74c7cc6048113e44a4f33506f,Portland Fire @ Las Vegas Aces,2026-07-29T02:00:00Z,TOTAL,totals,UNDER,,,,betrivers,BetRivers,175.5,-114,False,the-odds-api,2026-07-23T15:26:30.997621+00:00
2026-07-23,606c87e74c7cc6048113e44a4f33506f,Portland Fire @ Las Vegas Aces,2026-07-29T02:00:00Z,MONEYLINE,h2h,Las Vegas Aces,Las Vegas Aces,,,betmgm,BetMGM,,-1000,True,the-odds-api,2026-07-23T15:26:30.997621+00:00
2026-07-23,606c87e74c7cc6048113e44a4f33506f,Portland Fire @ Las Vegas Aces,2026-07-29T02:00:00Z,MONEYLINE,h2h,Portland Fire,Portland Fire,,,betmgm,BetMGM,,625,True,the-odds-api,2026-07-23T15:26:30.997621+00:00
2026-07-23,606c87e74c7cc6048113e44a4f33506f,Portland Fire @ Las Vegas Aces,2026-07-29T02:00:00Z,SPREAD,spreads,Las Vegas Aces,Las Vegas Aces,,,betmgm,BetMGM,-11.5,-110,True,the-odds-api,2026-07-23T15:26:30.997621+00:00
2026-07-23,606c87e74c7cc6048113e44a4f33506f,Portland Fire @ Las Vegas Aces,2026-07-29T02:00:00Z,SPREAD,spreads,Portland Fire,Portland Fire,,,betmgm,BetMGM,11.5,-110,True,the-odds-api,2026-07-23T15:26:30.997621+00:00
2026-07-23,606c87e74c7cc6048113e44a4f33506f,Portland Fire @ Las Vegas Aces,2026-07-29T02:00:00Z,TOTAL,totals,OVER,,,,betmgm,BetMGM,174.5,-110,True,the-odds-api,2026-07-23T15:26:30.997621+00:00
2026-07-23,606c87e74c7cc6048113e44a4f33506f,Portland Fire @ Las Vegas Aces,2026-07-29T02:00:00Z,TOTAL,totals,UNDER,,,,betmgm,BetMGM,174.5,-110,True,the-odds-api,2026-07-23T15:26:30.997621+00:00
2026-07-23,fa632e2d144f67960024500509077a4a,New York Liberty @ Los Angeles Sparks,2026-07-29T02:00:00Z,MONEYLINE,h2h,Los Angeles Sparks,Los Angeles Sparks,,,fanduel,FanDuel,,142,True,the-odds-api,2026-07-23T15:26:30.997621+00:00
2026-07-23,fa632e2d144f67960024500509077a4a,New York Liberty @ Los Angeles Sparks,2026-07-29T02:00:00Z,MONEYLINE,h2h,New York Liberty,New York Liberty,,,fanduel,FanDuel,,-176,True,the-odds-api,2026-07-23T15:26:30.997621+00:00
2026-07-23,fa632e2d144f67960024500509077a4a,New York Liberty @ Los Angeles Sparks,2026-07-29T02:00:00Z,SPREAD,spreads,Los Angeles Sparks,Los Angeles Sparks,,,fanduel,FanDuel,4.5,-114,True,the-odds-api,2026-07-23T15:26:30.997621+00:00
2026-07-23,fa632e2d144f67960024500509077a4a,New York Liberty @ Los Angeles Sparks,2026-07-29T02:00:00Z,SPREAD,spreads,New York Liberty,New York Liberty,,,fanduel,FanDuel,-4.5,-106,True,the-odds-api,2026-07-23T15:26:30.997621+00:00
2026-07-23,fa632e2d144f67960024500509077a4a,New York Liberty @ Los Angeles Sparks,2026-07-29T02:00:00Z,TOTAL,totals,OVER,,,,fanduel,FanDuel,184.5,-110,True,the-odds-api,2026-07-23T15:26:30.997621+00:00
2026-07-23,fa632e2d144f67960024500509077a4a,New York Liberty @ Los Angeles Sparks,2026-07-29T02:00:00Z,TOTAL,totals,UNDER,,,,fanduel,FanDuel,184.5,-110,True,the-odds-api,2026-07-23T15:26:30.997621+00:00
2026-07-23,fa632e2d144f67960024500509077a4a,New York Liberty @ Los Angeles Sparks,2026-07-29T02:00:00Z,MONEYLINE,h2h,Los Angeles Sparks,Los Angeles Sparks,,,draftkings,DraftKings,,162,True,the-odds-api,2026-07-23T15:26:30.997621+00:00
2026-07-23,fa632e2d144f67960024500509077a4a,New York Liberty @ Los Angeles Sparks,2026-07-29T02:00:00Z,MONEYLINE,h2h,New York Liberty,New York Liberty,,,draftkings,DraftKings,,-198,True,the-odds-api,2026-07-23T15:26:30.997621+00:00
2026-07-23,fa632e2d144f67960024500509077a4a,New York Liberty @ Los Angeles Sparks,2026-07-29T02:00:00Z,SPREAD,spreads,Los Angeles Sparks,Los Angeles Sparks,,,draftkings,DraftKings,4.5,-115,True,the-odds-api,2026-07-23T15:26:30.997621+00:00
2026-07-23,fa632e2d144f67960024500509077a4a,New York Liberty @ Los Angeles Sparks,2026-07-29T02:00:00Z,SPREAD,spreads,New York Liberty,New York Liberty,,,draftkings,DraftKings,-4.5,-105,True,the-odds-api,2026-07-23T15:26:30.997621+00:00
2026-07-23,fa632e2d144f67960024500509077a4a,New York Liberty @ Los Angeles Sparks,2026-07-29T02:00:00Z,TOTAL,totals,OVER,,,,draftkings,DraftKings,184.5,-108,True,the-odds-api,2026-07-23T15:26:30.997621+00:00
2026-07-23,fa632e2d144f67960024500509077a4a,New York Liberty @ Los Angeles Sparks,2026-07-29T02:00:00Z,TOTAL,totals,UNDER,,,,draftkings,DraftKings,184.5,-112,True,the-odds-api,2026-07-23T15:26:30.997621+00:00
2026-07-23,fa632e2d144f67960024500509077a4a,New York Liberty @ Los Angeles Sparks,2026-07-29T02:00:00Z,MONEYLINE,h2h,Los Angeles Sparks,Los Angeles Sparks,,,williamhill_us,Caesars,,158,False,the-odds-api,2026-07-23T15:26:30.997621+00:00
2026-07-23,fa632e2d144f67960024500509077a4a,New York Liberty @ Los Angeles Sparks,2026-07-29T02:00:00Z,MONEYLINE,h2h,New York Liberty,New York Liberty,,,williamhill_us,Caesars,,-190,False,the-odds-api,2026-07-23T15:26:30.997621+00:00
2026-07-23,fa632e2d144f67960024500509077a4a,New York Liberty @ Los Angeles Sparks,2026-07-29T02:00:00Z,SPREAD,spreads,Los Angeles Sparks,Los Angeles Sparks,,,williamhill_us,Caesars,4.5,-115,False,the-odds-api,2026-07-23T15:26:30.997621+00:00
2026-07-23,fa632e2d144f67960024500509077a4a,New York Liberty @ Los Angeles Sparks,2026-07-29T02:00:00Z,SPREAD,spreads,New York Liberty,New York Liberty,,,williamhill_us,Caesars,-4.5,-105,False,the-odds-api,2026-07-23T15:26:30.997621+00:00
2026-07-23,fa632e2d144f67960024500509077a4a,New York Liberty @ Los Angeles Sparks,2026-07-29T02:00:00Z,TOTAL,totals,OVER,,,,williamhill_us,Caesars,184.5,-110,False,the-odds-api,2026-07-23T15:26:30.997621+00:00
2026-07-23,fa632e2d144f67960024500509077a4a,New York Liberty @ Los Angeles Sparks,2026-07-29T02:00:00Z,TOTAL,totals,UNDER,,,,williamhill_us,Caesars,184.5,-110,False,the-odds-api,2026-07-23T15:26:30.997621+00:00
2026-07-23,fa632e2d144f67960024500509077a4a,New York Liberty @ Los Angeles Sparks,2026-07-29T02:00:00Z,SPREAD,spreads,Los Angeles Sparks,Los Angeles Sparks,,,lowvig,LowVig.ag,4.5,-108,False,the-odds-api,2026-07-23T15:26:30.997621+00:00
2026-07-23,fa632e2d144f67960024500509077a4a,New York Liberty @ Los Angeles Sparks,2026-07-29T02:00:00Z,SPREAD,spreads,New York Liberty,New York Liberty,,,lowvig,LowVig.ag,-4.5,-108,False,the-odds-api,2026-07-23T15:26:30.997621+00:00
2026-07-23,fa632e2d144f67960024500509077a4a,New York Liberty @ Los Angeles Sparks,2026-07-29T02:00:00Z,TOTAL,totals,OVER,,,,lowvig,LowVig.ag,184.5,-113,False,the-odds-api,2026-07-23T15:26:30.997621+00:00
2026-07-23,fa632e2d144f67960024500509077a4a,New York Liberty @ Los Angeles Sparks,2026-07-29T02:00:00Z,TOTAL,totals,UNDER,,,,lowvig,LowVig.ag,184.5,-103,False,the-odds-api,2026-07-23T15:26:30.997621+00:00
2026-07-23,fa632e2d144f67960024500509077a4a,New York Liberty @ Los Angeles Sparks,2026-07-29T02:00:00Z,SPREAD,spreads,Los Angeles Sparks,Los Angeles Sparks,,,betonlineag,BetOnline.ag,4.5,-110,False,the-odds-api,2026-07-23T15:26:30.997621+00:00
2026-07-23,fa632e2d144f67960024500509077a4a,New York Liberty @ Los Angeles Sparks,2026-07-29T02:00:00Z,SPREAD,spreads,New York Liberty,New York Liberty,,,betonlineag,BetOnline.ag,-4.5,-110,False,the-odds-api,2026-07-23T15:26:30.997621+00:00
2026-07-23,fa632e2d144f67960024500509077a4a,New York Liberty @ Los Angeles Sparks,2026-07-29T02:00:00Z,TOTAL,totals,OVER,,,,betonlineag,BetOnline.ag,184.5,-115,False,the-odds-api,2026-07-23T15:26:30.997621+00:00
2026-07-23,fa632e2d144f67960024500509077a4a,New York Liberty @ Los Angeles Sparks,2026-07-29T02:00:00Z,TOTAL,totals,UNDER,,,,betonlineag,BetOnline.ag,184.5,-105,False,the-odds-api,2026-07-23T15:26:30.997621+00:00
2026-07-23,fa632e2d144f67960024500509077a4a,New York Liberty @ Los Angeles Sparks,2026-07-29T02:00:00Z,MONEYLINE,h2h,Los Angeles Sparks,Los Angeles Sparks,,,betrivers,BetRivers,,143,False,the-odds-api,2026-07-23T15:26:30.997621+00:00
2026-07-23,fa632e2d144f67960024500509077a4a,New York Liberty @ Los Angeles Sparks,2026-07-29T02:00:00Z,MONEYLINE,h2h,New York Liberty,New York Liberty,,,betrivers,BetRivers,,-180,False,the-odds-api,2026-07-23T15:26:30.997621+00:00
2026-07-23,fa632e2d144f67960024500509077a4a,New York Liberty @ Los Angeles Sparks,2026-07-29T02:00:00Z,SPREAD,spreads,Los Angeles Sparks,Los Angeles Sparks,,,betrivers,BetRivers,4.5,-118,False,the-odds-api,2026-07-23T15:26:30.997621+00:00
2026-07-23,fa632e2d144f67960024500509077a4a,New York Liberty @ Los Angeles Sparks,2026-07-29T02:00:00Z,SPREAD,spreads,New York Liberty,New York Liberty,,,betrivers,BetRivers,-4.5,-105,False,the-odds-api,2026-07-23T15:26:30.997621+00:00
2026-07-23,fa632e2d144f67960024500509077a4a,New York Liberty @ Los Angeles Sparks,2026-07-29T02:00:00Z,TOTAL,totals,OVER,,,,betrivers,BetRivers,184.5,-114,False,the-odds-api,2026-07-23T15:26:30.997621+00:00
2026-07-23,fa632e2d144f67960024500509077a4a,New York Liberty @ Los Angeles Sparks,2026-07-29T02:00:00Z,TOTAL,totals,UNDER,,,,betrivers,BetRivers,184.5,-109,False,the-odds-api,2026-07-23T15:26:30.997621+00:00
2026-07-23,fa632e2d144f67960024500509077a4a,New York Liberty @ Los Angeles Sparks,2026-07-29T02:00:00Z,MONEYLINE,h2h,Los Angeles Sparks,Los Angeles Sparks,,,betmgm,BetMGM,,165,True,the-odds-api,2026-07-23T15:26:30.997621+00:00
2026-07-23,fa632e2d144f67960024500509077a4a,New York Liberty @ Los Angeles Sparks,2026-07-29T02:00:00Z,MONEYLINE,h2h,New York Liberty,New York Liberty,,,betmgm,BetMGM,,-200,True,the-odds-api,2026-07-23T15:26:30.997621+00:00
2026-07-23,fa632e2d144f67960024500509077a4a,New York Liberty @ Los Angeles Sparks,2026-07-29T02:00:00Z,SPREAD,spreads,Los Angeles Sparks,Los Angeles Sparks,,,betmgm,BetMGM,4.5,-110,True,the-odds-api,2026-07-23T15:26:30.997621+00:00
2026-07-23,fa632e2d144f67960024500509077a4a,New York Liberty @ Los Angeles Sparks,2026-07-29T02:00:00Z,SPREAD,spreads,New York Liberty,New York Liberty,,,betmgm,BetMGM,-4.5,-110,True,the-odds-api,2026-07-23T15:26:30.997621+00:00
2026-07-23,fa632e2d144f67960024500509077a4a,New York Liberty @ Los Angeles Sparks,2026-07-29T02:00:00Z,TOTAL,totals,OVER,,,,betmgm,BetMGM,184.5,-110,True,the-odds-api,2026-07-23T15:26:30.997621+00:00
2026-07-23,fa632e2d144f67960024500509077a4a,New York Liberty @ Los Angeles Sparks,2026-07-29T02:00:00Z,TOTAL,totals,UNDER,,,,betmgm,BetMGM,184.5,-110,True,the-odds-api,2026-07-23T15:26:30.997621+00:00
2026-07-23,c01616be622aa0fcab0ac0351d05e264,Atlanta Dream @ Dallas Wings,2026-07-30T00:00:00Z,MONEYLINE,h2h,Atlanta Dream,Atlanta Dream,,,fanduel,FanDuel,,104,True,the-odds-api,2026-07-23T15:26:30.997621+00:00
2026-07-23,c01616be622aa0fcab0ac0351d05e264,Atlanta Dream @ Dallas Wings,2026-07-30T00:00:00Z,MONEYLINE,h2h,Dallas Wings,Dallas Wings,,,fanduel,FanDuel,,-128,True,the-odds-api,2026-07-23T15:26:30.997621+00:00
2026-07-23,c01616be622aa0fcab0ac0351d05e264,Atlanta Dream @ Dallas Wings,2026-07-30T00:00:00Z,SPREAD,spreads,Atlanta Dream,Atlanta Dream,,,fanduel,FanDuel,1.5,-106,True,the-odds-api,2026-07-23T15:26:30.997621+00:00
2026-07-23,c01616be622aa0fcab0ac0351d05e264,Atlanta Dream @ Dallas Wings,2026-07-30T00:00:00Z,SPREAD,spreads,Dallas Wings,Dallas Wings,,,fanduel,FanDuel,-1.5,-114,True,the-odds-api,2026-07-23T15:26:30.997621+00:00
2026-07-23,c01616be622aa0fcab0ac0351d05e264,Atlanta Dream @ Dallas Wings,2026-07-30T00:00:00Z,TOTAL,totals,OVER,,,,fanduel,FanDuel,178.5,-114,True,the-odds-api,2026-07-23T15:26:30.997621+00:00
2026-07-23,c01616be622aa0fcab0ac0351d05e264,Atlanta Dream @ Dallas Wings,2026-07-30T00:00:00Z,TOTAL,totals,UNDER,,,,fanduel,FanDuel,178.5,-106,True,the-odds-api,2026-07-23T15:26:30.997621+00:00
2026-07-23,c01616be622aa0fcab0ac0351d05e264,Atlanta Dream @ Dallas Wings,2026-07-30T00:00:00Z,MONEYLINE,h2h,Atlanta Dream,Atlanta Dream,,,draftkings,DraftKings,,102,True,the-odds-api,2026-07-23T15:26:30.997621+00:00
2026-07-23,c01616be622aa0fcab0ac0351d05e264,Atlanta Dream @ Dallas Wings,2026-07-30T00:00:00Z,MONEYLINE,h2h,Dallas Wings,Dallas Wings,,,draftkings,DraftKings,,-124,True,the-odds-api,2026-07-23T15:26:30.997621+00:00
2026-07-23,c01616be622aa0fcab0ac0351d05e264,Atlanta Dream @ Dallas Wings,2026-07-30T00:00:00Z,SPREAD,spreads,Atlanta Dream,Atlanta Dream,,,draftkings,DraftKings,1.5,-110,True,the-odds-api,2026-07-23T15:26:30.997621+00:00
2026-07-23,c01616be622aa0fcab0ac0351d05e264,Atlanta Dream @ Dallas Wings,2026-07-30T00:00:00Z,SPREAD,spreads,Dallas Wings,Dallas Wings,,,draftkings,DraftKings,-1.5,-110,True,the-odds-api,2026-07-23T15:26:30.997621+00:00
2026-07-23,c01616be622aa0fcab0ac0351d05e264,Atlanta Dream @ Dallas Wings,2026-07-30T00:00:00Z,TOTAL,totals,OVER,,,,draftkings,DraftKings,178.5,-105,True,the-odds-api,2026-07-23T15:26:30.997621+00:00
2026-07-23,c01616be622aa0fcab0ac0351d05e264,Atlanta Dream @ Dallas Wings,2026-07-30T00:00:00Z,TOTAL,totals,UNDER,,,,draftkings,DraftKings,178.5,-115,True,the-odds-api,2026-07-23T15:26:30.997621+00:00
2026-07-23,c01616be622aa0fcab0ac0351d05e264,Atlanta Dream @ Dallas Wings,2026-07-30T00:00:00Z,MONEYLINE,h2h,Atlanta Dream,Atlanta Dream,,,betrivers,BetRivers,,106,False,the-odds-api,2026-07-23T15:26:30.997621+00:00
2026-07-23,c01616be622aa0fcab0ac0351d05e264,Atlanta Dream @ Dallas Wings,2026-07-30T00:00:00Z,MONEYLINE,h2h,Dallas Wings,Dallas Wings,,,betrivers,BetRivers,,-132,False,the-odds-api,2026-07-23T15:26:30.997621+00:00
2026-07-23,c01616be622aa0fcab0ac0351d05e264,Atlanta Dream @ Dallas Wings,2026-07-30T00:00:00Z,SPREAD,spreads,Atlanta Dream,Atlanta Dream,,,betrivers,BetRivers,1.5,-109,False,the-odds-api,2026-07-23T15:26:30.997621+00:00
2026-07-23,c01616be622aa0fcab0ac0351d05e264,Atlanta Dream @ Dallas Wings,2026-07-30T00:00:00Z,SPREAD,spreads,Dallas Wings,Dallas Wings,,,betrivers,BetRivers,-1.5,-114,False,the-odds-api,2026-07-23T15:26:30.997621+00:00
2026-07-23,c01616be622aa0fcab0ac0351d05e264,Atlanta Dream @ Dallas Wings,2026-07-30T00:00:00Z,TOTAL,totals,OVER,,,,betrivers,BetRivers,178.5,-109,False,the-odds-api,2026-07-23T15:26:30.997621+00:00
2026-07-23,c01616be622aa0fcab0ac0351d05e264,Atlanta Dream @ Dallas Wings,2026-07-30T00:00:00Z,TOTAL,totals,UNDER,,,,betrivers,BetRivers,178.5,-114,False,the-odds-api,2026-07-23T15:26:30.997621+00:00
2026-07-23,44c05d0bdf345dc1b2a2eef1bff78ce3,Golden State Valkyries @ Phoenix Mercury,2026-07-30T02:00:00Z,MONEYLINE,h2h,Golden State Valkyries,Golden State Valkyries,,,fanduel,FanDuel,,-230,True,the-odds-api,2026-07-23T15:26:30.997621+00:00
2026-07-23,44c05d0bdf345dc1b2a2eef1bff78ce3,Golden State Valkyries @ Phoenix Mercury,2026-07-30T02:00:00Z,MONEYLINE,h2h,Phoenix Mercury,Phoenix Mercury,,,fanduel,FanDuel,,184,True,the-odds-api,2026-07-23T15:26:30.997621+00:00
2026-07-23,44c05d0bdf345dc1b2a2eef1bff78ce3,Golden State Valkyries @ Phoenix Mercury,2026-07-30T02:00:00Z,SPREAD,spreads,Golden State Valkyries,Golden State Valkyries,,,fanduel,FanDuel,-5.5,-114,True,the-odds-api,2026-07-23T15:26:30.997621+00:00
2026-07-23,44c05d0bdf345dc1b2a2eef1bff78ce3,Golden State Valkyries @ Phoenix Mercury,2026-07-30T02:00:00Z,SPREAD,spreads,Phoenix Mercury,Phoenix Mercury,,,fanduel,FanDuel,5.5,-106,True,the-odds-api,2026-07-23T15:26:30.997621+00:00
2026-07-23,44c05d0bdf345dc1b2a2eef1bff78ce3,Golden State Valkyries @ Phoenix Mercury,2026-07-30T02:00:00Z,TOTAL,totals,OVER,,,,fanduel,FanDuel,158.5,-114,True,the-odds-api,2026-07-23T15:26:30.997621+00:00
2026-07-23,44c05d0bdf345dc1b2a2eef1bff78ce3,Golden State Valkyries @ Phoenix Mercury,2026-07-30T02:00:00Z,TOTAL,totals,UNDER,,,,fanduel,FanDuel,158.5,-106,True,the-odds-api,2026-07-23T15:26:30.997621+00:00
2026-07-23,44c05d0bdf345dc1b2a2eef1bff78ce3,Golden State Valkyries @ Phoenix Mercury,2026-07-30T02:00:00Z,MONEYLINE,h2h,Golden State Valkyries,Golden State Valkyries,,,draftkings,DraftKings,,-209,True,the-odds-api,2026-07-23T15:26:30.997621+00:00
2026-07-23,44c05d0bdf345dc1b2a2eef1bff78ce3,Golden State Valkyries @ Phoenix Mercury,2026-07-30T02:00:00Z,MONEYLINE,h2h,Phoenix Mercury,Phoenix Mercury,,,draftkings,DraftKings,,170,True,the-odds-api,2026-07-23T15:26:30.997621+00:00
2026-07-23,44c05d0bdf345dc1b2a2eef1bff78ce3,Golden State Valkyries @ Phoenix Mercury,2026-07-30T02:00:00Z,SPREAD,spreads,Golden State Valkyries,Golden State Valkyries,,,draftkings,DraftKings,-5.5,-104,True,the-odds-api,2026-07-23T15:26:30.997621+00:00
2026-07-23,44c05d0bdf345dc1b2a2eef1bff78ce3,Golden State Valkyries @ Phoenix Mercury,2026-07-30T02:00:00Z,SPREAD,spreads,Phoenix Mercury,Phoenix Mercury,,,draftkings,DraftKings,5.5,-116,True,the-odds-api,2026-07-23T15:26:30.997621+00:00
2026-07-23,44c05d0bdf345dc1b2a2eef1bff78ce3,Golden State Valkyries @ Phoenix Mercury,2026-07-30T02:00:00Z,TOTAL,totals,OVER,,,,draftkings,DraftKings,159.5,-110,True,the-odds-api,2026-07-23T15:26:30.997621+00:00
2026-07-23,44c05d0bdf345dc1b2a2eef1bff78ce3,Golden State Valkyries @ Phoenix Mercury,2026-07-30T02:00:00Z,TOTAL,totals,UNDER,,,,draftkings,DraftKings,159.5,-110,True,the-odds-api,2026-07-23T15:26:30.997621+00:00
2026-07-23,44c05d0bdf345dc1b2a2eef1bff78ce3,Golden State Valkyries @ Phoenix Mercury,2026-07-30T02:00:00Z,MONEYLINE,h2h,Golden State Valkyries,Golden State Valkyries,,,betrivers,BetRivers,,-220,False,the-odds-api,2026-07-23T15:26:30.997621+00:00
2026-07-23,44c05d0bdf345dc1b2a2eef1bff78ce3,Golden State Valkyries @ Phoenix Mercury,2026-07-30T02:00:00Z,MONEYLINE,h2h,Phoenix Mercury,Phoenix Mercury,,,betrivers,BetRivers,,175,False,the-odds-api,2026-07-23T15:26:30.997621+00:00
2026-07-23,44c05d0bdf345dc1b2a2eef1bff78ce3,Golden State Valkyries @ Phoenix Mercury,2026-07-30T02:00:00Z,SPREAD,spreads,Golden State Valkyries,Golden State Valkyries,,,betrivers,BetRivers,-5.5,-107,False,the-odds-api,2026-07-23T15:26:30.997621+00:00
2026-07-23,44c05d0bdf345dc1b2a2eef1bff78ce3,Golden State Valkyries @ Phoenix Mercury,2026-07-30T02:00:00Z,SPREAD,spreads,Phoenix Mercury,Phoenix Mercury,,,betrivers,BetRivers,5.5,-117,False,the-odds-api,2026-07-23T15:26:30.997621+00:00
2026-07-23,44c05d0bdf345dc1b2a2eef1bff78ce3,Golden State Valkyries @ Phoenix Mercury,2026-07-30T02:00:00Z,TOTAL,totals,OVER,,,,betrivers,BetRivers,158.5,-115,False,the-odds-api,2026-07-23T15:26:30.997621+00:00
2026-07-23,44c05d0bdf345dc1b2a2eef1bff78ce3,Golden State Valkyries @ Phoenix Mercury,2026-07-30T02:00:00Z,TOTAL,totals,UNDER,,,,betrivers,BetRivers,158.5,-108,False,the-odds-api,2026-07-23T15:26:30.997621+00:00
2026-07-23,44c05d0bdf345dc1b2a2eef1bff78ce3,Golden State Valkyries @ Phoenix Mercury,2026-07-30T02:00:00Z,MONEYLINE,h2h,Golden State Valkyries,Golden State Valkyries,,,williamhill_us,Caesars,,-210,False,the-odds-api,2026-07-23T15:26:30.997621+00:00
2026-07-23,44c05d0bdf345dc1b2a2eef1bff78ce3,Golden State Valkyries @ Phoenix Mercury,2026-07-30T02:00:00Z,MONEYLINE,h2h,Phoenix Mercury,Phoenix Mercury,,,williamhill_us,Caesars,,175,False,the-odds-api,2026-07-23T15:26:30.997621+00:00
2026-07-23,44c05d0bdf345dc1b2a2eef1bff78ce3,Golden State Valkyries @ Phoenix Mercury,2026-07-30T02:00:00Z,SPREAD,spreads,Golden State Valkyries,Golden State Valkyries,,,williamhill_us,Caesars,-5.5,-105,False,the-odds-api,2026-07-23T15:26:30.997621+00:00
2026-07-23,44c05d0bdf345dc1b2a2eef1bff78ce3,Golden State Valkyries @ Phoenix Mercury,2026-07-30T02:00:00Z,SPREAD,spreads,Phoenix Mercury,Phoenix Mercury,,,williamhill_us,Caesars,5.5,-115,False,the-odds-api,2026-07-23T15:26:30.997621+00:00
2026-07-23,44c05d0bdf345dc1b2a2eef1bff78ce3,Golden State Valkyries @ Phoenix Mercury,2026-07-30T02:00:00Z,TOTAL,totals,OVER,,,,williamhill_us,Caesars,159.5,-110,False,the-odds-api,2026-07-23T15:26:30.997621+00:00
2026-07-23,44c05d0bdf345dc1b2a2eef1bff78ce3,Golden State Valkyries @ Phoenix Mercury,2026-07-30T02:00:00Z,TOTAL,totals,UNDER,,,,williamhill_us,Caesars,159.5,-110,False,the-odds-api,2026-07-23T15:26:30.997621+00:00
2026-07-23,44c05d0bdf345dc1b2a2eef1bff78ce3,Golden State Valkyries @ Phoenix Mercury,2026-07-30T02:00:00Z,SPREAD,spreads,Golden State Valkyries,Golden State Valkyries,,,betonlineag,BetOnline.ag,-5.5,-110,False,the-odds-api,2026-07-23T15:26:30.997621+00:00
2026-07-23,44c05d0bdf345dc1b2a2eef1bff78ce3,Golden State Valkyries @ Phoenix Mercury,2026-07-30T02:00:00Z,SPREAD,spreads,Phoenix Mercury,Phoenix Mercury,,,betonlineag,BetOnline.ag,5.5,-110,False,the-odds-api,2026-07-23T15:26:30.997621+00:00
2026-07-23,44c05d0bdf345dc1b2a2eef1bff78ce3,Golden State Valkyries @ Phoenix Mercury,2026-07-30T02:00:00Z,TOTAL,totals,OVER,,,,betonlineag,BetOnline.ag,159.5,-110,False,the-odds-api,2026-07-23T15:26:30.997621+00:00
2026-07-23,44c05d0bdf345dc1b2a2eef1bff78ce3,Golden State Valkyries @ Phoenix Mercury,2026-07-30T02:00:00Z,TOTAL,totals,UNDER,,,,betonlineag,BetOnline.ag,159.5,-110,False,the-odds-api,2026-07-23T15:26:30.997621+00:00
2026-07-23,44c05d0bdf345dc1b2a2eef1bff78ce3,Golden State Valkyries @ Phoenix Mercury,2026-07-30T02:00:00Z,SPREAD,spreads,Golden State Valkyries,Golden State Valkyries,,,lowvig,LowVig.ag,-5.5,-108,False,the-odds-api,2026-07-23T15:26:30.997621+00:00
2026-07-23,44c05d0bdf345dc1b2a2eef1bff78ce3,Golden State Valkyries @ Phoenix Mercury,2026-07-30T02:00:00Z,SPREAD,spreads,Phoenix Mercury,Phoenix Mercury,,,lowvig,LowVig.ag,5.5,-108,False,the-odds-api,2026-07-23T15:26:30.997621+00:00
2026-07-23,44c05d0bdf345dc1b2a2eef1bff78ce3,Golden State Valkyries @ Phoenix Mercury,2026-07-30T02:00:00Z,TOTAL,totals,OVER,,,,lowvig,LowVig.ag,159.5,-108,False,the-odds-api,2026-07-23T15:26:30.997621+00:00
2026-07-23,44c05d0bdf345dc1b2a2eef1bff78ce3,Golden State Valkyries @ Phoenix Mercury,2026-07-30T02:00:00Z,TOTAL,totals,UNDER,,,,lowvig,LowVig.ag,159.5,-108,False,the-odds-api,2026-07-23T15:26:30.997621+00:00
