player,team,opp,pos,stat,season_avg,pred,low,high,range,line,over_price,under_price,yes_price,no_price,edge,signal,conf,model_prob,implied_prob,ev,ev_pct,kelly_frac,injury_status,market_status,is_active,filter_reason,reasoning,game,home_team,away_team,last5_vals,last5_opps,last5_hit,last10_hit,h2h_last5,opp_rank,role_score,minutes_trend,points_trend,intel_source
Sabrina Ionescu,nan,New York Liberty @ Dallas Wings,nan,PRA,17.8,20.2,16.7,23.7,16.7-23.7,25.5,-129.0,-104.0,,,-5.3,UNDER,HIGH,0.6428,0.5098,0.2609,26.1,0.05,ACTIVE,ACTIVE MARKET,True,,"v5 intelligence blend from stats.wnba.com: season + recent form, usage, efficiency, minutes, pace, role score, and price lean.",New York Liberty @ Dallas Wings,Dallas Wings,New York Liberty,"[19.8, 18.8, 22.0, 21.1, 20.2]","[""ATL"", ""CHI"", ""DAL"", ""IND"", ""SEA""]",1.0,1.0,"[18.4, 21.6, 20.6, 19.8, 18.8]",13,0,,,
Kelsey Mitchell,nan,Golden State Valkyries @ Indiana Fever,nan,PA,24.3,27.8,24.3,31.3,24.3-31.3,23.5,-102.0,-130.0,,,4.3,OVER,HIGH,0.6168,0.505,0.2215,22.1,0.05,ACTIVE,ACTIVE MARKET,True,,"v5 intelligence blend from stats.wnba.com: season + recent form, usage, efficiency, minutes, pace, role score, and price lean.",Golden State Valkyries @ Indiana Fever,Indiana Fever,Golden State Valkyries,"[28.7, 27.8, 26.9, 26.0, 29.2]","[""ATL"", ""CHI"", ""DAL"", ""IND"", ""SEA""]",1.0,1.0,"[26.9, 26.0, 29.2, 28.2, 27.4]",9,0,,,
Kelsey Mitchell,nan,Golden State Valkyries @ Indiana Fever,nan,PRA,25.8,29.6,26.1,33.1,26.1-33.1,25.5,-104.0,-128.0,,,4.1,OVER,HIGH,0.6116,0.5098,0.1997,20.0,0.05,ACTIVE,ACTIVE MARKET,True,,"v5 intelligence blend from stats.wnba.com: season + recent form, usage, efficiency, minutes, pace, role score, and price lean.",Golden State Valkyries @ Indiana Fever,Indiana Fever,Golden State Valkyries,"[29.2, 28.2, 31.4, 30.5, 29.6]","[""ATL"", ""CHI"", ""DAL"", ""IND"", ""SEA""]",1.0,1.0,"[31.4, 30.5, 29.6, 28.7, 27.8]",9,0,,,
Sabrina Ionescu,nan,New York Liberty @ Dallas Wings,nan,PA,14.5,17.0,13.5,20.5,13.5-20.5,21.5,-124.5,-108.0,,,-4.5,UNDER,HIGH,0.622,0.5192,0.1979,19.8,0.05,ACTIVE,ACTIVE MARKET,True,,"v5 intelligence blend from stats.wnba.com: season + recent form, usage, efficiency, minutes, pace, role score, and price lean.",New York Liberty @ Dallas Wings,Dallas Wings,New York Liberty,"[17.9, 17.0, 16.1, 15.2, 18.4]","[""ATL"", ""CHI"", ""DAL"", ""IND"", ""SEA""]",1.0,1.0,"[16.6, 15.7, 18.8, 17.9, 17.0]",13,0,,,
Sabrina Ionescu,nan,New York Liberty @ Dallas Wings,nan,PR,14.1,16.1,12.6,19.6,12.6-19.6,20.5,-119.5,-112.0,,,-4.4,UNDER,HIGH,0.6194,0.5283,0.1724,17.2,0.0483,ACTIVE,ACTIVE MARKET,True,,"v5 intelligence blend from stats.wnba.com: season + recent form, usage, efficiency, minutes, pace, role score, and price lean.",New York Liberty @ Dallas Wings,Dallas Wings,New York Liberty,"[16.6, 15.7, 14.8, 17.9, 17.0]","[""ATL"", ""CHI"", ""DAL"", ""IND"", ""SEA""]",1.0,1.0,"[15.2, 14.3, 17.5, 16.6, 15.7]",13,0,,,
Kelsey Mitchell,nan,Golden State Valkyries @ Indiana Fever,nan,PA,24.3,27.9,24.4,31.4,24.4-31.4,22.5,-124.0,-109.0,,,5.4,OVER,HIGH,0.6454,0.5536,0.1659,16.6,0.05,ACTIVE,ACTIVE MARKET,True,,"v5 intelligence blend from stats.wnba.com: season + recent form, usage, efficiency, minutes, pace, role score, and price lean.",Golden State Valkyries @ Indiana Fever,Indiana Fever,Golden State Valkyries,"[28.8, 27.9, 27.0, 26.1, 29.2]","[""ATL"", ""CHI"", ""DAL"", ""IND"", ""SEA""]",1.0,1.0,"[27.0, 26.1, 29.2, 28.3, 27.4]",9,0,,,
Kelsey Mitchell,nan,Golden State Valkyries @ Indiana Fever,nan,PRA,25.8,29.7,26.2,33.2,26.2-33.2,24.5,-123.0,-111.0,,,5.2,OVER,HIGH,0.6402,0.5516,0.1607,16.1,0.0494,ACTIVE,ACTIVE MARKET,True,,"v5 intelligence blend from stats.wnba.com: season + recent form, usage, efficiency, minutes, pace, role score, and price lean.",Golden State Valkyries @ Indiana Fever,Indiana Fever,Golden State Valkyries,"[29.2, 28.3, 31.5, 30.6, 29.7]","[""ATL"", ""CHI"", ""DAL"", ""IND"", ""SEA""]",1.0,1.0,"[31.5, 30.6, 29.7, 28.8, 27.9]",9,0,,,
Kelsey Mitchell,nan,Golden State Valkyries @ Indiana Fever,nan,PTS,21.6,24.4,20.9,27.9,20.9-27.9,20.5,-110.5,-122.67,,,3.9,OVER,HIGH,0.6064,0.5249,0.1552,15.5,0.0429,ACTIVE,ACTIVE MARKET,True,,"v5 intelligence blend from stats.wnba.com: season + recent form, usage, efficiency, minutes, pace, role score, and price lean.",Golden State Valkyries @ Indiana Fever,Indiana Fever,Golden State Valkyries,"[24.8, 23.9, 23.0, 26.2, 25.3]","[""ATL"", ""CHI"", ""DAL"", ""IND"", ""SEA""]",1.0,1.0,"[23.0, 26.2, 25.3, 24.4, 23.5]",9,0,,,
Sonia Citron,nan,Portland Fire @ Washington Mystics,nan,PA,21.1,24.2,20.7,27.7,20.7-27.7,21.5,-102.0,-130.0,,,2.7,OVER,HIGH,0.5752,0.505,0.1391,13.9,0.0355,ACTIVE,ACTIVE MARKET,True,,"v5 intelligence blend from stats.wnba.com: season + recent form, usage, efficiency, minutes, pace, role score, and price lean.",Portland Fire @ Washington Mystics,Washington Mystics,Portland Fire,"[23.3, 22.4, 25.6, 24.6, 23.8]","[""ATL"", ""CHI"", ""DAL"", ""IND"", ""SEA""]",1.0,1.0,"[24.2, 23.3, 22.4, 25.6, 24.6]",15,0,,,
Shakira Austin,nan,Portland Fire @ Washington Mystics,nan,PA,16.1,15.3,11.8,18.8,11.8-18.8,17.5,-132.0,100.0,,,-2.2,UNDER,HIGH,0.5622,0.5,0.1244,12.4,0.0311,ACTIVE,ACTIVE MARKET,True,,"v5 intelligence blend from stats.wnba.com: season + recent form, usage, efficiency, minutes, pace, role score, and price lean.",Portland Fire @ Washington Mystics,Washington Mystics,Portland Fire,"[14.0, 17.1, 16.2, 15.3, 14.4]","[""ATL"", ""CHI"", ""DAL"", ""IND"", ""SEA""]",1.0,1.0,"[14.9, 14.0, 17.1, 16.2, 15.3]",15,0,,,
Sonia Citron,nan,Portland Fire @ Washington Mystics,nan,PR,21.5,25.2,21.7,28.7,21.7-28.7,21.5,-116.0,-116.0,,,3.7,OVER,HIGH,0.6012,0.537,0.1195,11.9,0.0346,ACTIVE,ACTIVE MARKET,True,,"v5 intelligence blend from stats.wnba.com: season + recent form, usage, efficiency, minutes, pace, role score, and price lean.",Portland Fire @ Washington Mystics,Washington Mystics,Portland Fire,"[23.8, 27.0, 26.1, 25.2, 24.3]","[""ATL"", ""CHI"", ""DAL"", ""IND"", ""SEA""]",1.0,1.0,"[24.8, 23.8, 27.0, 26.1, 25.2]",15,0,,,
Sabrina Ionescu,nan,New York Liberty @ Dallas Wings,nan,PTS,10.8,12.9,9.4,16.4,9.4-16.4,16.5,-114.67,-115.0,,,-3.6,UNDER,HIGH,0.5986,0.5349,0.1191,11.9,0.0342,ACTIVE,ACTIVE MARKET,True,,"v5 intelligence blend from stats.wnba.com: season + recent form, usage, efficiency, minutes, pace, role score, and price lean.",New York Liberty @ Dallas Wings,Dallas Wings,New York Liberty,"[13.3, 12.5, 11.6, 14.7, 13.8]","[""ATL"", ""CHI"", ""DAL"", ""IND"", ""SEA""]",1.0,1.0,"[12.0, 11.1, 14.2, 13.3, 12.5]",13,0,,,
Sonia Citron,nan,Portland Fire @ Washington Mystics,nan,PRA,24.9,28.6,25.1,32.1,25.1-32.1,24.5,-121.5,-111.0,,,4.1,OVER,HIGH,0.6116,0.5485,0.115,11.5,0.0349,ACTIVE,ACTIVE MARKET,True,,"v5 intelligence blend from stats.wnba.com: season + recent form, usage, efficiency, minutes, pace, role score, and price lean.",Portland Fire @ Washington Mystics,Washington Mystics,Portland Fire,"[30.4, 29.5, 28.6, 27.7, 26.8]","[""ATL"", ""CHI"", ""DAL"", ""IND"", ""SEA""]",1.0,1.0,"[27.2, 30.4, 29.5, 28.6, 27.7]",15,0,,,
Sonia Citron,nan,Portland Fire @ Washington Mystics,nan,PA,21.1,24.3,20.8,27.8,20.8-27.8,20.5,-119.0,-114.0,,,3.8,OVER,HIGH,0.6038,0.5434,0.1112,11.1,0.0331,ACTIVE,ACTIVE MARKET,True,,"v5 intelligence blend from stats.wnba.com: season + recent form, usage, efficiency, minutes, pace, role score, and price lean.",Portland Fire @ Washington Mystics,Washington Mystics,Portland Fire,"[23.4, 22.5, 25.7, 24.8, 23.9]","[""ATL"", ""CHI"", ""DAL"", ""IND"", ""SEA""]",1.0,1.0,"[24.3, 23.4, 22.5, 25.7, 24.8]",15,0,,,
Emily Engstler,nan,Portland Fire @ Washington Mystics,nan,PR,14.0,13.6,10.1,17.1,10.1-17.1,18.5,-102.0,-133.0,,,-4.9,UNDER,HIGH,0.6324,0.5708,0.1079,10.8,0.0359,ACTIVE,ACTIVE MARKET,True,,"v5 intelligence blend from stats.wnba.com: season + recent form, usage, efficiency, minutes, pace, role score, and price lean.",Portland Fire @ Washington Mystics,Washington Mystics,Portland Fire,"[13.6, 12.7, 11.8, 14.9, 14.0]","[""ATL"", ""CHI"", ""DAL"", ""IND"", ""SEA""]",1.0,1.0,"[14.5, 13.6, 12.7, 11.8, 14.9]",15,0,,,
Sonia Citron,nan,Portland Fire @ Washington Mystics,nan,PTS,17.6,20.9,17.4,24.4,17.4-24.4,17.5,-117.33,-112.67,,,3.4,OVER,HIGH,0.5934,0.5399,0.0992,9.9,0.0291,ACTIVE,ACTIVE MARKET,True,,"v5 intelligence blend from stats.wnba.com: season + recent form, usage, efficiency, minutes, pace, role score, and price lean.",Portland Fire @ Washington Mystics,Washington Mystics,Portland Fire,"[19.5, 22.7, 21.8, 20.9, 20.0]","[""ATL"", ""CHI"", ""DAL"", ""IND"", ""SEA""]",1.0,1.0,"[20.4, 19.5, 22.7, 21.8, 20.9]",15,0,,,
Breanna Stewart,nan,New York Liberty @ Dallas Wings,nan,PTS,19.8,22.5,19.0,26.0,19.0-26.0,19.5,-113.33,-116.33,,,3.0,OVER,HIGH,0.583,0.5312,0.0974,9.7,0.0276,ACTIVE,ACTIVE MARKET,True,,"v5 intelligence blend from stats.wnba.com: season + recent form, usage, efficiency, minutes, pace, role score, and price lean.",New York Liberty @ Dallas Wings,Dallas Wings,New York Liberty,"[23.9, 22.9, 22.1, 21.1, 24.3]","[""ATL"", ""CHI"", ""DAL"", ""IND"", ""SEA""]",1.0,1.0,"[22.5, 21.6, 20.7, 23.9, 22.9]",13,0,,,
Emily Engstler,nan,Portland Fire @ Washington Mystics,nan,PTS,8.7,7.7,4.2,11.2,4.2-11.2,11.5,-102.0,-130.0,,,-3.8,UNDER,HIGH,0.6038,0.5652,0.0683,6.8,0.0222,ACTIVE,ACTIVE MARKET,True,,"v5 intelligence blend from stats.wnba.com: season + recent form, usage, efficiency, minutes, pace, role score, and price lean.",Portland Fire @ Washington Mystics,Washington Mystics,Portland Fire,"[7.7, 6.8, 5.9, 9.1, 8.2]","[""ATL"", ""CHI"", ""DAL"", ""IND"", ""SEA""]",1.0,1.0,"[8.6, 7.7, 6.8, 5.9, 9.1]",15,0,,,
Caitlin Clark,nan,Golden State Valkyries @ Indiana Fever,nan,PA,26.8,24.8,21.3,28.3,21.3-28.3,22.5,-113.5,-117.0,,,2.3,OVER,HIGH,0.5648,0.5316,0.0624,6.2,0.0177,ACTIVE,ACTIVE MARKET,True,,"v5 intelligence blend from stats.wnba.com: season + recent form, usage, efficiency, minutes, pace, role score, and price lean.",Golden State Valkyries @ Indiana Fever,Indiana Fever,Golden State Valkyries,"[23.9, 23.0, 26.2, 25.2, 24.4]","[""ATL"", ""CHI"", ""DAL"", ""IND"", ""SEA""]",1.0,1.0,"[26.2, 25.2, 24.4, 23.4, 26.6]",9,0,,,
Breanna Stewart,nan,New York Liberty @ Dallas Wings,nan,PR,28.1,30.7,27.2,34.2,27.2-34.2,27.5,-125.5,-106.5,,,3.2,OVER,HIGH,0.5882,0.5565,0.0569,5.7,0.0178,ACTIVE,ACTIVE MARKET,True,,"v5 intelligence blend from stats.wnba.com: season + recent form, usage, efficiency, minutes, pace, role score, and price lean.",New York Liberty @ Dallas Wings,Dallas Wings,New York Liberty,"[32.0, 31.1, 30.2, 29.3, 32.5]","[""ATL"", ""CHI"", ""DAL"", ""IND"", ""SEA""]",1.0,1.0,"[30.7, 29.8, 28.9, 32.0, 31.1]",13,0,,,
Breanna Stewart,nan,New York Liberty @ Dallas Wings,nan,PA,22.5,24.9,21.4,28.4,21.4-28.4,22.5,-117.5,-114.0,,,2.4,OVER,HIGH,0.5674,0.5402,0.0503,5.0,0.0148,ACTIVE,ACTIVE MARKET,True,,"v5 intelligence blend from stats.wnba.com: season + recent form, usage, efficiency, minutes, pace, role score, and price lean.",New York Liberty @ Dallas Wings,Dallas Wings,New York Liberty,"[26.7, 25.8, 24.9, 24.0, 23.1]","[""ATL"", ""CHI"", ""DAL"", ""IND"", ""SEA""]",1.0,1.0,"[25.3, 24.4, 23.5, 26.7, 25.8]",13,0,,,
Caitlin Clark,nan,Golden State Valkyries @ Indiana Fever,nan,PTS,19.5,17.7,14.2,21.2,14.2-21.2,15.5,-115.75,-111.33,,,2.2,OVER,HIGH,0.5622,0.5365,0.0479,4.8,0.0139,ACTIVE,ACTIVE MARKET,True,,"v5 intelligence blend from stats.wnba.com: season + recent form, usage, efficiency, minutes, pace, role score, and price lean.",Golden State Valkyries @ Indiana Fever,Indiana Fever,Golden State Valkyries,"[16.3, 19.5, 18.6, 17.7, 16.8]","[""ATL"", ""CHI"", ""DAL"", ""IND"", ""SEA""]",1.0,1.0,"[18.6, 17.7, 16.8, 15.9, 19.1]",9,0,,,
Kayla Thornton,nan,Golden State Valkyries @ Indiana Fever,nan,PR,13.0,10.8,7.3,14.3,7.3-14.3,13.5,-110.0,-123.0,,,-2.7,UNDER,HIGH,0.5752,0.5516,0.0428,4.3,0.0132,ACTIVE,ACTIVE MARKET,True,,"v5 intelligence blend from stats.wnba.com: season + recent form, usage, efficiency, minutes, pace, role score, and price lean.",Golden State Valkyries @ Indiana Fever,Indiana Fever,Golden State Valkyries,"[11.2, 10.4, 9.5, 12.6, 11.7]","[""ATL"", ""CHI"", ""DAL"", ""IND"", ""SEA""]",1.0,1.0,"[9.5, 12.6, 11.7, 10.8, 9.9]",9,0,,,
Shakira Austin,nan,Portland Fire @ Washington Mystics,nan,PA,16.1,15.2,11.7,18.7,11.7-18.7,18.5,-104.0,-131.0,,,-3.3,UNDER,HIGH,0.5908,0.5671,0.0418,4.2,0.0137,ACTIVE,ACTIVE MARKET,True,,"v5 intelligence blend from stats.wnba.com: season + recent form, usage, efficiency, minutes, pace, role score, and price lean.",Portland Fire @ Washington Mystics,Washington Mystics,Portland Fire,"[13.8, 17.0, 16.1, 15.2, 14.3]","[""ATL"", ""CHI"", ""DAL"", ""IND"", ""SEA""]",1.0,1.0,"[14.8, 13.8, 17.0, 16.1, 15.2]",15,0,,,
Gabby Williams,nan,Golden State Valkyries @ Indiana Fever,nan,PRA,20.6,16.8,13.3,20.3,13.3-20.3,19.5,-108.5,-126.0,,,-2.7,UNDER,HIGH,0.5752,0.5575,0.0317,3.2,0.01,ACTIVE,ACTIVE MARKET,True,,"v5 intelligence blend from stats.wnba.com: season + recent form, usage, efficiency, minutes, pace, role score, and price lean.",Golden State Valkyries @ Indiana Fever,Indiana Fever,Golden State Valkyries,"[15.0, 18.2, 17.2, 16.4, 15.5]","[""ATL"", ""CHI"", ""DAL"", ""IND"", ""SEA""]",1.0,1.0,"[17.2, 16.4, 15.5, 18.6, 17.7]",9,0,,,
Shakira Austin,nan,Portland Fire @ Washington Mystics,nan,PTS,13.3,12.5,9.0,16.0,9.0-16.0,15.5,100.0,-130.0,,,-3.0,UNDER,HIGH,0.583,0.5652,0.0315,3.1,0.0102,ACTIVE,ACTIVE MARKET,True,,"v5 intelligence blend from stats.wnba.com: season + recent form, usage, efficiency, minutes, pace, role score, and price lean.",Portland Fire @ Washington Mystics,Washington Mystics,Portland Fire,"[10.7, 13.8, 12.9, 12.1, 11.2]","[""ATL"", ""CHI"", ""DAL"", ""IND"", ""SEA""]",1.0,1.0,"[11.6, 10.7, 13.8, 12.9, 12.1]",15,0,,,
Breanna Stewart,nan,New York Liberty @ Dallas Wings,nan,PRA,30.8,33.1,29.6,36.6,29.6-36.6,30.5,-128.0,-104.0,,,2.6,OVER,HIGH,0.5726,0.5614,0.0199,2.0,0.0064,ACTIVE,ACTIVE MARKET,True,,"v5 intelligence blend from stats.wnba.com: season + recent form, usage, efficiency, minutes, pace, role score, and price lean.",New York Liberty @ Dallas Wings,Dallas Wings,New York Liberty,"[33.6, 32.6, 31.8, 34.9, 34.0]","[""ATL"", ""CHI"", ""DAL"", ""IND"", ""SEA""]",1.0,1.0,"[32.2, 31.3, 34.5, 33.6, 32.6]",13,0,,,
Kayla Thornton,nan,Golden State Valkyries @ Indiana Fever,nan,PTS,8.1,5.7,2.2,9.2,2.2-9.2,8.5,-1.5,-133.0,,,-2.8,UNDER,HIGH,0.5778,0.5708,0.0122,1.2,0.0041,ACTIVE,ACTIVE MARKET,True,,"v5 intelligence blend from stats.wnba.com: season + recent form, usage, efficiency, minutes, pace, role score, and price lean.",Golden State Valkyries @ Indiana Fever,Indiana Fever,Golden State Valkyries,"[6.2, 5.2, 4.3, 7.5, 6.6]","[""ATL"", ""CHI"", ""DAL"", ""IND"", ""SEA""]",1.0,1.0,"[4.3, 7.5, 6.6, 5.7, 4.8]",9,0,,,
Gabby Williams,nan,Golden State Valkyries @ Indiana Fever,nan,PR,18.4,14.9,11.4,18.4,11.4-18.4,17.5,-102.0,-133.0,,,-2.6,UNDER,HIGH,0.5726,0.5708,0.0031,0.3,0.001,ACTIVE,ACTIVE MARKET,True,,"v5 intelligence blend from stats.wnba.com: season + recent form, usage, efficiency, minutes, pace, role score, and price lean.",Golden State Valkyries @ Indiana Fever,Indiana Fever,Golden State Valkyries,"[14.0, 13.1, 16.2, 15.3, 14.5]","[""ATL"", ""CHI"", ""DAL"", ""IND"", ""SEA""]",1.0,1.0,"[16.2, 15.3, 14.5, 13.6, 16.7]",9,0,,,
Sabrina Ionescu,nan,New York Liberty @ Dallas Wings,nan,RA,7.1,7.2,3.7,10.7,3.7-10.7,9.5,104.0,-140.0,,,-2.3,UNDER,HIGH,0.5648,0.5833,-0.0318,-3.2,0.0,ACTIVE,ACTIVE MARKET,True,,"v5 intelligence blend from stats.wnba.com: season + recent form, usage, efficiency, minutes, pace, role score, and price lean.",New York Liberty @ Dallas Wings,Dallas Wings,New York Liberty,"[9.0, 8.1, 7.2, 6.3, 5.4]","[""ATL"", ""CHI"", ""DAL"", ""IND"", ""SEA""]",1.0,1.0,"[7.7, 6.8, 5.8, 9.0, 8.1]",13,0,,,
Shakira Austin,nan,Portland Fire @ Washington Mystics,nan,REB,9.3,10.5,7.0,14.0,7.0-14.0,8.5,-145.0,108.0,,,2.0,OVER,HIGH,0.557,0.5918,-0.0589,-5.9,0.0,ACTIVE,ACTIVE MARKET,True,,"v5 intelligence blend from stats.wnba.com: season + recent form, usage, efficiency, minutes, pace, role score, and price lean.",Portland Fire @ Washington Mystics,Washington Mystics,Portland Fire,"[11.4, 10.5, 9.6, 8.7, 11.8]","[""ATL"", ""CHI"", ""DAL"", ""IND"", ""SEA""]",1.0,1.0,"[12.3, 11.4, 10.5, 9.6, 8.7]",15,0,,,
Caitlin Clark,nan,Golden State Valkyries @ Indiana Fever,nan,PRA,30.6,27.6,24.1,31.1,24.1-31.1,26.5,-43.33,-114.5,,,1.1,OVER,MED,0.5336,0.3023,0.7651,76.5,0.05,ACTIVE,ACTIVE MARKET,True,,"v5 intelligence blend from stats.wnba.com: season + recent form, usage, efficiency, minutes, pace, role score, and price lean.",Golden State Valkyries @ Indiana Fever,Indiana Fever,Golden State Valkyries,"[29.4, 28.5, 27.6, 26.7, 25.8]","[""ATL"", ""CHI"", ""DAL"", ""IND"", ""SEA""]",0.8,0.8,"[27.6, 26.7, 25.8, 29.0, 28.1]",9,0,,,
Shakira Austin,nan,Portland Fire @ Washington Mystics,nan,PTS,13.3,12.6,9.1,16.1,9.1-16.1,14.5,-130.5,-102.5,,,-1.9,UNDER,MED,0.5544,0.5062,0.0953,9.5,0.0244,ACTIVE,ACTIVE MARKET,True,,"v5 intelligence blend from stats.wnba.com: season + recent form, usage, efficiency, minutes, pace, role score, and price lean.",Portland Fire @ Washington Mystics,Washington Mystics,Portland Fire,"[10.8, 13.9, 13.0, 12.2, 11.2]","[""ATL"", ""CHI"", ""DAL"", ""IND"", ""SEA""]",1.0,1.0,"[11.7, 10.8, 13.9, 13.0, 12.2]",15,0,,,
Caitlin Clark,nan,Golden State Valkyries @ Indiana Fever,nan,REB,3.8,3.0,-0.5,6.5,-0.5-6.5,3.5,-139.5,108.33,,,-0.5,UNDER,MED,0.518,0.48,0.0791,7.9,0.0183,ACTIVE,ACTIVE MARKET,True,,"v5 intelligence blend from stats.wnba.com: season + recent form, usage, efficiency, minutes, pace, role score, and price lean.",Golden State Valkyries @ Indiana Fever,Indiana Fever,Golden State Valkyries,"[4.3, 3.5, 2.5, 1.6, 4.8]","[""ATL"", ""CHI"", ""DAL"", ""IND"", ""SEA""]",0.4,0.5,"[2.5, 1.6, 4.8, 3.9, 3.0]",9,0,,,
Shakira Austin,nan,Portland Fire @ Washington Mystics,nan,REB,9.3,10.3,6.8,13.8,6.8-13.8,9.5,105.0,-139.0,,,0.8,OVER,MED,0.5258,0.4878,0.0779,7.8,0.0185,ACTIVE,ACTIVE MARKET,True,,"v5 intelligence blend from stats.wnba.com: season + recent form, usage, efficiency, minutes, pace, role score, and price lean.",Portland Fire @ Washington Mystics,Washington Mystics,Portland Fire,"[11.2, 10.3, 9.4, 8.5, 11.7]","[""ATL"", ""CHI"", ""DAL"", ""IND"", ""SEA""]",0.6,0.7,"[12.1, 11.2, 10.3, 9.4, 8.5]",15,0,,,
Shakira Austin,nan,Portland Fire @ Washington Mystics,nan,RA,12.0,13.0,9.5,16.5,9.5-16.5,12.5,104.0,-141.0,,,0.5,OVER,MED,0.518,0.4902,0.0567,5.7,0.0136,ACTIVE,ACTIVE MARKET,True,,"v5 intelligence blend from stats.wnba.com: season + recent form, usage, efficiency, minutes, pace, role score, and price lean.",Portland Fire @ Washington Mystics,Washington Mystics,Portland Fire,"[12.6, 11.7, 14.8, 13.9, 13.0]","[""ATL"", ""CHI"", ""DAL"", ""IND"", ""SEA""]",0.8,0.7,"[13.4, 12.6, 11.7, 14.8, 13.9]",15,0,,,
Gabby Williams,nan,Golden State Valkyries @ Indiana Fever,nan,PRA,20.6,16.9,13.4,20.4,13.4-20.4,18.5,-122.0,-108.0,,,-1.6,UNDER,MED,0.5466,0.5192,0.0527,5.3,0.0142,ACTIVE,ACTIVE MARKET,True,,"v5 intelligence blend from stats.wnba.com: season + recent form, usage, efficiency, minutes, pace, role score, and price lean.",Golden State Valkyries @ Indiana Fever,Indiana Fever,Golden State Valkyries,"[15.1, 18.2, 17.3, 16.4, 15.5]","[""ATL"", ""CHI"", ""DAL"", ""IND"", ""SEA""]",1.0,0.9,"[17.3, 16.4, 15.5, 18.7, 17.8]",9,0,,,
Gabby Williams,nan,Golden State Valkyries @ Indiana Fever,nan,PA,17.1,13.9,10.4,17.4,10.4-17.4,15.5,-123.5,-108.5,,,-1.6,UNDER,MED,0.5466,0.5204,0.0504,5.0,0.0137,ACTIVE,ACTIVE MARKET,True,,"v5 intelligence blend from stats.wnba.com: season + recent form, usage, efficiency, minutes, pace, role score, and price lean.",Golden State Valkyries @ Indiana Fever,Indiana Fever,Golden State Valkyries,"[13.5, 12.6, 15.7, 14.8, 13.9]","[""ATL"", ""CHI"", ""DAL"", ""IND"", ""SEA""]",0.8,0.9,"[15.7, 14.8, 13.9, 13.0, 12.1]",9,0,,,
Aliyah Boston,nan,Golden State Valkyries @ Indiana Fever,nan,RA,11.1,11.0,7.5,14.5,7.5-14.5,11.5,-136.0,102.0,,,-0.5,UNDER,MED,0.518,0.495,0.0464,4.6,0.0114,ACTIVE,ACTIVE MARKET,True,,"v5 intelligence blend from stats.wnba.com: season + recent form, usage, efficiency, minutes, pace, role score, and price lean.",Golden State Valkyries @ Indiana Fever,Indiana Fever,Golden State Valkyries,"[11.4, 10.6, 9.7, 12.8, 11.9]","[""ATL"", ""CHI"", ""DAL"", ""IND"", ""SEA""]",0.6,0.7,"[9.7, 12.8, 11.9, 11.0, 10.1]",9,0,,,
Kelsey Mitchell,nan,Golden State Valkyries @ Indiana Fever,nan,3PM,4.4,4.4,0.9,7.9,0.9-7.9,2.5,-113.6,-123.33,,,1.9,OVER,MED,0.5544,0.5318,0.0424,4.2,0.012,ACTIVE,ACTIVE MARKET,True,,"v5 intelligence blend from stats.wnba.com: season + recent form, usage, efficiency, minutes, pace, role score, and price lean.",Golden State Valkyries @ Indiana Fever,Indiana Fever,Golden State Valkyries,"[5.8, 4.9, 4.0, 3.1, 6.2]","[""ATL"", ""CHI"", ""DAL"", ""IND"", ""SEA""]",1.0,1.0,"[4.0, 3.1, 6.2, 5.3, 4.4]",9,0,,,
Azzi Fudd,nan,New York Liberty @ Dallas Wings,nan,PTS,12.8,12.9,9.4,16.4,9.4-16.4,13.5,-130.0,100.0,,,-0.6,UNDER,MED,0.5206,0.5,0.0412,4.1,0.0103,ACTIVE,ACTIVE MARKET,True,,"v5 intelligence blend from stats.wnba.com: season + recent form, usage, efficiency, minutes, pace, role score, and price lean.",New York Liberty @ Dallas Wings,Dallas Wings,New York Liberty,"[13.8, 12.9, 12.0, 11.1, 14.2]","[""ATL"", ""CHI"", ""DAL"", ""IND"", ""SEA""]",0.6,0.6,"[12.5, 11.6, 14.7, 13.8, 12.9]",13,0,,,
Sophie Cunningham,nan,Golden State Valkyries @ Indiana Fever,nan,PR,11.2,8.9,5.4,12.4,5.4-12.4,9.5,-136.0,100.0,,,-0.6,UNDER,MED,0.5206,0.5,0.0412,4.1,0.0103,ACTIVE,ACTIVE MARKET,True,,"v5 intelligence blend from stats.wnba.com: season + recent form, usage, efficiency, minutes, pace, role score, and price lean.",Golden State Valkyries @ Indiana Fever,Indiana Fever,Golden State Valkyries,"[10.2, 9.3, 8.5, 7.6, 10.7]","[""ATL"", ""CHI"", ""DAL"", ""IND"", ""SEA""]",0.6,0.6,"[8.5, 7.6, 10.7, 9.8, 8.9]",9,0,,,
Veronica Burton,nan,Golden State Valkyries @ Indiana Fever,nan,PA,17.3,15.8,12.3,19.3,12.3-19.3,16.5,-133.0,-102.0,,,-0.7,UNDER,MED,0.5232,0.505,0.0361,3.6,0.0092,ACTIVE,ACTIVE MARKET,True,,"v5 intelligence blend from stats.wnba.com: season + recent form, usage, efficiency, minutes, pace, role score, and price lean.",Golden State Valkyries @ Indiana Fever,Indiana Fever,Golden State Valkyries,"[16.7, 15.8, 14.9, 14.0, 17.2]","[""ATL"", ""CHI"", ""DAL"", ""IND"", ""SEA""]",0.6,0.6,"[14.9, 14.0, 17.2, 16.2, 15.4]",9,0,,,
Veronica Burton,nan,Golden State Valkyries @ Indiana Fever,nan,PA,17.3,15.8,12.3,19.3,12.3-19.3,17.5,-114.0,-114.0,,,-1.7,UNDER,MED,0.5492,0.5327,0.031,3.1,0.0088,ACTIVE,ACTIVE MARKET,True,,"v5 intelligence blend from stats.wnba.com: season + recent form, usage, efficiency, minutes, pace, role score, and price lean.",Golden State Valkyries @ Indiana Fever,Indiana Fever,Golden State Valkyries,"[16.7, 15.8, 14.9, 14.0, 17.2]","[""ATL"", ""CHI"", ""DAL"", ""IND"", ""SEA""]",1.0,0.9,"[14.9, 14.0, 17.2, 16.2, 15.4]",9,0,,,
Breanna Stewart,nan,New York Liberty @ Dallas Wings,nan,PRA,30.8,33.0,29.5,36.5,29.5-36.5,31.5,-112.0,-121.0,,,1.5,OVER,MED,0.544,0.5283,0.0297,3.0,0.0083,ACTIVE,ACTIVE MARKET,True,,"v5 intelligence blend from stats.wnba.com: season + recent form, usage, efficiency, minutes, pace, role score, and price lean.",New York Liberty @ Dallas Wings,Dallas Wings,New York Liberty,"[33.5, 32.5, 31.6, 34.8, 33.9]","[""ATL"", ""CHI"", ""DAL"", ""IND"", ""SEA""]",1.0,0.9,"[32.1, 31.2, 34.4, 33.5, 32.5]",13,0,,,
Veronica Burton,nan,Golden State Valkyries @ Indiana Fever,nan,PRA,20.5,18.8,15.3,22.3,15.3-22.3,20.5,-116.5,-115.0,,,-1.7,UNDER,MED,0.5492,0.5349,0.0268,2.7,0.0077,ACTIVE,ACTIVE MARKET,True,,"v5 intelligence blend from stats.wnba.com: season + recent form, usage, efficiency, minutes, pace, role score, and price lean.",Golden State Valkyries @ Indiana Fever,Indiana Fever,Golden State Valkyries,"[18.4, 17.4, 20.6, 19.7, 18.8]","[""ATL"", ""CHI"", ""DAL"", ""IND"", ""SEA""]",0.8,0.9,"[20.6, 19.7, 18.8, 17.9, 17.0]",9,0,,,
Gabby Williams,nan,Golden State Valkyries @ Indiana Fever,nan,PR,18.4,15.0,11.5,18.5,11.5-18.5,16.5,-114.0,-114.0,,,-1.5,UNDER,MED,0.544,0.5327,0.0212,2.1,0.006,ACTIVE,ACTIVE MARKET,True,,"v5 intelligence blend from stats.wnba.com: season + recent form, usage, efficiency, minutes, pace, role score, and price lean.",Golden State Valkyries @ Indiana Fever,Indiana Fever,Golden State Valkyries,"[14.1, 13.2, 16.4, 15.4, 14.6]","[""ATL"", ""CHI"", ""DAL"", ""IND"", ""SEA""]",1.0,0.9,"[16.4, 15.4, 14.6, 13.7, 16.8]",9,0,,,
Jessica Shepard,nan,New York Liberty @ Dallas Wings,nan,PRA,30.6,31.9,28.4,35.4,28.4-35.4,32.5,-128.0,-104.0,,,-0.6,UNDER,MED,0.5206,0.5098,0.0212,2.1,0.0055,ACTIVE,ACTIVE MARKET,True,,"v5 intelligence blend from stats.wnba.com: season + recent form, usage, efficiency, minutes, pace, role score, and price lean.",New York Liberty @ Dallas Wings,Dallas Wings,New York Liberty,"[33.7, 32.8, 31.9, 31.0, 30.1]","[""ATL"", ""CHI"", ""DAL"", ""IND"", ""SEA""]",0.6,0.6,"[32.4, 31.4, 30.5, 33.7, 32.8]",13,0,,,
Shakira Austin,nan,Portland Fire @ Washington Mystics,nan,PRA,25.3,25.6,22.1,29.1,22.1-29.1,27.5,-111.5,-120.0,,,-1.9,UNDER,MED,0.5544,0.5455,0.0164,1.6,0.0049,ACTIVE,ACTIVE MARKET,True,,"v5 intelligence blend from stats.wnba.com: season + recent form, usage, efficiency, minutes, pace, role score, and price lean.",Portland Fire @ Washington Mystics,Washington Mystics,Portland Fire,"[27.0, 26.1, 25.2, 24.2, 27.4]","[""ATL"", ""CHI"", ""DAL"", ""IND"", ""SEA""]",1.0,1.0,"[23.8, 27.0, 26.1, 25.2, 24.2]",15,0,,,
Sophie Cunningham,nan,Golden State Valkyries @ Indiana Fever,nan,PRA,12.5,10.1,6.6,13.6,6.6-13.6,11.5,-114.0,-114.0,,,-1.4,UNDER,MED,0.5414,0.5327,0.0163,1.6,0.0046,ACTIVE,ACTIVE MARKET,True,,"v5 intelligence blend from stats.wnba.com: season + recent form, usage, efficiency, minutes, pace, role score, and price lean.",Golden State Valkyries @ Indiana Fever,Indiana Fever,Golden State Valkyries,"[10.5, 9.7, 8.8, 11.9, 11.0]","[""ATL"", ""CHI"", ""DAL"", ""IND"", ""SEA""]",0.8,0.9,"[8.8, 11.9, 11.0, 10.1, 9.2]",9,0,,,
Azzi Fudd,nan,New York Liberty @ Dallas Wings,nan,PA,14.5,14.9,11.4,18.4,11.4-18.4,16.5,-115.0,-116.5,,,-1.6,UNDER,MED,0.5466,0.5381,0.0158,1.6,0.0046,ACTIVE,ACTIVE MARKET,True,,"v5 intelligence blend from stats.wnba.com: season + recent form, usage, efficiency, minutes, pace, role score, and price lean.",New York Liberty @ Dallas Wings,Dallas Wings,New York Liberty,"[16.2, 15.3, 14.5, 13.6, 16.7]","[""ATL"", ""CHI"", ""DAL"", ""IND"", ""SEA""]",0.8,0.9,"[14.9, 14.0, 13.1, 16.2, 15.3]",13,0,,,
Gabby Williams,nan,Golden State Valkyries @ Indiana Fever,nan,PTS,15.0,12.0,8.5,15.5,8.5-15.5,13.5,-115.75,-115.33,,,-1.5,UNDER,MED,0.544,0.5356,0.0157,1.6,0.0045,ACTIVE,ACTIVE MARKET,True,,"v5 intelligence blend from stats.wnba.com: season + recent form, usage, efficiency, minutes, pace, role score, and price lean.",Golden State Valkyries @ Indiana Fever,Indiana Fever,Golden State Valkyries,"[11.1, 10.2, 13.3, 12.4, 11.6]","[""ATL"", ""CHI"", ""DAL"", ""IND"", ""SEA""]",1.0,0.9,"[13.3, 12.4, 11.6, 10.7, 13.8]",9,0,,,
Bridget Carleton,nan,Portland Fire @ Washington Mystics,nan,REB,3.6,4.2,0.7,7.7,0.7-7.7,3.5,-108.0,-123.67,,,0.7,OVER,MED,0.5232,0.5192,0.0076,0.8,0.0021,ACTIVE,ACTIVE MARKET,True,,"v5 intelligence blend from stats.wnba.com: season + recent form, usage, efficiency, minutes, pace, role score, and price lean.",Portland Fire @ Washington Mystics,Washington Mystics,Portland Fire,"[3.3, 2.4, 5.6, 4.7, 3.8]","[""ATL"", ""CHI"", ""DAL"", ""IND"", ""SEA""]",0.6,0.6,"[4.2, 3.3, 2.4, 5.6, 4.7]",15,0,,,
Carla Leite,nan,Portland Fire @ Washington Mystics,nan,PR,17.2,18.6,15.1,22.1,15.1-22.1,17.5,-113.0,-119.5,,,1.1,OVER,MED,0.5336,0.5305,0.0058,0.6,0.0016,ACTIVE,ACTIVE MARKET,True,,"v5 intelligence blend from stats.wnba.com: season + recent form, usage, efficiency, minutes, pace, role score, and price lean.",Portland Fire @ Washington Mystics,Washington Mystics,Portland Fire,"[20.0, 19.1, 18.2, 17.2, 20.4]","[""ATL"", ""CHI"", ""DAL"", ""IND"", ""SEA""]",0.8,0.8,"[16.8, 20.0, 19.1, 18.2, 17.2]",15,0,,,
Janelle Salaun,nan,Golden State Valkyries @ Indiana Fever,nan,PA,14.0,12.8,9.3,16.3,9.3-16.3,14.5,-112.0,-121.0,,,-1.7,UNDER,MED,0.5492,0.5475,0.0031,0.3,0.0009,ACTIVE,ACTIVE MARKET,True,,"v5 intelligence blend from stats.wnba.com: season + recent form, usage, efficiency, minutes, pace, role score, and price lean.",Golden State Valkyries @ Indiana Fever,Indiana Fever,Golden State Valkyries,"[12.8, 11.9, 11.0, 14.2, 13.2]","[""ATL"", ""CHI"", ""DAL"", ""IND"", ""SEA""]",1.0,0.9,"[11.0, 14.2, 13.2, 12.4, 11.5]",9,0,,,
Shakira Austin,nan,Portland Fire @ Washington Mystics,nan,PR,22.6,23.0,19.5,26.5,19.5-26.5,24.5,-112.0,-118.5,,,-1.5,UNDER,MED,0.544,0.5423,0.0031,0.3,0.0009,ACTIVE,ACTIVE MARKET,True,,"v5 intelligence blend from stats.wnba.com: season + recent form, usage, efficiency, minutes, pace, role score, and price lean.",Portland Fire @ Washington Mystics,Washington Mystics,Portland Fire,"[21.2, 24.4, 23.4, 22.6, 21.6]","[""ATL"", ""CHI"", ""DAL"", ""IND"", ""SEA""]",1.0,0.9,"[22.1, 21.2, 24.4, 23.4, 22.6]",15,0,,,
Janelle Salaun,nan,Golden State Valkyries @ Indiana Fever,nan,PTS,12.9,12.1,8.6,15.6,8.6-15.6,12.5,-126.0,-105.67,,,-0.4,UNDER,MED,0.5154,0.5138,0.0031,0.3,0.0008,ACTIVE,ACTIVE MARKET,True,,"v5 intelligence blend from stats.wnba.com: season + recent form, usage, efficiency, minutes, pace, role score, and price lean.",Golden State Valkyries @ Indiana Fever,Indiana Fever,Golden State Valkyries,"[11.7, 10.8, 13.9, 13.0, 12.1]","[""ATL"", ""CHI"", ""DAL"", ""IND"", ""SEA""]",0.6,0.6,"[13.9, 13.0, 12.1, 11.2, 10.3]",9,0,,,
Bridget Carleton,nan,Portland Fire @ Washington Mystics,nan,PR,17.0,17.7,14.2,21.2,14.2-21.2,16.5,-115.0,-116.5,,,1.2,OVER,MED,0.5362,0.5349,0.0025,0.2,0.0007,ACTIVE,ACTIVE MARKET,True,,"v5 intelligence blend from stats.wnba.com: season + recent form, usage, efficiency, minutes, pace, role score, and price lean.",Portland Fire @ Washington Mystics,Washington Mystics,Portland Fire,"[18.1, 17.2, 16.3, 19.5, 18.6]","[""ATL"", ""CHI"", ""DAL"", ""IND"", ""SEA""]",0.8,0.8,"[19.1, 18.1, 17.2, 16.3, 19.5]",15,0,,,
Azzi Fudd,nan,New York Liberty @ Dallas Wings,nan,PTS,12.8,12.7,9.2,16.2,9.2-16.2,14.5,-107.0,-124.5,,,-1.8,UNDER,MED,0.5518,0.5546,-0.005,-0.5,0.0,ACTIVE,ACTIVE MARKET,True,,"v5 intelligence blend from stats.wnba.com: season + recent form, usage, efficiency, minutes, pace, role score, and price lean.",New York Liberty @ Dallas Wings,Dallas Wings,New York Liberty,"[13.6, 12.7, 11.8, 10.9, 14.0]","[""ATL"", ""CHI"", ""DAL"", ""IND"", ""SEA""]",1.0,0.9,"[12.2, 11.3, 14.5, 13.6, 12.7]",13,0,,,
Emily Engstler,nan,Portland Fire @ Washington Mystics,nan,REB,5.3,5.8,2.3,9.3,2.3-9.3,6.5,-122.0,-111.0,,,-0.7,UNDER,MED,0.5232,0.5261,-0.0054,-0.5,0.0,ACTIVE,ACTIVE MARKET,True,,"v5 intelligence blend from stats.wnba.com: season + recent form, usage, efficiency, minutes, pace, role score, and price lean.",Portland Fire @ Washington Mystics,Washington Mystics,Portland Fire,"[4.4, 7.6, 6.7, 5.8, 4.9]","[""ATL"", ""CHI"", ""DAL"", ""IND"", ""SEA""]",0.6,0.7,"[5.3, 4.4, 7.6, 6.7, 5.8]",15,0,,,
Janelle Salaun,nan,Golden State Valkyries @ Indiana Fever,nan,PRA,18.0,16.8,13.3,20.3,13.3-20.3,18.5,-108.0,-123.5,,,-1.7,UNDER,MED,0.5492,0.5526,-0.0061,-0.6,0.0,ACTIVE,ACTIVE MARKET,True,,"v5 intelligence blend from stats.wnba.com: season + recent form, usage, efficiency, minutes, pace, role score, and price lean.",Golden State Valkyries @ Indiana Fever,Indiana Fever,Golden State Valkyries,"[15.5, 18.6, 17.7, 16.8, 15.9]","[""ATL"", ""CHI"", ""DAL"", ""IND"", ""SEA""]",0.8,0.9,"[17.7, 16.8, 15.9, 15.0, 18.2]",9,0,,,
Veronica Burton,nan,Golden State Valkyries @ Indiana Fever,nan,PR,15.4,13.8,10.3,17.3,10.3-17.3,15.5,-108.5,-123.5,,,-1.7,UNDER,MED,0.5492,0.5526,-0.0061,-0.6,0.0,ACTIVE,ACTIVE MARKET,True,,"v5 intelligence blend from stats.wnba.com: season + recent form, usage, efficiency, minutes, pace, role score, and price lean.",Golden State Valkyries @ Indiana Fever,Indiana Fever,Golden State Valkyries,"[14.2, 13.4, 12.5, 15.6, 14.7]","[""ATL"", ""CHI"", ""DAL"", ""IND"", ""SEA""]",0.8,0.9,"[12.5, 15.6, 14.7, 13.8, 12.9]",9,0,,,
Carla Leite,nan,Portland Fire @ Washington Mystics,nan,PRA,22.7,24.1,20.6,27.6,20.6-27.6,23.5,-110.0,-120.0,,,0.6,OVER,MED,0.5206,0.5238,-0.0061,-0.6,0.0,ACTIVE,ACTIVE MARKET,True,,"v5 intelligence blend from stats.wnba.com: season + recent form, usage, efficiency, minutes, pace, role score, and price lean.",Portland Fire @ Washington Mystics,Washington Mystics,Portland Fire,"[24.6, 23.7, 22.8, 25.9, 25.0]","[""ATL"", ""CHI"", ""DAL"", ""IND"", ""SEA""]",0.8,0.7,"[25.5, 24.6, 23.7, 22.8, 25.9]",15,0,,,
Sophie Cunningham,nan,Golden State Valkyries @ Indiana Fever,nan,PA,10.3,8.2,4.7,11.7,4.7-11.7,9.5,-114.0,-119.0,,,-1.3,UNDER,MED,0.5388,0.5434,-0.0084,-0.8,0.0,ACTIVE,ACTIVE MARKET,True,,"v5 intelligence blend from stats.wnba.com: season + recent form, usage, efficiency, minutes, pace, role score, and price lean.",Golden State Valkyries @ Indiana Fever,Indiana Fever,Golden State Valkyries,"[10.0, 9.1, 8.2, 7.3, 6.4]","[""ATL"", ""CHI"", ""DAL"", ""IND"", ""SEA""]",0.8,0.7,"[8.2, 7.3, 6.4, 9.5, 8.6]",9,0,,,
Jonquel Jones,nan,New York Liberty @ Dallas Wings,nan,PA,17.0,18.2,14.7,21.7,14.7-21.7,17.5,-112.0,-119.5,,,0.7,OVER,MED,0.5232,0.5283,-0.0097,-1.0,0.0,ACTIVE,ACTIVE MARKET,True,,"v5 intelligence blend from stats.wnba.com: season + recent form, usage, efficiency, minutes, pace, role score, and price lean.",New York Liberty @ Dallas Wings,Dallas Wings,New York Liberty,"[16.8, 20.0, 19.1, 18.2, 17.3]","[""ATL"", ""CHI"", ""DAL"", ""IND"", ""SEA""]",0.6,0.6,"[19.6, 18.6, 17.8, 16.8, 20.0]",13,0,,,
Carla Leite,nan,Portland Fire @ Washington Mystics,nan,PTS,14.9,16.2,12.7,19.7,12.7-19.7,14.5,-124.67,-106.0,,,1.7,OVER,MED,0.5492,0.5549,-0.0103,-1.0,0.0,ACTIVE,ACTIVE MARKET,True,,"v5 intelligence blend from stats.wnba.com: season + recent form, usage, efficiency, minutes, pace, role score, and price lean.",Portland Fire @ Washington Mystics,Washington Mystics,Portland Fire,"[17.6, 16.6, 15.8, 14.8, 18.0]","[""ATL"", ""CHI"", ""DAL"", ""IND"", ""SEA""]",1.0,0.9,"[14.4, 17.6, 16.6, 15.8, 14.8]",15,0,,,
Janelle Salaun,nan,Golden State Valkyries @ Indiana Fever,nan,PR,16.9,16.0,12.5,19.5,12.5-19.5,16.5,-123.0,-110.0,,,-0.5,UNDER,MED,0.518,0.5238,-0.0111,-1.1,0.0,ACTIVE,ACTIVE MARKET,True,,"v5 intelligence blend from stats.wnba.com: season + recent form, usage, efficiency, minutes, pace, role score, and price lean.",Golden State Valkyries @ Indiana Fever,Indiana Fever,Golden State Valkyries,"[15.6, 14.7, 17.8, 16.9, 16.0]","[""ATL"", ""CHI"", ""DAL"", ""IND"", ""SEA""]",0.6,0.7,"[17.8, 16.9, 16.0, 15.1, 14.2]",9,0,,,
Paige Bueckers,nan,New York Liberty @ Dallas Wings,nan,PRA,29.6,31.3,27.8,34.8,27.8-34.8,32.5,-113.0,-118.5,,,-1.2,UNDER,MED,0.5362,0.5423,-0.0113,-1.1,0.0,ACTIVE,ACTIVE MARKET,True,,"v5 intelligence blend from stats.wnba.com: season + recent form, usage, efficiency, minutes, pace, role score, and price lean.",New York Liberty @ Dallas Wings,Dallas Wings,New York Liberty,"[31.8, 30.9, 29.9, 33.1, 32.2]","[""ATL"", ""CHI"", ""DAL"", ""IND"", ""SEA""]",0.8,0.8,"[30.4, 29.5, 32.6, 31.8, 30.9]",13,0,,,
Veronica Burton,nan,Golden State Valkyries @ Indiana Fever,nan,PTS,12.1,10.8,7.3,14.3,7.3-14.3,12.5,-109.5,-125.0,,,-1.7,UNDER,MED,0.5492,0.5556,-0.0114,-1.1,0.0,ACTIVE,ACTIVE MARKET,True,,"v5 intelligence blend from stats.wnba.com: season + recent form, usage, efficiency, minutes, pace, role score, and price lean.",Golden State Valkyries @ Indiana Fever,Indiana Fever,Golden State Valkyries,"[11.2, 10.4, 9.5, 12.6, 11.7]","[""ATL"", ""CHI"", ""DAL"", ""IND"", ""SEA""]",0.8,0.9,"[9.5, 12.6, 11.7, 10.8, 9.9]",9,0,,,
Caitlin Clark,nan,Golden State Valkyries @ Indiana Fever,nan,PR,23.2,20.9,17.4,24.4,17.4-24.4,19.5,-121.5,-110.0,,,1.4,OVER,MED,0.5414,0.5485,-0.013,-1.3,0.0,ACTIVE,ACTIVE MARKET,True,,"v5 intelligence blend from stats.wnba.com: season + recent form, usage, efficiency, minutes, pace, role score, and price lean.",Golden State Valkyries @ Indiana Fever,Indiana Fever,Golden State Valkyries,"[19.5, 22.7, 21.8, 20.9, 20.0]","[""ATL"", ""CHI"", ""DAL"", ""IND"", ""SEA""]",0.8,0.7,"[21.8, 20.9, 20.0, 19.1, 22.2]",9,0,,,
Carla Leite,nan,Portland Fire @ Washington Mystics,nan,PA,20.4,21.7,18.2,25.2,18.2-25.2,20.5,-119.5,-112.5,,,1.2,OVER,MED,0.5362,0.5444,-0.0151,-1.5,0.0,ACTIVE,ACTIVE MARKET,True,,"v5 intelligence blend from stats.wnba.com: season + recent form, usage, efficiency, minutes, pace, role score, and price lean.",Portland Fire @ Washington Mystics,Washington Mystics,Portland Fire,"[23.5, 22.6, 21.7, 20.8, 19.9]","[""ATL"", ""CHI"", ""DAL"", ""IND"", ""SEA""]",0.8,0.8,"[20.3, 23.5, 22.6, 21.7, 20.8]",15,0,,,
Jessica Shepard,nan,New York Liberty @ Dallas Wings,nan,PRA,30.6,31.8,28.3,35.3,28.3-35.3,33.5,-107.0,-127.0,,,-1.7,UNDER,MED,0.5492,0.5595,-0.0184,-1.8,0.0,ACTIVE,ACTIVE MARKET,True,,"v5 intelligence blend from stats.wnba.com: season + recent form, usage, efficiency, minutes, pace, role score, and price lean.",New York Liberty @ Dallas Wings,Dallas Wings,New York Liberty,"[33.6, 32.7, 31.8, 30.9, 30.0]","[""ATL"", ""CHI"", ""DAL"", ""IND"", ""SEA""]",0.8,0.8,"[32.2, 31.4, 30.4, 33.6, 32.7]",13,0,,,
Jessica Shepard,nan,New York Liberty @ Dallas Wings,nan,PA,19.4,20.0,16.5,23.5,16.5-23.5,21.5,-106.5,-126.0,,,-1.5,UNDER,MED,0.544,0.5575,-0.0243,-2.4,0.0,ACTIVE,ACTIVE MARKET,True,,"v5 intelligence blend from stats.wnba.com: season + recent form, usage, efficiency, minutes, pace, role score, and price lean.",New York Liberty @ Dallas Wings,Dallas Wings,New York Liberty,"[19.1, 18.2, 21.4, 20.4, 19.6]","[""ATL"", ""CHI"", ""DAL"", ""IND"", ""SEA""]",1.0,0.9,"[21.8, 20.9, 20.0, 19.1, 18.2]",13,0,,,
Bridget Carleton,nan,Portland Fire @ Washington Mystics,nan,PTS,13.4,14.0,10.5,17.5,10.5-17.5,12.5,-127.33,-37.33,,,1.5,OVER,MED,0.544,0.5601,-0.0288,-2.9,0.0,ACTIVE,ACTIVE MARKET,True,,"v5 intelligence blend from stats.wnba.com: season + recent form, usage, efficiency, minutes, pace, role score, and price lean.",Portland Fire @ Washington Mystics,Washington Mystics,Portland Fire,"[14.4, 13.6, 12.7, 15.8, 14.9]","[""ATL"", ""CHI"", ""DAL"", ""IND"", ""SEA""]",1.0,0.9,"[15.3, 14.4, 13.6, 12.7, 15.8]",15,0,,,
Sonia Citron,nan,Portland Fire @ Washington Mystics,nan,REB,3.9,5.0,1.5,8.5,1.5-8.5,3.5,-127.33,-38.33,,,1.5,OVER,MED,0.544,0.5601,-0.0288,-2.9,0.0,ACTIVE,ACTIVE MARKET,True,,"v5 intelligence blend from stats.wnba.com: season + recent form, usage, efficiency, minutes, pace, role score, and price lean.",Portland Fire @ Washington Mystics,Washington Mystics,Portland Fire,"[6.3, 5.5, 4.5, 3.6, 6.8]","[""ATL"", ""CHI"", ""DAL"", ""IND"", ""SEA""]",1.0,0.9,"[3.2, 6.3, 5.5, 4.5, 3.6]",15,0,,,
Sophie Cunningham,nan,Golden State Valkyries @ Indiana Fever,nan,PTS,8.9,7.0,3.5,10.5,3.5-10.5,7.5,-116.25,-114.67,,,-0.5,UNDER,MED,0.518,0.5342,-0.0303,-3.0,0.0,ACTIVE,ACTIVE MARKET,True,,"v5 intelligence blend from stats.wnba.com: season + recent form, usage, efficiency, minutes, pace, role score, and price lean.",Golden State Valkyries @ Indiana Fever,Indiana Fever,Golden State Valkyries,"[8.3, 7.5, 6.5, 5.7, 8.8]","[""ATL"", ""CHI"", ""DAL"", ""IND"", ""SEA""]",0.4,0.5,"[6.5, 5.7, 8.8, 7.9, 7.0]",9,0,,,
Caitlin Clark,nan,Golden State Valkyries @ Indiana Fever,nan,RA,11.1,9.9,6.4,13.4,6.4-13.4,10.5,-115.5,-116.0,,,-0.6,UNDER,MED,0.5206,0.537,-0.0306,-3.1,0.0,ACTIVE,ACTIVE MARKET,True,,"v5 intelligence blend from stats.wnba.com: season + recent form, usage, efficiency, minutes, pace, role score, and price lean.",Golden State Valkyries @ Indiana Fever,Indiana Fever,Golden State Valkyries,"[9.9, 9.0, 8.1, 11.2, 10.3]","[""ATL"", ""CHI"", ""DAL"", ""IND"", ""SEA""]",0.8,0.7,"[8.1, 11.2, 10.3, 9.5, 8.6]",9,0,,,
Bridget Carleton,nan,Portland Fire @ Washington Mystics,nan,PRA,18.8,19.7,16.2,23.2,16.2-23.2,18.5,-124.0,-108.5,,,1.2,OVER,MED,0.5362,0.5536,-0.0314,-3.1,0.0,ACTIVE,ACTIVE MARKET,True,,"v5 intelligence blend from stats.wnba.com: season + recent form, usage, efficiency, minutes, pace, role score, and price lean.",Portland Fire @ Washington Mystics,Washington Mystics,Portland Fire,"[19.2, 18.3, 21.5, 20.6, 19.7]","[""ATL"", ""CHI"", ""DAL"", ""IND"", ""SEA""]",0.8,0.8,"[20.1, 19.2, 18.3, 21.5, 20.6]",15,0,,,
Carla Leite,nan,Portland Fire @ Washington Mystics,nan,PRA,22.7,24.2,20.7,27.7,20.7-27.7,22.5,-131.0,-104.0,,,1.7,OVER,MED,0.5492,0.5671,-0.0316,-3.2,0.0,ACTIVE,ACTIVE MARKET,True,,"v5 intelligence blend from stats.wnba.com: season + recent form, usage, efficiency, minutes, pace, role score, and price lean.",Portland Fire @ Washington Mystics,Washington Mystics,Portland Fire,"[24.6, 23.8, 22.8, 26.0, 25.1]","[""ATL"", ""CHI"", ""DAL"", ""IND"", ""SEA""]",1.0,0.9,"[25.6, 24.6, 23.8, 22.8, 26.0]",15,0,,,
Veronica Burton,nan,Golden State Valkyries @ Indiana Fever,nan,RA,8.4,7.1,3.6,10.6,3.6-10.6,8.5,-5.5,-127.0,,,-1.4,UNDER,MED,0.5414,0.5595,-0.0323,-3.2,0.0,ACTIVE,ACTIVE MARKET,True,,"v5 intelligence blend from stats.wnba.com: season + recent form, usage, efficiency, minutes, pace, role score, and price lean.",Golden State Valkyries @ Indiana Fever,Indiana Fever,Golden State Valkyries,"[8.9, 8.0, 7.1, 6.2, 5.3]","[""ATL"", ""CHI"", ""DAL"", ""IND"", ""SEA""]",0.8,0.8,"[7.1, 6.2, 5.3, 8.4, 7.5]",9,0,,,
Breanna Stewart,nan,New York Liberty @ Dallas Wings,nan,RA,11.0,10.5,7.0,14.0,7.0-14.0,11.5,-108.0,-122.0,,,-1.0,UNDER,MED,0.531,0.5495,-0.0338,-3.4,0.0,ACTIVE,ACTIVE MARKET,True,,"v5 intelligence blend from stats.wnba.com: season + recent form, usage, efficiency, minutes, pace, role score, and price lean.",New York Liberty @ Dallas Wings,Dallas Wings,New York Liberty,"[9.2, 12.3, 11.4, 10.5, 9.6]","[""ATL"", ""CHI"", ""DAL"", ""IND"", ""SEA""]",0.8,0.8,"[11.8, 10.9, 10.1, 9.2, 12.3]",13,0,,,
Aliyah Boston,nan,Golden State Valkyries @ Indiana Fever,nan,PTS,16.6,17.0,13.5,20.5,13.5-20.5,15.5,-129.0,-106.5,,,1.5,OVER,MED,0.544,0.5633,-0.0343,-3.4,0.0,ACTIVE,ACTIVE MARKET,True,,"v5 intelligence blend from stats.wnba.com: season + recent form, usage, efficiency, minutes, pace, role score, and price lean.",Golden State Valkyries @ Indiana Fever,Indiana Fever,Golden State Valkyries,"[16.1, 15.2, 18.4, 17.4, 16.6]","[""ATL"", ""CHI"", ""DAL"", ""IND"", ""SEA""]",0.8,0.9,"[18.4, 17.4, 16.6, 15.7, 18.8]",9,0,,,
Jonquel Jones,nan,New York Liberty @ Dallas Wings,nan,PR,23.3,25.0,21.5,28.5,21.5-28.5,24.5,-116.0,-114.5,,,0.5,OVER,MED,0.518,0.537,-0.0354,-3.5,0.0,ACTIVE,ACTIVE MARKET,True,,"v5 intelligence blend from stats.wnba.com: season + recent form, usage, efficiency, minutes, pace, role score, and price lean.",New York Liberty @ Dallas Wings,Dallas Wings,New York Liberty,"[23.2, 26.4, 25.4, 24.6, 23.6]","[""ATL"", ""CHI"", ""DAL"", ""IND"", ""SEA""]",0.6,0.6,"[25.9, 25.0, 24.1, 23.2, 26.4]",13,0,,,
Jonquel Jones,nan,New York Liberty @ Dallas Wings,nan,PTS,14.5,15.7,12.2,19.2,12.2-19.2,14.5,-125.67,-105.0,,,1.2,OVER,MED,0.5362,0.5569,-0.0371,-3.7,0.0,ACTIVE,ACTIVE MARKET,True,,"v5 intelligence blend from stats.wnba.com: season + recent form, usage, efficiency, minutes, pace, role score, and price lean.",New York Liberty @ Dallas Wings,Dallas Wings,New York Liberty,"[13.9, 17.1, 16.1, 15.2, 14.3]","[""ATL"", ""CHI"", ""DAL"", ""IND"", ""SEA""]",0.6,0.7,"[16.6, 15.7, 14.8, 13.9, 17.1]",13,0,,,
Kelsey Mitchell,nan,Golden State Valkyries @ Indiana Fever,nan,AST,2.7,3.5,0.0,7.0,0.0-7.0,2.5,-123.0,-115.0,,,1.0,OVER,MED,0.531,0.5516,-0.0373,-3.7,0.0,ACTIVE,ACTIVE MARKET,True,,"v5 intelligence blend from stats.wnba.com: season + recent form, usage, efficiency, minutes, pace, role score, and price lean.",Golden State Valkyries @ Indiana Fever,Indiana Fever,Golden State Valkyries,"[5.3, 4.4, 3.5, 2.6, 1.7]","[""ATL"", ""CHI"", ""DAL"", ""IND"", ""SEA""]",0.8,0.8,"[3.5, 2.6, 1.7, 4.8, 4.0]",9,0,,,
Paige Bueckers,nan,New York Liberty @ Dallas Wings,nan,PA,25.7,27.1,23.6,30.6,23.6-30.6,27.5,-116.0,-116.0,,,-0.4,UNDER,MED,0.5154,0.537,-0.0403,-4.0,0.0,ACTIVE,ACTIVE MARKET,True,,"v5 intelligence blend from stats.wnba.com: season + recent form, usage, efficiency, minutes, pace, role score, and price lean.",New York Liberty @ Dallas Wings,Dallas Wings,New York Liberty,"[28.9, 28.0, 27.1, 26.2, 25.3]","[""ATL"", ""CHI"", ""DAL"", ""IND"", ""SEA""]",0.6,0.5,"[27.6, 26.7, 25.8, 28.9, 28.0]",13,0,,,
Monique Billings,nan,Golden State Valkyries @ Indiana Fever,nan,PR,11.5,11.0,7.5,14.5,7.5-14.5,11.5,-112.0,-118.0,,,-0.5,UNDER,MED,0.518,0.5413,-0.043,-4.3,0.0,ACTIVE,ACTIVE MARKET,True,,"v5 intelligence blend from stats.wnba.com: season + recent form, usage, efficiency, minutes, pace, role score, and price lean.",Golden State Valkyries @ Indiana Fever,Indiana Fever,Golden State Valkyries,"[10.6, 9.7, 12.8, 11.9, 11.0]","[""ATL"", ""CHI"", ""DAL"", ""IND"", ""SEA""]",0.6,0.7,"[12.8, 11.9, 11.0, 10.1, 9.2]",9,0,,,
Jessica Shepard,nan,New York Liberty @ Dallas Wings,nan,PR,25.4,26.9,23.4,30.4,23.4-30.4,27.5,-112.0,-119.5,,,-0.6,UNDER,MED,0.5206,0.5444,-0.0438,-4.4,0.0,ACTIVE,ACTIVE MARKET,True,,"v5 intelligence blend from stats.wnba.com: season + recent form, usage, efficiency, minutes, pace, role score, and price lean.",New York Liberty @ Dallas Wings,Dallas Wings,New York Liberty,"[25.5, 28.7, 27.8, 26.9, 26.0]","[""ATL"", ""CHI"", ""DAL"", ""IND"", ""SEA""]",0.6,0.7,"[28.2, 27.3, 26.4, 25.5, 28.7]",13,0,,,
Aliyah Boston,nan,Golden State Valkyries @ Indiana Fever,nan,RA,11.1,10.8,7.3,14.3,7.3-14.3,12.5,-101.0,-135.0,,,-1.7,UNDER,MED,0.5492,0.5745,-0.044,-4.4,0.0,ACTIVE,ACTIVE MARKET,True,,"v5 intelligence blend from stats.wnba.com: season + recent form, usage, efficiency, minutes, pace, role score, and price lean.",Golden State Valkyries @ Indiana Fever,Indiana Fever,Golden State Valkyries,"[11.2, 10.4, 9.5, 12.6, 11.7]","[""ATL"", ""CHI"", ""DAL"", ""IND"", ""SEA""]",0.8,0.9,"[9.5, 12.6, 11.7, 10.8, 9.9]",9,0,,,
Bridget Carleton,nan,Portland Fire @ Washington Mystics,nan,3PM,1.8,1.9,-1.6,5.4,-1.6-5.4,2.5,-109.33,-122.0,,,-0.6,UNDER,MED,0.5206,0.5495,-0.0527,-5.3,0.0,ACTIVE,ACTIVE MARKET,True,,"v5 intelligence blend from stats.wnba.com: season + recent form, usage, efficiency, minutes, pace, role score, and price lean.",Portland Fire @ Washington Mystics,Washington Mystics,Portland Fire,"[3.2, 2.4, 1.4, 0.5, 3.7]","[""ATL"", ""CHI"", ""DAL"", ""IND"", ""SEA""]",0.6,0.6,"[0.1, 3.2, 2.4, 1.4, 0.5]",15,0,,,
Paige Bueckers,nan,New York Liberty @ Dallas Wings,nan,PTS,19.6,20.7,17.2,24.2,17.2-24.2,21.5,-38.0,-126.0,,,-0.8,UNDER,MED,0.5258,0.5575,-0.0569,-5.7,0.0,ACTIVE,ACTIVE MARKET,True,,"v5 intelligence blend from stats.wnba.com: season + recent form, usage, efficiency, minutes, pace, role score, and price lean.",New York Liberty @ Dallas Wings,Dallas Wings,New York Liberty,"[22.1, 21.1, 20.2, 19.3, 22.5]","[""ATL"", ""CHI"", ""DAL"", ""IND"", ""SEA""]",0.6,0.6,"[20.7, 19.8, 18.9, 22.1, 21.1]",13,0,,,
Aliyah Boston,nan,Golden State Valkyries @ Indiana Fever,nan,PA,19.5,19.4,15.9,22.9,15.9-22.9,18.5,-127.5,-105.0,,,0.9,OVER,MED,0.5284,0.5604,-0.0572,-5.7,0.0,ACTIVE,ACTIVE MARKET,True,,"v5 intelligence blend from stats.wnba.com: season + recent form, usage, efficiency, minutes, pace, role score, and price lean.",Golden State Valkyries @ Indiana Fever,Indiana Fever,Golden State Valkyries,"[18.9, 18.0, 21.2, 20.3, 19.4]","[""ATL"", ""CHI"", ""DAL"", ""IND"", ""SEA""]",0.8,0.7,"[21.2, 20.3, 19.4, 18.5, 17.6]",9,0,,,
Janelle Salaun,nan,Golden State Valkyries @ Indiana Fever,nan,REB,4.0,4.0,0.5,7.5,0.5-7.5,3.5,-122.0,-38.67,,,0.5,OVER,MED,0.518,0.5495,-0.0574,-5.7,0.0,ACTIVE,ACTIVE MARKET,True,,"v5 intelligence blend from stats.wnba.com: season + recent form, usage, efficiency, minutes, pace, role score, and price lean.",Golden State Valkyries @ Indiana Fever,Indiana Fever,Golden State Valkyries,"[2.2, 5.3, 4.5, 3.5, 2.6]","[""ATL"", ""CHI"", ""DAL"", ""IND"", ""SEA""]",0.4,0.5,"[4.5, 3.5, 2.6, 5.8, 4.9]",9,0,,,
Bridget Carleton,nan,Portland Fire @ Washington Mystics,nan,PA,15.2,15.6,12.1,19.1,12.1-19.1,14.5,-131.0,-104.0,,,1.1,OVER,MED,0.5336,0.5671,-0.0591,-5.9,0.0,ACTIVE,ACTIVE MARKET,True,,"v5 intelligence blend from stats.wnba.com: season + recent form, usage, efficiency, minutes, pace, role score, and price lean.",Portland Fire @ Washington Mystics,Washington Mystics,Portland Fire,"[16.5, 15.6, 14.7, 13.8, 16.9]","[""ATL"", ""CHI"", ""DAL"", ""IND"", ""SEA""]",0.8,0.8,"[17.4, 16.5, 15.6, 14.7, 13.8]",15,0,,,
Kiki Iriafen,nan,Portland Fire @ Washington Mystics,nan,PTS,15.1,15.6,12.1,19.1,12.1-19.1,14.5,-131.0,-102.0,,,1.1,OVER,MED,0.5336,0.5671,-0.0591,-5.9,0.0,ACTIVE,ACTIVE MARKET,True,,"v5 intelligence blend from stats.wnba.com: season + recent form, usage, efficiency, minutes, pace, role score, and price lean.",Portland Fire @ Washington Mystics,Washington Mystics,Portland Fire,"[14.7, 13.8, 16.9, 16.1, 15.2]","[""ATL"", ""CHI"", ""DAL"", ""IND"", ""SEA""]",0.8,0.8,"[15.6, 14.7, 13.8, 16.9, 16.1]",15,0,,,
Aliyah Boston,nan,Golden State Valkyries @ Indiana Fever,nan,PRA,27.8,27.8,24.3,31.3,24.3-31.3,28.5,-106.5,-126.0,,,-0.7,UNDER,MED,0.5232,0.5575,-0.0616,-6.2,0.0,ACTIVE,ACTIVE MARKET,True,,"v5 intelligence blend from stats.wnba.com: season + recent form, usage, efficiency, minutes, pace, role score, and price lean.",Golden State Valkyries @ Indiana Fever,Indiana Fever,Golden State Valkyries,"[26.0, 29.2, 28.2, 27.4, 26.4]","[""ATL"", ""CHI"", ""DAL"", ""IND"", ""SEA""]",0.8,0.7,"[28.2, 27.4, 26.4, 29.6, 28.7]",9,0,,,
Jessica Shepard,nan,New York Liberty @ Dallas Wings,nan,RA,16.3,16.6,13.1,20.1,13.1-20.1,17.5,-105.0,-129.0,,,-0.9,UNDER,MED,0.5284,0.5633,-0.062,-6.2,0.0,ACTIVE,ACTIVE MARKET,True,,"v5 intelligence blend from stats.wnba.com: season + recent form, usage, efficiency, minutes, pace, role score, and price lean.",New York Liberty @ Dallas Wings,Dallas Wings,New York Liberty,"[16.6, 15.7, 14.8, 18.0, 17.1]","[""ATL"", ""CHI"", ""DAL"", ""IND"", ""SEA""]",0.8,0.7,"[15.3, 18.4, 17.5, 16.6, 15.7]",13,0,,,
Jessica Shepard,nan,New York Liberty @ Dallas Wings,nan,REB,11.2,11.9,8.4,15.4,8.4-15.4,11.5,-122.0,-110.33,,,0.4,OVER,MED,0.5154,0.5495,-0.0621,-6.2,0.0,ACTIVE,ACTIVE MARKET,True,,"v5 intelligence blend from stats.wnba.com: season + recent form, usage, efficiency, minutes, pace, role score, and price lean.",New York Liberty @ Dallas Wings,Dallas Wings,New York Liberty,"[13.2, 12.3, 11.5, 10.6, 13.7]","[""ATL"", ""CHI"", ""DAL"", ""IND"", ""SEA""]",0.6,0.6,"[11.9, 11.0, 10.1, 13.2, 12.3]",13,0,,,
Jonquel Jones,nan,New York Liberty @ Dallas Wings,nan,RA,11.4,12.6,9.1,16.1,9.1-16.1,11.5,-132.0,-1.5,,,1.1,OVER,MED,0.5336,0.569,-0.0622,-6.2,0.0,ACTIVE,ACTIVE MARKET,True,,"v5 intelligence blend from stats.wnba.com: season + recent form, usage, efficiency, minutes, pace, role score, and price lean.",New York Liberty @ Dallas Wings,Dallas Wings,New York Liberty,"[12.2, 11.2, 14.4, 13.5, 12.6]","[""ATL"", ""CHI"", ""DAL"", ""IND"", ""SEA""]",0.8,0.8,"[10.8, 13.9, 13.0, 12.2, 11.2]",13,0,,,
Sonia Citron,nan,Portland Fire @ Washington Mystics,nan,RA,7.3,8.1,4.6,11.6,4.6-11.6,6.5,-142.0,106.0,,,1.6,OVER,MED,0.5466,0.5868,-0.0685,-6.9,0.0,ACTIVE,ACTIVE MARKET,True,,"v5 intelligence blend from stats.wnba.com: season + recent form, usage, efficiency, minutes, pace, role score, and price lean.",Portland Fire @ Washington Mystics,Washington Mystics,Portland Fire,"[8.1, 7.2, 6.3, 9.4, 8.5]","[""ATL"", ""CHI"", ""DAL"", ""IND"", ""SEA""]",0.8,0.9,"[9.0, 8.1, 7.2, 6.3, 9.4]",15,0,,,
Shakira Austin,nan,Portland Fire @ Washington Mystics,nan,RA,12.0,13.2,9.7,16.7,9.7-16.7,11.5,-144.0,108.0,,,1.7,OVER,MED,0.5492,0.5902,-0.0694,-6.9,0.0,ACTIVE,ACTIVE MARKET,True,,"v5 intelligence blend from stats.wnba.com: season + recent form, usage, efficiency, minutes, pace, role score, and price lean.",Portland Fire @ Washington Mystics,Washington Mystics,Portland Fire,"[12.8, 11.8, 15.0, 14.1, 13.2]","[""ATL"", ""CHI"", ""DAL"", ""IND"", ""SEA""]",1.0,0.9,"[13.6, 12.8, 11.8, 15.0, 14.1]",15,0,,,
Gabby Williams,nan,Golden State Valkyries @ Indiana Fever,nan,RA,5.7,4.4,0.9,7.9,0.9-7.9,5.5,102.0,-136.0,,,-1.1,UNDER,MED,0.5336,0.5763,-0.074,-7.4,0.0,ACTIVE,ACTIVE MARKET,True,,"v5 intelligence blend from stats.wnba.com: season + recent form, usage, efficiency, minutes, pace, role score, and price lean.",Golden State Valkyries @ Indiana Fever,Indiana Fever,Golden State Valkyries,"[4.9, 4.0, 3.1, 6.2, 5.3]","[""ATL"", ""CHI"", ""DAL"", ""IND"", ""SEA""]",0.8,0.8,"[3.1, 6.2, 5.3, 4.4, 3.5]",9,0,,,
Kiki Iriafen,nan,Portland Fire @ Washington Mystics,nan,REB,8.9,9.4,5.9,12.9,5.9-12.9,10.5,-32.33,-136.0,,,-1.1,UNDER,MED,0.5336,0.5763,-0.074,-7.4,0.0,ACTIVE,ACTIVE MARKET,True,,"v5 intelligence blend from stats.wnba.com: season + recent form, usage, efficiency, minutes, pace, role score, and price lean.",Portland Fire @ Washington Mystics,Washington Mystics,Portland Fire,"[11.2, 10.3, 9.4, 8.5, 7.6]","[""ATL"", ""CHI"", ""DAL"", ""IND"", ""SEA""]",0.8,0.7,"[8.1, 11.2, 10.3, 9.4, 8.5]",15,0,,,
Paige Bueckers,nan,New York Liberty @ Dallas Wings,nan,RA,10.0,10.2,6.7,13.7,6.7-13.7,11.5,103.0,-140.0,,,-1.3,UNDER,MED,0.5388,0.5833,-0.0763,-7.6,0.0,ACTIVE,ACTIVE MARKET,True,,"v5 intelligence blend from stats.wnba.com: season + recent form, usage, efficiency, minutes, pace, role score, and price lean.",New York Liberty @ Dallas Wings,Dallas Wings,New York Liberty,"[8.8, 12.0, 11.1, 10.2, 9.3]","[""ATL"", ""CHI"", ""DAL"", ""IND"", ""SEA""]",0.8,0.8,"[11.5, 10.6, 9.8, 8.8, 12.0]",13,0,,,
Jessica Shepard,nan,New York Liberty @ Dallas Wings,nan,AST,5.2,4.9,1.4,8.4,1.4-8.4,5.5,-104.0,-129.33,,,-0.6,UNDER,MED,0.5206,0.5639,-0.0769,-7.7,0.0,ACTIVE,ACTIVE MARKET,True,,"v5 intelligence blend from stats.wnba.com: season + recent form, usage, efficiency, minutes, pace, role score, and price lean.",New York Liberty @ Dallas Wings,Dallas Wings,New York Liberty,"[4.9, 4.0, 3.1, 6.2, 5.4]","[""ATL"", ""CHI"", ""DAL"", ""IND"", ""SEA""]",0.8,0.7,"[3.6, 6.7, 5.8, 4.9, 4.0]",13,0,,,
Kiah Stokes,nan,Golden State Valkyries @ Indiana Fever,nan,REB,5.0,5.5,2.0,9.0,2.0-9.0,4.5,-136.5,-0.5,,,1.0,OVER,MED,0.531,0.5772,-0.08,-8.0,0.0,ACTIVE,ACTIVE MARKET,True,,"v5 intelligence blend from stats.wnba.com: season + recent form, usage, efficiency, minutes, pace, role score, and price lean.",Golden State Valkyries @ Indiana Fever,Indiana Fever,Golden State Valkyries,"[3.7, 6.8, 6.0, 5.0, 4.2]","[""ATL"", ""CHI"", ""DAL"", ""IND"", ""SEA""]",0.6,0.7,"[6.0, 5.0, 4.2, 7.3, 6.4]",9,0,,,
Aliyah Boston,nan,Golden State Valkyries @ Indiana Fever,nan,REB,8.3,8.4,4.9,11.9,4.9-11.9,9.5,103.33,-138.33,,,-1.1,UNDER,MED,0.5336,0.5804,-0.0807,-8.1,0.0,ACTIVE,ACTIVE MARKET,True,,"v5 intelligence blend from stats.wnba.com: season + recent form, usage, efficiency, minutes, pace, role score, and price lean.",Golden State Valkyries @ Indiana Fever,Indiana Fever,Golden State Valkyries,"[10.2, 9.3, 8.4, 7.5, 6.6]","[""ATL"", ""CHI"", ""DAL"", ""IND"", ""SEA""]",0.8,0.7,"[8.4, 7.5, 6.6, 9.8, 8.8]",9,0,,,
Sophie Cunningham,nan,Golden State Valkyries @ Indiana Fever,nan,REB,2.2,1.3,-2.2,4.8,-2.2-4.8,2.5,119.5,-141.0,,,-1.2,UNDER,MED,0.5362,0.5851,-0.0835,-8.3,0.0,ACTIVE,ACTIVE MARKET,True,,"v5 intelligence blend from stats.wnba.com: season + recent form, usage, efficiency, minutes, pace, role score, and price lean.",Golden State Valkyries @ Indiana Fever,Indiana Fever,Golden State Valkyries,"[1.3, 0.4, 0, 2.7, 1.8]","[""ATL"", ""CHI"", ""DAL"", ""IND"", ""SEA""]",0.8,0.8,"[0, 2.7, 1.8, 0.9, 0]",9,0,,,
Bridget Carleton,nan,Portland Fire @ Washington Mystics,nan,RA,5.4,6.2,2.7,9.7,2.7-9.7,5.5,-136.0,102.0,,,0.7,OVER,MED,0.5232,0.5763,-0.0921,-9.2,0.0,ACTIVE,ACTIVE MARKET,True,,"v5 intelligence blend from stats.wnba.com: season + recent form, usage, efficiency, minutes, pace, role score, and price lean.",Portland Fire @ Washington Mystics,Washington Mystics,Portland Fire,"[8.0, 7.1, 6.2, 5.3, 4.4]","[""ATL"", ""CHI"", ""DAL"", ""IND"", ""SEA""]",0.6,0.7,"[4.8, 8.0, 7.1, 6.2, 5.3]",15,0,,,
Monique Billings,nan,Golden State Valkyries @ Indiana Fever,nan,PR,11.5,11.1,7.6,14.6,7.6-14.6,10.5,-137.0,101.0,,,0.6,OVER,MED,0.5206,0.5781,-0.0994,-9.9,0.0,ACTIVE,ACTIVE MARKET,True,,"v5 intelligence blend from stats.wnba.com: season + recent form, usage, efficiency, minutes, pace, role score, and price lean.",Golden State Valkyries @ Indiana Fever,Indiana Fever,Golden State Valkyries,"[10.7, 9.8, 12.9, 12.0, 11.1]","[""ATL"", ""CHI"", ""DAL"", ""IND"", ""SEA""]",0.8,0.7,"[12.9, 12.0, 11.1, 10.2, 9.3]",9,0,,,
Jonquel Jones,nan,New York Liberty @ Dallas Wings,nan,3PM,2.2,2.0,-1.5,5.5,-1.5-5.5,1.5,-136.0,35.0,,,0.5,OVER,MED,0.518,0.5763,-0.1011,-10.1,0.0,ACTIVE,ACTIVE MARKET,True,,"v5 intelligence blend from stats.wnba.com: season + recent form, usage, efficiency, minutes, pace, role score, and price lean.",New York Liberty @ Dallas Wings,Dallas Wings,New York Liberty,"[1.1, 0.2, 3.4, 2.5, 1.6]","[""ATL"", ""CHI"", ""DAL"", ""IND"", ""SEA""]",0.6,0.6,"[3.8, 2.9, 2.0, 1.1, 0.2]",13,0,,,
Breanna Stewart,nan,New York Liberty @ Dallas Wings,nan,REB,8.3,8.0,4.5,11.5,4.5-11.5,8.5,102.67,-137.67,,,-0.5,UNDER,MED,0.518,0.5792,-0.1057,-10.6,0.0,ACTIVE,ACTIVE MARKET,True,,"v5 intelligence blend from stats.wnba.com: season + recent form, usage, efficiency, minutes, pace, role score, and price lean.",New York Liberty @ Dallas Wings,Dallas Wings,New York Liberty,"[8.0, 7.1, 6.2, 9.3, 8.4]","[""ATL"", ""CHI"", ""DAL"", ""IND"", ""SEA""]",0.8,0.7,"[6.7, 9.8, 8.9, 8.0, 7.1]",13,0,,,
Monique Billings,nan,Golden State Valkyries @ Indiana Fever,nan,REB,5.2,5.3,1.8,8.8,1.8-8.8,4.5,-143.5,110.67,,,0.8,OVER,MED,0.5258,0.5893,-0.1078,-10.8,0.0,ACTIVE,ACTIVE MARKET,True,,"v5 intelligence blend from stats.wnba.com: season + recent form, usage, efficiency, minutes, pace, role score, and price lean.",Golden State Valkyries @ Indiana Fever,Indiana Fever,Golden State Valkyries,"[3.5, 6.7, 5.8, 4.8, 3.9]","[""ATL"", ""CHI"", ""DAL"", ""IND"", ""SEA""]",0.6,0.6,"[5.8, 4.8, 3.9, 7.1, 6.2]",9,0,,,
Sophie Cunningham,nan,Golden State Valkyries @ Indiana Fever,nan,3PM,1.2,0.7,-2.8,4.2,-2.8-4.2,1.5,113.75,-144.5,,,-0.8,UNDER,MED,0.5258,0.591,-0.1103,-11.0,0.0,ACTIVE,ACTIVE MARKET,True,,"v5 intelligence blend from stats.wnba.com: season + recent form, usage, efficiency, minutes, pace, role score, and price lean.",Golden State Valkyries @ Indiana Fever,Indiana Fever,Golden State Valkyries,"[0, 2.0, 1.1, 0.2, 0]","[""ATL"", ""CHI"", ""DAL"", ""IND"", ""SEA""]",0.8,0.7,"[1.1, 0.2, 0, 2.5, 1.6]",9,0,,,
Carla Leite,nan,Portland Fire @ Washington Mystics,nan,RA,7.8,7.8,4.3,11.3,4.3-11.3,8.5,107.0,-143.0,,,-0.7,UNDER,MED,0.5232,0.5885,-0.1109,-11.1,0.0,ACTIVE,ACTIVE MARKET,True,,"v5 intelligence blend from stats.wnba.com: season + recent form, usage, efficiency, minutes, pace, role score, and price lean.",Portland Fire @ Washington Mystics,Washington Mystics,Portland Fire,"[6.4, 9.6, 8.7, 7.8, 6.9]","[""ATL"", ""CHI"", ""DAL"", ""IND"", ""SEA""]",0.6,0.7,"[7.3, 6.4, 9.6, 8.7, 7.8]",15,0,,,
Gabby Williams,nan,Golden State Valkyries @ Indiana Fever,nan,3PM,1.2,1.1,-2.4,4.6,-2.4-4.6,1.5,21.0,-139.33,,,-0.4,UNDER,MED,0.5154,0.5822,-0.1147,-11.5,0.0,ACTIVE,ACTIVE MARKET,True,,"v5 intelligence blend from stats.wnba.com: season + recent form, usage, efficiency, minutes, pace, role score, and price lean.",Golden State Valkyries @ Indiana Fever,Indiana Fever,Golden State Valkyries,"[1.1, 0.2, 0, 2.5, 1.6]","[""ATL"", ""CHI"", ""DAL"", ""IND"", ""SEA""]",0.6,0.6,"[0, 2.5, 1.6, 0.7, 0]",9,0,,,
Sabrina Ionescu,nan,New York Liberty @ Dallas Wings,nan,AST,3.8,3.9,0.4,7.4,0.4-7.4,5.5,124.0,-167.5,,,-1.6,UNDER,MED,0.5466,0.6262,-0.1271,-12.7,0.0,ACTIVE,ACTIVE MARKET,True,,"v5 intelligence blend from stats.wnba.com: season + recent form, usage, efficiency, minutes, pace, role score, and price lean.",New York Liberty @ Dallas Wings,Dallas Wings,New York Liberty,"[5.7, 4.8, 3.9, 3.0, 2.1]","[""ATL"", ""CHI"", ""DAL"", ""IND"", ""SEA""]",0.8,0.8,"[4.3, 3.4, 2.5, 5.7, 4.8]",13,0,,,
Veronica Burton,nan,Golden State Valkyries @ Indiana Fever,nan,AST,5.2,4.6,1.1,8.1,1.1-8.1,5.5,113.75,-159.33,,,-0.9,UNDER,MED,0.5284,0.6144,-0.14,-14.0,0.0,ACTIVE,ACTIVE MARKET,True,,"v5 intelligence blend from stats.wnba.com: season + recent form, usage, efficiency, minutes, pace, role score, and price lean.",Golden State Valkyries @ Indiana Fever,Indiana Fever,Golden State Valkyries,"[6.4, 5.5, 4.6, 3.7, 2.8]","[""ATL"", ""CHI"", ""DAL"", ""IND"", ""SEA""]",0.6,0.6,"[4.6, 3.7, 2.8, 5.9, 5.0]",9,0,,,
Gabby Williams,nan,Golden State Valkyries @ Indiana Fever,nan,REB,3.5,2.4,-1.1,5.9,-1.1-5.9,3.5,124.5,-165.0,,,-1.1,UNDER,MED,0.5336,0.6226,-0.143,-14.3,0.0,ACTIVE,ACTIVE MARKET,True,,"v5 intelligence blend from stats.wnba.com: season + recent form, usage, efficiency, minutes, pace, role score, and price lean.",Golden State Valkyries @ Indiana Fever,Indiana Fever,Golden State Valkyries,"[4.2, 3.3, 2.4, 1.5, 0.6]","[""ATL"", ""CHI"", ""DAL"", ""IND"", ""SEA""]",0.8,0.7,"[2.4, 1.5, 0.6, 3.8, 2.9]",9,0,,,
Azzi Fudd,nan,New York Liberty @ Dallas Wings,nan,AST,1.7,2.1,-1.4,5.6,-1.4-5.6,2.5,118.0,-159.0,,,-0.4,UNDER,MED,0.5154,0.6139,-0.1604,-16.0,0.0,ACTIVE,ACTIVE MARKET,True,,"v5 intelligence blend from stats.wnba.com: season + recent form, usage, efficiency, minutes, pace, role score, and price lean.",New York Liberty @ Dallas Wings,Dallas Wings,New York Liberty,"[0.3, 3.5, 2.6, 1.7, 0.8]","[""ATL"", ""CHI"", ""DAL"", ""IND"", ""SEA""]",0.6,0.6,"[3.0, 2.1, 1.2, 0.3, 3.5]",13,0,,,
Sonia Citron,nan,Portland Fire @ Washington Mystics,nan,AST,3.4,3.9,0.4,7.4,0.4-7.4,2.5,-183.0,133.0,,,1.4,OVER,MED,0.5414,0.6466,-0.1628,-16.3,0.0,ACTIVE,ACTIVE MARKET,True,,"v5 intelligence blend from stats.wnba.com: season + recent form, usage, efficiency, minutes, pace, role score, and price lean.",Portland Fire @ Washington Mystics,Washington Mystics,Portland Fire,"[3.9, 3.0, 2.1, 5.2, 4.3]","[""ATL"", ""CHI"", ""DAL"", ""IND"", ""SEA""]",0.8,0.8,"[4.8, 3.9, 3.0, 2.1, 5.2]",15,0,,,
Janelle Salaun,nan,Golden State Valkyries @ Indiana Fever,nan,3PM,2.4,1.8,-1.7,5.3,-1.7-5.3,2.5,123.8,-166.67,,,-0.7,UNDER,MED,0.5232,0.625,-0.1629,-16.3,0.0,ACTIVE,ACTIVE MARKET,True,,"v5 intelligence blend from stats.wnba.com: season + recent form, usage, efficiency, minutes, pace, role score, and price lean.",Golden State Valkyries @ Indiana Fever,Indiana Fever,Golden State Valkyries,"[2.2, 1.4, 0.4, 3.6, 2.7]","[""ATL"", ""CHI"", ""DAL"", ""IND"", ""SEA""]",0.6,0.7,"[0.4, 3.6, 2.7, 1.8, 0.9]",9,0,,,
Veronica Burton,nan,Golden State Valkyries @ Indiana Fever,nan,REB,3.2,2.6,-0.9,6.1,-0.9-6.1,3.5,125.33,-171.33,,,-0.9,UNDER,MED,0.5284,0.6314,-0.1632,-16.3,0.0,ACTIVE,ACTIVE MARKET,True,,"v5 intelligence blend from stats.wnba.com: season + recent form, usage, efficiency, minutes, pace, role score, and price lean.",Golden State Valkyries @ Indiana Fever,Indiana Fever,Golden State Valkyries,"[1.7, 0.8, 4.0, 3.1, 2.1]","[""ATL"", ""CHI"", ""DAL"", ""IND"", ""SEA""]",0.8,0.7,"[4.0, 3.1, 2.1, 1.2, 4.4]",9,0,,,
Gabby Williams,nan,Golden State Valkyries @ Indiana Fever,nan,AST,2.2,1.2,-2.3,4.7,-2.3-4.7,2.5,132.33,-189.5,,,-1.3,UNDER,MED,0.5388,0.6546,-0.1769,-17.7,0.0,ACTIVE,ACTIVE MARKET,True,,"v5 intelligence blend from stats.wnba.com: season + recent form, usage, efficiency, minutes, pace, role score, and price lean.",Golden State Valkyries @ Indiana Fever,Indiana Fever,Golden State Valkyries,"[1.6, 0.8, 0, 3.0, 2.1]","[""ATL"", ""CHI"", ""DAL"", ""IND"", ""SEA""]",0.8,0.8,"[0, 3.0, 2.1, 1.2, 0.3]",9,0,,,
Caitlin Clark,nan,Golden State Valkyries @ Indiana Fever,nan,3PM,2.3,2.2,-1.3,5.7,-1.3-5.7,1.5,-180.0,132.33,,,0.7,OVER,MED,0.5232,0.6429,-0.1861,-18.6,0.0,ACTIVE,ACTIVE MARKET,True,,"v5 intelligence blend from stats.wnba.com: season + recent form, usage, efficiency, minutes, pace, role score, and price lean.",Golden State Valkyries @ Indiana Fever,Indiana Fever,Golden State Valkyries,"[1.8, 0.9, 4.0, 3.1, 2.2]","[""ATL"", ""CHI"", ""DAL"", ""IND"", ""SEA""]",0.8,0.7,"[4.0, 3.1, 2.2, 1.3, 0.4]",9,0,,,
Bridget Carleton,nan,Portland Fire @ Washington Mystics,nan,AST,1.8,1.7,-1.8,5.2,-1.8-5.2,2.5,136.5,-184.5,,,-0.8,UNDER,MED,0.5258,0.6485,-0.1892,-18.9,0.0,ACTIVE,ACTIVE MARKET,True,,"v5 intelligence blend from stats.wnba.com: season + recent form, usage, efficiency, minutes, pace, role score, and price lean.",Portland Fire @ Washington Mystics,Washington Mystics,Portland Fire,"[3.5, 2.6, 1.7, 0.8, 0]","[""ATL"", ""CHI"", ""DAL"", ""IND"", ""SEA""]",0.6,0.6,"[0.3, 3.5, 2.6, 1.7, 0.8]",15,0,,,
Azzi Fudd,nan,New York Liberty @ Dallas Wings,nan,3PM,2.0,2.3,-1.2,5.8,-1.2-5.8,1.5,-188.0,140.0,,,0.8,OVER,MED,0.5258,0.6528,-0.1945,-19.4,0.0,ACTIVE,ACTIVE MARKET,True,,"v5 intelligence blend from stats.wnba.com: season + recent form, usage, efficiency, minutes, pace, role score, and price lean.",New York Liberty @ Dallas Wings,Dallas Wings,New York Liberty,"[4.1, 3.2, 2.3, 1.4, 0.5]","[""ATL"", ""CHI"", ""DAL"", ""IND"", ""SEA""]",0.6,0.7,"[2.8, 1.8, 0.9, 4.1, 3.2]",13,0,,,
Azzi Fudd,nan,New York Liberty @ Dallas Wings,nan,3PM,2.0,1.8,-1.7,5.3,-1.7-5.3,2.5,146.0,-200.0,,,-0.7,UNDER,MED,0.5232,0.6667,-0.2152,-21.5,0.0,ACTIVE,ACTIVE MARKET,True,,"v5 intelligence blend from stats.wnba.com: season + recent form, usage, efficiency, minutes, pace, role score, and price lean.",New York Liberty @ Dallas Wings,Dallas Wings,New York Liberty,"[3.6, 2.7, 1.8, 0.9, 0]","[""ATL"", ""CHI"", ""DAL"", ""IND"", ""SEA""]",0.6,0.6,"[2.2, 1.4, 0.4, 3.6, 2.7]",13,0,,,
Aliyah Boston,nan,Golden State Valkyries @ Indiana Fever,nan,3PM,1.8,2.2,-1.3,5.7,-1.3-5.7,0.5,-234.0,169.0,,,1.7,OVER,MED,0.5492,0.7006,-0.2161,-21.6,0.0,ACTIVE,ACTIVE MARKET,True,,"v5 intelligence blend from stats.wnba.com: season + recent form, usage, efficiency, minutes, pace, role score, and price lean.",Golden State Valkyries @ Indiana Fever,Indiana Fever,Golden State Valkyries,"[2.2, 1.3, 0.4, 3.6, 2.7]","[""ATL"", ""CHI"", ""DAL"", ""IND"", ""SEA""]",0.8,0.9,"[0.4, 3.6, 2.7, 1.8, 0.9]",9,0,,,
Veronica Burton,nan,Golden State Valkyries @ Indiana Fever,nan,3PM,0.8,0.2,-3.3,3.7,-3.3-3.7,1.5,170.8,-241.33,,,-1.3,UNDER,MED,0.5388,0.707,-0.2379,-23.8,0.0,ACTIVE,ACTIVE MARKET,True,,"v5 intelligence blend from stats.wnba.com: season + recent form, usage, efficiency, minutes, pace, role score, and price lean.",Golden State Valkyries @ Indiana Fever,Indiana Fever,Golden State Valkyries,"[1.6, 0.7, 0, 0, 2.0]","[""ATL"", ""CHI"", ""DAL"", ""IND"", ""SEA""]",0.6,0.7,"[0, 0, 2.0, 1.1, 0.2]",9,0,,,
Kayla Thornton,nan,Golden State Valkyries @ Indiana Fever,nan,3PM,1.0,1.0,-2.5,4.5,-2.5-4.5,0.5,-213.33,166.0,,,0.5,OVER,MED,0.518,0.6808,-0.2392,-23.9,0.0,ACTIVE,ACTIVE MARKET,True,,"v5 intelligence blend from stats.wnba.com: season + recent form, usage, efficiency, minutes, pace, role score, and price lean.",Golden State Valkyries @ Indiana Fever,Indiana Fever,Golden State Valkyries,"[2.4, 1.4, 0.6, 0, 2.8]","[""ATL"", ""CHI"", ""DAL"", ""IND"", ""SEA""]",0.8,0.7,"[0.6, 0, 2.8, 1.9, 1.0]",9,0,,,
Kayla Thornton,nan,Golden State Valkyries @ Indiana Fever,nan,3PM,1.0,0.2,-3.3,3.7,-3.3-3.7,1.5,194.0,-270.0,,,-1.3,UNDER,MED,0.5388,0.7297,-0.2616,-26.2,0.0,ACTIVE,ACTIVE MARKET,True,,"v5 intelligence blend from stats.wnba.com: season + recent form, usage, efficiency, minutes, pace, role score, and price lean.",Golden State Valkyries @ Indiana Fever,Indiana Fever,Golden State Valkyries,"[1.6, 0.7, 0, 0, 2.0]","[""ATL"", ""CHI"", ""DAL"", ""IND"", ""SEA""]",0.6,0.7,"[0, 0, 2.0, 1.1, 0.2]",9,0,,,
Aliyah Boston,nan,Golden State Valkyries @ Indiana Fever,nan,PTS,16.6,16.3,12.8,19.8,12.8-19.8,16.5,-4.5,-130.0,,,-0.2,,LOW,0.5102,0.0431,10.848,1084.8,0.05,ACTIVE,ACTIVE MARKET,True,,"v5 intelligence blend from stats.wnba.com: season + recent form, usage, efficiency, minutes, pace, role score, and price lean.",Golden State Valkyries @ Indiana Fever,Indiana Fever,Golden State Valkyries,"[15.4, 14.5, 17.7, 16.8, 15.9]","[""ATL"", ""CHI"", ""DAL"", ""IND"", ""SEA""]",0.0,0.0,"[17.7, 16.8, 15.9, 15.0, 18.1]",9,0,,,
Aliyah Boston,nan,Golden State Valkyries @ Indiana Fever,nan,3PM,1.8,1.4,-2.1,4.9,-2.1-4.9,1.5,168.0,-270.0,,,-0.1,,LOW,0.5076,0.3731,0.3604,36.0,0.05,ACTIVE,ACTIVE MARKET,True,,"v5 intelligence blend from stats.wnba.com: season + recent form, usage, efficiency, minutes, pace, role score, and price lean.",Golden State Valkyries @ Indiana Fever,Indiana Fever,Golden State Valkyries,"[1.4, 0.5, 0, 2.8, 1.8]","[""ATL"", ""CHI"", ""DAL"", ""IND"", ""SEA""]",0.0,0.0,"[0, 2.8, 1.8, 0.9, 0.0]",9,0,,,
Sonia Citron,nan,Portland Fire @ Washington Mystics,nan,3PM,1.7,1.7,-1.8,5.2,-1.8-5.2,1.5,146.33,-199.33,,,0.2,,LOW,0.5102,0.406,0.2568,25.7,0.0439,ACTIVE,ACTIVE MARKET,True,,"v5 intelligence blend from stats.wnba.com: season + recent form, usage, efficiency, minutes, pace, role score, and price lean.",Portland Fire @ Washington Mystics,Washington Mystics,Portland Fire,"[1.2, 0.3, 3.5, 2.6, 1.7]","[""ATL"", ""CHI"", ""DAL"", ""IND"", ""SEA""]",0.0,0.0,"[2.1, 1.2, 0.3, 3.5, 2.6]",15,0,,,
Sonia Citron,nan,Portland Fire @ Washington Mystics,nan,AST,3.4,3.4,-0.1,6.9,-0.1-6.9,3.5,133.5,-179.0,,,-0.1,,LOW,0.5076,0.4283,0.1852,18.5,0.0347,ACTIVE,ACTIVE MARKET,True,,"v5 intelligence blend from stats.wnba.com: season + recent form, usage, efficiency, minutes, pace, role score, and price lean.",Portland Fire @ Washington Mystics,Washington Mystics,Portland Fire,"[3.4, 2.5, 1.6, 4.8, 3.9]","[""ATL"", ""CHI"", ""DAL"", ""IND"", ""SEA""]",0.0,0.0,"[4.3, 3.4, 2.5, 1.6, 4.8]",15,0,,,
Paige Bueckers,nan,New York Liberty @ Dallas Wings,nan,3PM,1.2,1.2,-2.3,4.7,-2.3-4.7,1.5,111.33,-149.67,,,-0.3,,LOW,0.5128,0.4732,0.0837,8.4,0.0188,ACTIVE,ACTIVE MARKET,True,,"v5 intelligence blend from stats.wnba.com: season + recent form, usage, efficiency, minutes, pace, role score, and price lean.",New York Liberty @ Dallas Wings,Dallas Wings,New York Liberty,"[0, 2.5, 1.6, 0.8, 0]","[""ATL"", ""CHI"", ""DAL"", ""IND"", ""SEA""]",0.0,0.0,"[2.1, 1.2, 0.3, 0, 2.5]",13,0,,,
Jonquel Jones,nan,New York Liberty @ Dallas Wings,nan,AST,2.6,2.4,-1.1,5.9,-1.1-5.9,2.5,113.0,-152.5,,,-0.1,,LOW,0.5076,0.4695,0.0812,8.1,0.018,ACTIVE,ACTIVE MARKET,True,,"v5 intelligence blend from stats.wnba.com: season + recent form, usage, efficiency, minutes, pace, role score, and price lean.",New York Liberty @ Dallas Wings,Dallas Wings,New York Liberty,"[1.9, 1.0, 4.2, 3.3, 2.4]","[""ATL"", ""CHI"", ""DAL"", ""IND"", ""SEA""]",0.0,0.0,"[0.6, 3.8, 2.9, 1.9, 1.0]",13,0,,,
Jonquel Jones,nan,New York Liberty @ Dallas Wings,nan,PRA,25.9,27.6,24.1,31.1,24.1-31.1,27.5,-104.0,-129.0,,,0.1,,LOW,0.5076,0.5098,-0.0043,-0.4,0.0,ACTIVE,ACTIVE MARKET,True,,"v5 intelligence blend from stats.wnba.com: season + recent form, usage, efficiency, minutes, pace, role score, and price lean.",New York Liberty @ Dallas Wings,Dallas Wings,New York Liberty,"[29.0, 28.1, 27.2, 26.2, 29.4]","[""ATL"", ""CHI"", ""DAL"", ""IND"", ""SEA""]",0.0,0.0,"[27.6, 26.7, 25.8, 29.0, 28.1]",13,0,,,
Aliyah Boston,nan,Golden State Valkyries @ Indiana Fever,nan,PR,24.9,25.4,21.9,28.9,21.9-28.9,25.5,-107.5,-124.5,,,-0.1,,LOW,0.5076,0.5181,-0.0202,-2.0,0.0,ACTIVE,ACTIVE MARKET,True,,"v5 intelligence blend from stats.wnba.com: season + recent form, usage, efficiency, minutes, pace, role score, and price lean.",Golden State Valkyries @ Indiana Fever,Indiana Fever,Golden State Valkyries,"[24.5, 23.6, 26.8, 25.8, 24.9]","[""ATL"", ""CHI"", ""DAL"", ""IND"", ""SEA""]",0.0,0.0,"[26.8, 25.8, 24.9, 24.0, 27.2]",9,0,,,
Bridget Carleton,nan,Portland Fire @ Washington Mystics,nan,PA,15.2,15.5,12.0,19.0,12.0-19.0,15.5,-108.0,-122.0,,,0.0,,LOW,0.505,0.5192,-0.0274,-2.7,0.0,ACTIVE,ACTIVE MARKET,True,,"v5 intelligence blend from stats.wnba.com: season + recent form, usage, efficiency, minutes, pace, role score, and price lean.",Portland Fire @ Washington Mystics,Washington Mystics,Portland Fire,"[16.4, 15.5, 14.6, 13.7, 16.9]","[""ATL"", ""CHI"", ""DAL"", ""IND"", ""SEA""]",0.0,0.0,"[17.3, 16.4, 15.5, 14.6, 13.7]",15,0,,,
Kiki Iriafen,nan,Portland Fire @ Washington Mystics,nan,PTS,15.1,15.5,12.0,19.0,12.0-19.0,15.5,-108.5,-121.0,,,0.0,,LOW,0.505,0.5204,-0.0296,-3.0,0.0,ACTIVE,ACTIVE MARKET,True,,"v5 intelligence blend from stats.wnba.com: season + recent form, usage, efficiency, minutes, pace, role score, and price lean.",Portland Fire @ Washington Mystics,Washington Mystics,Portland Fire,"[14.6, 13.7, 16.9, 15.9, 15.1]","[""ATL"", ""CHI"", ""DAL"", ""IND"", ""SEA""]",0.0,0.0,"[15.5, 14.6, 13.7, 16.9, 15.9]",15,0,,,
Caitlin Clark,nan,Golden State Valkyries @ Indiana Fever,nan,AST,7.3,6.7,3.2,10.2,3.2-10.2,6.5,-113.5,-118.33,,,0.2,,LOW,0.5102,0.5316,-0.0403,-4.0,0.0,ACTIVE,ACTIVE MARKET,True,,"v5 intelligence blend from stats.wnba.com: season + recent form, usage, efficiency, minutes, pace, role score, and price lean.",Golden State Valkyries @ Indiana Fever,Indiana Fever,Golden State Valkyries,"[6.7, 5.8, 4.9, 8.1, 7.2]","[""ATL"", ""CHI"", ""DAL"", ""IND"", ""SEA""]",0.0,0.0,"[4.9, 8.1, 7.2, 6.2, 5.3]",9,0,,,
Jonquel Jones,nan,New York Liberty @ Dallas Wings,nan,REB,8.8,9.4,5.9,12.9,5.9-12.9,9.5,-113.67,-116.67,,,-0.1,,LOW,0.5076,0.532,-0.0458,-4.6,0.0,ACTIVE,ACTIVE MARKET,True,,"v5 intelligence blend from stats.wnba.com: season + recent form, usage, efficiency, minutes, pace, role score, and price lean.",New York Liberty @ Dallas Wings,Dallas Wings,New York Liberty,"[10.3, 9.4, 8.5, 7.6, 10.8]","[""ATL"", ""CHI"", ""DAL"", ""IND"", ""SEA""]",0.0,0.0,"[9.0, 8.1, 11.2, 10.3, 9.4]",13,0,,,
Sabrina Ionescu,nan,New York Liberty @ Dallas Wings,nan,3PM,2.6,2.6,-0.9,6.1,-0.9-6.1,2.5,-114.0,-116.67,,,0.1,,LOW,0.5076,0.5327,-0.0471,-4.7,0.0,ACTIVE,ACTIVE MARKET,True,,"v5 intelligence blend from stats.wnba.com: season + recent form, usage, efficiency, minutes, pace, role score, and price lean.",New York Liberty @ Dallas Wings,Dallas Wings,New York Liberty,"[4.0, 3.1, 2.1, 1.2, 4.4]","[""ATL"", ""CHI"", ""DAL"", ""IND"", ""SEA""]",0.0,0.0,"[2.6, 1.7, 0.8, 4.0, 3.1]",13,0,,,
Jessica Shepard,nan,New York Liberty @ Dallas Wings,nan,PTS,14.2,15.2,11.7,18.7,11.7-18.7,15.5,-117.0,-112.67,,,-0.3,,LOW,0.5128,0.5392,-0.0489,-4.9,0.0,ACTIVE,ACTIVE MARKET,True,,"v5 intelligence blend from stats.wnba.com: season + recent form, usage, efficiency, minutes, pace, role score, and price lean.",New York Liberty @ Dallas Wings,Dallas Wings,New York Liberty,"[13.8, 17.0, 16.1, 15.2, 14.3]","[""ATL"", ""CHI"", ""DAL"", ""IND"", ""SEA""]",0.0,0.0,"[16.6, 15.6, 14.8, 13.8, 17.0]",13,0,,,
Kiki Iriafen,nan,Portland Fire @ Washington Mystics,nan,PR,24.0,25.3,21.8,28.8,21.8-28.8,25.5,-116.5,-115.0,,,-0.2,,LOW,0.5102,0.5381,-0.0519,-5.2,0.0,ACTIVE,ACTIVE MARKET,True,,"v5 intelligence blend from stats.wnba.com: season + recent form, usage, efficiency, minutes, pace, role score, and price lean.",Portland Fire @ Washington Mystics,Washington Mystics,Portland Fire,"[24.4, 23.5, 26.7, 25.8, 24.9]","[""ATL"", ""CHI"", ""DAL"", ""IND"", ""SEA""]",0.0,0.0,"[25.3, 24.4, 23.5, 26.7, 25.8]",15,0,,,
Paige Bueckers,nan,New York Liberty @ Dallas Wings,nan,PR,23.6,25.3,21.8,28.8,21.8-28.8,25.5,-122.5,-109.5,,,-0.2,,LOW,0.5102,0.5506,-0.0733,-7.3,0.0,ACTIVE,ACTIVE MARKET,True,,"v5 intelligence blend from stats.wnba.com: season + recent form, usage, efficiency, minutes, pace, role score, and price lean.",New York Liberty @ Dallas Wings,Dallas Wings,New York Liberty,"[26.7, 25.8, 24.9, 23.9, 27.1]","[""ATL"", ""CHI"", ""DAL"", ""IND"", ""SEA""]",0.0,0.0,"[25.3, 24.4, 23.5, 26.7, 25.8]",13,0,,,
Paige Bueckers,nan,New York Liberty @ Dallas Wings,nan,REB,4.0,4.3,0.8,7.8,0.8-7.8,4.5,-123.0,-108.67,,,-0.2,,LOW,0.5102,0.5516,-0.075,-7.5,0.0,ACTIVE,ACTIVE MARKET,True,,"v5 intelligence blend from stats.wnba.com: season + recent form, usage, efficiency, minutes, pace, role score, and price lean.",New York Liberty @ Dallas Wings,Dallas Wings,New York Liberty,"[4.3, 3.4, 2.5, 5.7, 4.8]","[""ATL"", ""CHI"", ""DAL"", ""IND"", ""SEA""]",0.0,0.0,"[2.9, 6.1, 5.2, 4.3, 3.4]",13,0,,,
Carla Leite,nan,Portland Fire @ Washington Mystics,nan,AST,5.5,5.5,2.0,9.0,2.0-9.0,5.5,-124.0,-108.0,,,0.0,,LOW,0.505,0.5536,-0.0877,-8.8,0.0,ACTIVE,ACTIVE MARKET,True,,"v5 intelligence blend from stats.wnba.com: season + recent form, usage, efficiency, minutes, pace, role score, and price lean.",Portland Fire @ Washington Mystics,Washington Mystics,Portland Fire,"[4.2, 7.3, 6.4, 5.5, 4.6]","[""ATL"", ""CHI"", ""DAL"", ""IND"", ""SEA""]",0.0,0.0,"[5.0, 4.2, 7.3, 6.4, 5.5]",15,0,,,
Veronica Burton,nan,Golden State Valkyries @ Indiana Fever,nan,PTS,12.1,11.4,7.9,14.9,7.9-14.9,11.5,-131.5,-0.5,,,-0.1,,LOW,0.5076,0.568,-0.1064,-10.6,0.0,ACTIVE,ACTIVE MARKET,True,,"v5 intelligence blend from stats.wnba.com: season + recent form, usage, efficiency, minutes, pace, role score, and price lean.",Golden State Valkyries @ Indiana Fever,Indiana Fever,Golden State Valkyries,"[11.8, 11.0, 10.1, 13.2, 12.3]","[""ATL"", ""CHI"", ""DAL"", ""IND"", ""SEA""]",0.0,0.0,"[10.1, 13.2, 12.3, 11.4, 10.5]",9,0,,,
Jessica Shepard,nan,New York Liberty @ Dallas Wings,nan,RA,16.3,16.8,13.3,20.3,13.3-20.3,16.5,-140.0,106.0,,,0.3,,LOW,0.5128,0.5833,-0.1209,-12.1,0.0,ACTIVE,ACTIVE MARKET,True,,"v5 intelligence blend from stats.wnba.com: season + recent form, usage, efficiency, minutes, pace, role score, and price lean.",New York Liberty @ Dallas Wings,Dallas Wings,New York Liberty,"[16.8, 15.9, 15.0, 18.2, 17.2]","[""ATL"", ""CHI"", ""DAL"", ""IND"", ""SEA""]",0.0,0.0,"[15.5, 18.6, 17.7, 16.8, 15.9]",13,0,,,
Monique Billings,nan,Golden State Valkyries @ Indiana Fever,nan,PTS,6.3,5.5,2.0,9.0,2.0-9.0,5.5,-138.5,103.5,,,0.0,,LOW,0.505,0.5807,-0.1304,-13.0,0.0,ACTIVE,ACTIVE MARKET,True,,"v5 intelligence blend from stats.wnba.com: season + recent form, usage, efficiency, minutes, pace, role score, and price lean.",Golden State Valkyries @ Indiana Fever,Indiana Fever,Golden State Valkyries,"[5.0, 4.2, 7.3, 6.4, 5.5]","[""ATL"", ""CHI"", ""DAL"", ""IND"", ""SEA""]",0.0,0.0,"[7.3, 6.4, 5.5, 4.6, 3.7]",9,0,,,
Kayla Thornton,nan,Golden State Valkyries @ Indiana Fever,nan,REB,4.9,4.3,0.8,7.8,0.8-7.8,4.5,-144.0,113.33,,,-0.2,,LOW,0.5102,0.5902,-0.1355,-13.6,0.0,ACTIVE,ACTIVE MARKET,True,,"v5 intelligence blend from stats.wnba.com: season + recent form, usage, efficiency, minutes, pace, role score, and price lean.",Golden State Valkyries @ Indiana Fever,Indiana Fever,Golden State Valkyries,"[3.4, 2.5, 5.7, 4.8, 3.8]","[""ATL"", ""CHI"", ""DAL"", ""IND"", ""SEA""]",0.0,0.0,"[5.7, 4.8, 3.8, 2.9, 6.1]",9,0,,,
Paige Bueckers,nan,New York Liberty @ Dallas Wings,nan,RA,10.0,10.4,6.9,13.9,6.9-13.9,10.5,-144.0,108.0,,,-0.1,,LOW,0.5076,0.5902,-0.1399,-14.0,0.0,ACTIVE,ACTIVE MARKET,True,,"v5 intelligence blend from stats.wnba.com: season + recent form, usage, efficiency, minutes, pace, role score, and price lean.",New York Liberty @ Dallas Wings,Dallas Wings,New York Liberty,"[9.1, 12.2, 11.3, 10.4, 9.5]","[""ATL"", ""CHI"", ""DAL"", ""IND"", ""SEA""]",0.0,0.0,"[11.8, 10.8, 10.0, 9.1, 12.2]",13,0,,,
Shakira Austin,nan,Portland Fire @ Washington Mystics,nan,AST,2.7,2.8,-0.7,6.3,-0.7-6.3,2.5,-148.0,110.0,,,0.3,,LOW,0.5128,0.5968,-0.1407,-14.1,0.0,ACTIVE,ACTIVE MARKET,True,,"v5 intelligence blend from stats.wnba.com: season + recent form, usage, efficiency, minutes, pace, role score, and price lean.",Portland Fire @ Washington Mystics,Washington Mystics,Portland Fire,"[2.3, 1.4, 4.6, 3.7, 2.8]","[""ATL"", ""CHI"", ""DAL"", ""IND"", ""SEA""]",0.0,0.0,"[3.2, 2.3, 1.4, 4.6, 3.7]",15,0,,,
Aliyah Boston,nan,Golden State Valkyries @ Indiana Fever,nan,AST,2.9,2.5,-1.0,6.0,-1.0-6.0,2.5,-149.0,106.0,,,0.0,,LOW,0.505,0.5984,-0.1561,-15.6,0.0,ACTIVE,ACTIVE MARKET,True,,"v5 intelligence blend from stats.wnba.com: season + recent form, usage, efficiency, minutes, pace, role score, and price lean.",Golden State Valkyries @ Indiana Fever,Indiana Fever,Golden State Valkyries,"[3.0, 2.0, 1.1, 4.3, 3.4]","[""ATL"", ""CHI"", ""DAL"", ""IND"", ""SEA""]",0.0,0.0,"[1.1, 4.3, 3.4, 2.5, 1.6]",9,0,,,
Sabrina Ionescu,nan,New York Liberty @ Dallas Wings,nan,AST,3.8,4.3,0.8,7.8,0.8-7.8,4.5,-162.0,120.0,,,-0.2,,LOW,0.5102,0.6183,-0.1749,-17.5,0.0,ACTIVE,ACTIVE MARKET,True,,"v5 intelligence blend from stats.wnba.com: season + recent form, usage, efficiency, minutes, pace, role score, and price lean.",New York Liberty @ Dallas Wings,Dallas Wings,New York Liberty,"[6.1, 5.2, 4.3, 3.4, 2.5]","[""ATL"", ""CHI"", ""DAL"", ""IND"", ""SEA""]",0.0,0.0,"[4.8, 3.8, 2.9, 6.1, 5.2]",13,0,,,
Breanna Stewart,nan,New York Liberty @ Dallas Wings,nan,AST,2.7,2.6,-0.9,6.1,-0.9-6.1,2.5,-161.0,120.5,,,0.1,,LOW,0.5076,0.6169,-0.1771,-17.7,0.0,ACTIVE,ACTIVE MARKET,True,,"v5 intelligence blend from stats.wnba.com: season + recent form, usage, efficiency, minutes, pace, role score, and price lean.",New York Liberty @ Dallas Wings,Dallas Wings,New York Liberty,"[1.2, 4.4, 3.5, 2.6, 1.7]","[""ATL"", ""CHI"", ""DAL"", ""IND"", ""SEA""]",0.0,0.0,"[4.0, 3.1, 2.1, 1.2, 4.4]",13,0,,,
Sabrina Ionescu,nan,New York Liberty @ Dallas Wings,nan,REB,3.3,3.4,-0.1,6.9,-0.1-6.9,3.5,-168.67,124.0,,,-0.1,,LOW,0.5076,0.6278,-0.1915,-19.1,0.0,ACTIVE,ACTIVE MARKET,True,,"v5 intelligence blend from stats.wnba.com: season + recent form, usage, efficiency, minutes, pace, role score, and price lean.",New York Liberty @ Dallas Wings,Dallas Wings,New York Liberty,"[2.5, 1.6, 4.8, 3.9, 2.9]","[""ATL"", ""CHI"", ""DAL"", ""IND"", ""SEA""]",0.0,0.0,"[5.2, 4.3, 3.4, 2.5, 1.6]",13,0,,,
Paige Bueckers,nan,New York Liberty @ Dallas Wings,nan,AST,6.0,6.3,2.8,9.8,2.8-9.8,6.5,37.0,-139.0,,,-0.2,,LOW,0.5102,0.7299,-0.301,-30.1,0.0,ACTIVE,ACTIVE MARKET,True,,"v5 intelligence blend from stats.wnba.com: season + recent form, usage, efficiency, minutes, pace, role score, and price lean.",New York Liberty @ Dallas Wings,Dallas Wings,New York Liberty,"[4.9, 8.1, 7.2, 6.3, 5.4]","[""ATL"", ""CHI"", ""DAL"", ""IND"", ""SEA""]",0.0,0.0,"[7.7, 6.8, 5.8, 4.9, 8.1]",13,0,,,
Carla Leite,nan,Portland Fire @ Washington Mystics,nan,REB,2.3,2.7,-0.8,6.2,-0.8-6.2,2.5,1.0,-136.0,,,0.2,,LOW,0.5102,0.9901,-0.4847,-48.5,0.0,ACTIVE,ACTIVE MARKET,True,,"v5 intelligence blend from stats.wnba.com: season + recent form, usage, efficiency, minutes, pace, role score, and price lean.",Portland Fire @ Washington Mystics,Washington Mystics,Portland Fire,"[2.7, 1.8, 0.9, 4.1, 3.2]","[""ATL"", ""CHI"", ""DAL"", ""IND"", ""SEA""]",0.0,0.0,"[3.6, 2.7, 1.8, 0.9, 4.1]",15,0,,,
