game_date,event_id,player,team,position,opp_team,is_home,stat_raw,stat,line,over_price,under_price,num_books,odds_type,game_time,home_team,away_team,source,scraped_at,yes_price,no_price
2026-07-05,54f91bf5767bbff2f9bb1f444a6fc510,Marina Mabrey,,,Dallas Wings @ Toronto Tempo,,player_assists,ast,6.5,115.0,-155.5,2,sportsbook,2026-07-05T19:02:00Z,Toronto Tempo,Dallas Wings,the-odds-api,2026-07-05T19:40:25.937188+00:00,,
2026-07-05,54f91bf5767bbff2f9bb1f444a6fc510,Maria Conde,,,Dallas Wings @ Toronto Tempo,,player_assists,ast,1.5,146.0,-200.0,1,sportsbook,2026-07-05T19:02:00Z,Toronto Tempo,Dallas Wings,the-odds-api,2026-07-05T19:40:25.937188+00:00,,
2026-07-05,54f91bf5767bbff2f9bb1f444a6fc510,Paige Bueckers,,,Dallas Wings @ Toronto Tempo,,player_assists,ast,8.5,-152.0,114.0,1,sportsbook,2026-07-05T19:02:00Z,Toronto Tempo,Dallas Wings,the-odds-api,2026-07-05T19:40:25.937188+00:00,,
2026-07-05,54f91bf5767bbff2f9bb1f444a6fc510,Arike Ogunbowale,,,Dallas Wings @ Toronto Tempo,,player_assists,ast,1.5,-125.0,-106.0,1,sportsbook,2026-07-05T19:02:00Z,Toronto Tempo,Dallas Wings,the-odds-api,2026-07-05T19:40:25.937188+00:00,,
2026-07-05,54f91bf5767bbff2f9bb1f444a6fc510,Nyara Sabally,,,Dallas Wings @ Toronto Tempo,,player_assists,ast,2.5,114.0,-152.0,1,sportsbook,2026-07-05T19:02:00Z,Toronto Tempo,Dallas Wings,the-odds-api,2026-07-05T19:40:25.937188+00:00,,
2026-07-05,54f91bf5767bbff2f9bb1f444a6fc510,Jessica Shepard,,,Dallas Wings @ Toronto Tempo,,player_assists,ast,4.5,-180.0,134.0,1,sportsbook,2026-07-05T19:02:00Z,Toronto Tempo,Dallas Wings,the-odds-api,2026-07-05T19:40:25.937188+00:00,,
2026-07-05,54f91bf5767bbff2f9bb1f444a6fc510,Paige Bueckers,,,Dallas Wings @ Toronto Tempo,,player_double_double,dd,0.5,,,2,sportsbook,2026-07-05T19:02:00Z,Toronto Tempo,Dallas Wings,the-odds-api,2026-07-05T19:40:25.937188+00:00,107.5,
2026-07-05,54f91bf5767bbff2f9bb1f444a6fc510,Maria Conde,,,Dallas Wings @ Toronto Tempo,,player_double_double,dd,0.5,,,2,sportsbook,2026-07-05T19:02:00Z,Toronto Tempo,Dallas Wings,the-odds-api,2026-07-05T19:40:25.937188+00:00,950.0,
2026-07-05,54f91bf5767bbff2f9bb1f444a6fc510,Marina Mabrey,,,Dallas Wings @ Toronto Tempo,,player_double_double,dd,0.5,,,2,sportsbook,2026-07-05T19:02:00Z,Toronto Tempo,Dallas Wings,the-odds-api,2026-07-05T19:40:25.937188+00:00,950.0,
2026-07-05,54f91bf5767bbff2f9bb1f444a6fc510,Jessica Shepard,,,Dallas Wings @ Toronto Tempo,,player_points,pts,17.5,-110.0,-121.5,2,sportsbook,2026-07-05T19:02:00Z,Toronto Tempo,Dallas Wings,the-odds-api,2026-07-05T19:40:25.937188+00:00,,
2026-07-05,54f91bf5767bbff2f9bb1f444a6fc510,Marina Mabrey,,,Dallas Wings @ Toronto Tempo,,player_points,pts,25.5,-114.0,-114.0,1,sportsbook,2026-07-05T19:02:00Z,Toronto Tempo,Dallas Wings,the-odds-api,2026-07-05T19:40:25.937188+00:00,,
2026-07-05,54f91bf5767bbff2f9bb1f444a6fc510,Isabelle Harrison,,,Dallas Wings @ Toronto Tempo,,player_points,pts,12.5,104.0,-135.0,1,sportsbook,2026-07-05T19:02:00Z,Toronto Tempo,Dallas Wings,the-odds-api,2026-07-05T19:40:25.937188+00:00,,
2026-07-05,54f91bf5767bbff2f9bb1f444a6fc510,Maria Conde,,,Dallas Wings @ Toronto Tempo,,player_points,pts,5.5,-114.0,-114.0,1,sportsbook,2026-07-05T19:02:00Z,Toronto Tempo,Dallas Wings,the-odds-api,2026-07-05T19:40:25.937188+00:00,,
2026-07-05,54f91bf5767bbff2f9bb1f444a6fc510,Paige Bueckers,,,Dallas Wings @ Toronto Tempo,,player_points,pts,20.5,-9.0,-121.0,2,sportsbook,2026-07-05T19:02:00Z,Toronto Tempo,Dallas Wings,the-odds-api,2026-07-05T19:40:25.937188+00:00,,
2026-07-05,54f91bf5767bbff2f9bb1f444a6fc510,Nyara Sabally,,,Dallas Wings @ Toronto Tempo,,player_points,pts,13.5,-125.0,-104.0,1,sportsbook,2026-07-05T19:02:00Z,Toronto Tempo,Dallas Wings,the-odds-api,2026-07-05T19:40:25.937188+00:00,,
2026-07-05,54f91bf5767bbff2f9bb1f444a6fc510,Azzi Fudd,,,Dallas Wings @ Toronto Tempo,,player_points,pts,18.5,-110.0,-118.0,1,sportsbook,2026-07-05T19:02:00Z,Toronto Tempo,Dallas Wings,the-odds-api,2026-07-05T19:40:25.937188+00:00,,
2026-07-05,54f91bf5767bbff2f9bb1f444a6fc510,Arike Ogunbowale,,,Dallas Wings @ Toronto Tempo,,player_points,pts,11.5,-122.0,-106.0,1,sportsbook,2026-07-05T19:02:00Z,Toronto Tempo,Dallas Wings,the-odds-api,2026-07-05T19:40:25.937188+00:00,,
2026-07-05,54f91bf5767bbff2f9bb1f444a6fc510,Marina Mabrey,,,Dallas Wings @ Toronto Tempo,,player_rebounds,reb,4.5,105.5,-142.5,2,sportsbook,2026-07-05T19:02:00Z,Toronto Tempo,Dallas Wings,the-odds-api,2026-07-05T19:40:25.937188+00:00,,
2026-07-05,54f91bf5767bbff2f9bb1f444a6fc510,Paige Bueckers,,,Dallas Wings @ Toronto Tempo,,player_rebounds,reb,4.5,-114.5,-119.5,2,sportsbook,2026-07-05T19:02:00Z,Toronto Tempo,Dallas Wings,the-odds-api,2026-07-05T19:40:25.937188+00:00,,
2026-07-05,54f91bf5767bbff2f9bb1f444a6fc510,Maria Conde,,,Dallas Wings @ Toronto Tempo,,player_rebounds,reb,7.5,-117.5,-115.5,2,sportsbook,2026-07-05T19:02:00Z,Toronto Tempo,Dallas Wings,the-odds-api,2026-07-05T19:40:25.937188+00:00,,
2026-07-05,54f91bf5767bbff2f9bb1f444a6fc510,Isabelle Harrison,,,Dallas Wings @ Toronto Tempo,,player_rebounds,reb,4.5,-1.5,-135.5,2,sportsbook,2026-07-05T19:02:00Z,Toronto Tempo,Dallas Wings,the-odds-api,2026-07-05T19:40:25.937188+00:00,,
2026-07-05,54f91bf5767bbff2f9bb1f444a6fc510,Azzi Fudd,,,Dallas Wings @ Toronto Tempo,,player_rebounds,reb,2.5,116.0,-154.0,1,sportsbook,2026-07-05T19:02:00Z,Toronto Tempo,Dallas Wings,the-odds-api,2026-07-05T19:40:25.937188+00:00,,
2026-07-05,54f91bf5767bbff2f9bb1f444a6fc510,Jessica Shepard,,,Dallas Wings @ Toronto Tempo,,player_rebounds,reb,14.5,-3.5,-131.5,2,sportsbook,2026-07-05T19:02:00Z,Toronto Tempo,Dallas Wings,the-odds-api,2026-07-05T19:40:25.937188+00:00,,
2026-07-05,54f91bf5767bbff2f9bb1f444a6fc510,Nyara Sabally,,,Dallas Wings @ Toronto Tempo,,player_rebounds,reb,5.5,104.0,-138.0,1,sportsbook,2026-07-05T19:02:00Z,Toronto Tempo,Dallas Wings,the-odds-api,2026-07-05T19:40:25.937188+00:00,,
2026-07-05,54f91bf5767bbff2f9bb1f444a6fc510,Arike Ogunbowale,,,Dallas Wings @ Toronto Tempo,,player_threes,threes,2.5,145.0,-199.0,2,sportsbook,2026-07-05T19:02:00Z,Toronto Tempo,Dallas Wings,the-odds-api,2026-07-05T19:40:25.937188+00:00,,
2026-07-05,54f91bf5767bbff2f9bb1f444a6fc510,Maria Conde,,,Dallas Wings @ Toronto Tempo,,player_threes,threes,0.5,-250.0,182.0,1,sportsbook,2026-07-05T19:02:00Z,Toronto Tempo,Dallas Wings,the-odds-api,2026-07-05T19:40:25.937188+00:00,,
2026-07-05,54f91bf5767bbff2f9bb1f444a6fc510,Paige Bueckers,,,Dallas Wings @ Toronto Tempo,,player_threes,threes,1.5,-250.0,182.0,1,sportsbook,2026-07-05T19:02:00Z,Toronto Tempo,Dallas Wings,the-odds-api,2026-07-05T19:40:25.937188+00:00,,
2026-07-05,54f91bf5767bbff2f9bb1f444a6fc510,Azzi Fudd,,,Dallas Wings @ Toronto Tempo,,player_threes,threes,4.5,154.0,-212.5,2,sportsbook,2026-07-05T19:02:00Z,Toronto Tempo,Dallas Wings,the-odds-api,2026-07-05T19:40:25.937188+00:00,,
2026-07-05,54f91bf5767bbff2f9bb1f444a6fc510,Marina Mabrey,,,Dallas Wings @ Toronto Tempo,,player_threes,threes,4.5,3.0,-139.5,2,sportsbook,2026-07-05T19:02:00Z,Toronto Tempo,Dallas Wings,the-odds-api,2026-07-05T19:40:25.937188+00:00,,
2026-07-05,54f91bf5767bbff2f9bb1f444a6fc510,Jessica Shepard,,,Dallas Wings @ Toronto Tempo,,player_triple_double,td,0.5,,,2,sportsbook,2026-07-05T19:02:00Z,Toronto Tempo,Dallas Wings,the-odds-api,2026-07-05T19:40:25.937188+00:00,2200.0,
2026-07-05,54f91bf5767bbff2f9bb1f444a6fc510,Paige Bueckers,,,Dallas Wings @ Toronto Tempo,,player_assists,ast,9.5,105.0,-150.0,1,sportsbook,2026-07-05T19:02:00Z,Toronto Tempo,Dallas Wings,the-odds-api,2026-07-05T19:40:25.937188+00:00,,
2026-07-05,54f91bf5767bbff2f9bb1f444a6fc510,Jessica Shepard,,,Dallas Wings @ Toronto Tempo,,player_assists,ast,5.5,110.0,-150.0,1,sportsbook,2026-07-05T19:02:00Z,Toronto Tempo,Dallas Wings,the-odds-api,2026-07-05T19:40:25.937188+00:00,,
2026-07-05,54f91bf5767bbff2f9bb1f444a6fc510,Nyara Sabally,,,Dallas Wings @ Toronto Tempo,,player_double_double,dd,0.5,,,1,sportsbook,2026-07-05T19:02:00Z,Toronto Tempo,Dallas Wings,the-odds-api,2026-07-05T19:40:25.937188+00:00,2500.0,
2026-07-05,54f91bf5767bbff2f9bb1f444a6fc510,Isabelle Harrison,,,Dallas Wings @ Toronto Tempo,,player_double_double,dd,0.5,,,1,sportsbook,2026-07-05T19:02:00Z,Toronto Tempo,Dallas Wings,the-odds-api,2026-07-05T19:40:25.937188+00:00,1800.0,
2026-07-05,54f91bf5767bbff2f9bb1f444a6fc510,Jessica Shepard,,,Dallas Wings @ Toronto Tempo,,player_double_double,dd,0.5,,,1,sportsbook,2026-07-05T19:02:00Z,Toronto Tempo,Dallas Wings,the-odds-api,2026-07-05T19:40:25.937188+00:00,-5000.0,
2026-07-05,54f91bf5767bbff2f9bb1f444a6fc510,Marina Mabrey,,,Dallas Wings @ Toronto Tempo,,player_points,pts,26.5,-105.0,-130.0,1,sportsbook,2026-07-05T19:02:00Z,Toronto Tempo,Dallas Wings,the-odds-api,2026-07-05T19:40:25.937188+00:00,,
2026-07-05,54f91bf5767bbff2f9bb1f444a6fc510,Azzi Fudd,,,Dallas Wings @ Toronto Tempo,,player_points,pts,17.5,-115.0,-115.0,1,sportsbook,2026-07-05T19:02:00Z,Toronto Tempo,Dallas Wings,the-odds-api,2026-07-05T19:40:25.937188+00:00,,
2026-07-05,54f91bf5767bbff2f9bb1f444a6fc510,Nyara Sabally,,,Dallas Wings @ Toronto Tempo,,player_points,pts,12.5,-105.0,-125.0,1,sportsbook,2026-07-05T19:02:00Z,Toronto Tempo,Dallas Wings,the-odds-api,2026-07-05T19:40:25.937188+00:00,,
2026-07-05,54f91bf5767bbff2f9bb1f444a6fc510,Isabelle Harrison,,,Dallas Wings @ Toronto Tempo,,player_points,pts,11.5,-115.0,-120.0,1,sportsbook,2026-07-05T19:02:00Z,Toronto Tempo,Dallas Wings,the-odds-api,2026-07-05T19:40:25.937188+00:00,,
2026-07-05,54f91bf5767bbff2f9bb1f444a6fc510,Arike Ogunbowale,,,Dallas Wings @ Toronto Tempo,,player_points,pts,10.5,-125.0,-105.0,1,sportsbook,2026-07-05T19:02:00Z,Toronto Tempo,Dallas Wings,the-odds-api,2026-07-05T19:40:25.937188+00:00,,
2026-07-05,54f91bf5767bbff2f9bb1f444a6fc510,Marina Mabrey,,,Dallas Wings @ Toronto Tempo,,player_points_assists,pa,32.5,-115.0,-120.0,1,sportsbook,2026-07-05T19:02:00Z,Toronto Tempo,Dallas Wings,the-odds-api,2026-07-05T19:40:25.937188+00:00,,
2026-07-05,54f91bf5767bbff2f9bb1f444a6fc510,Paige Bueckers,,,Dallas Wings @ Toronto Tempo,,player_points_assists,pa,30.5,-110.0,-125.0,1,sportsbook,2026-07-05T19:02:00Z,Toronto Tempo,Dallas Wings,the-odds-api,2026-07-05T19:40:25.937188+00:00,,
2026-07-05,54f91bf5767bbff2f9bb1f444a6fc510,Jessica Shepard,,,Dallas Wings @ Toronto Tempo,,player_points_assists,pa,22.5,-120.0,-115.0,1,sportsbook,2026-07-05T19:02:00Z,Toronto Tempo,Dallas Wings,the-odds-api,2026-07-05T19:40:25.937188+00:00,,
2026-07-05,54f91bf5767bbff2f9bb1f444a6fc510,Arike Ogunbowale,,,Dallas Wings @ Toronto Tempo,,player_points_assists,pa,12.5,-120.0,-115.0,1,sportsbook,2026-07-05T19:02:00Z,Toronto Tempo,Dallas Wings,the-odds-api,2026-07-05T19:40:25.937188+00:00,,
2026-07-05,54f91bf5767bbff2f9bb1f444a6fc510,Jessica Shepard,,,Dallas Wings @ Toronto Tempo,,player_points_rebounds,pr,31.5,-120.0,-115.0,1,sportsbook,2026-07-05T19:02:00Z,Toronto Tempo,Dallas Wings,the-odds-api,2026-07-05T19:40:25.937188+00:00,,
2026-07-05,54f91bf5767bbff2f9bb1f444a6fc510,Marina Mabrey,,,Dallas Wings @ Toronto Tempo,,player_points_rebounds,pr,30.5,-120.0,-115.0,1,sportsbook,2026-07-05T19:02:00Z,Toronto Tempo,Dallas Wings,the-odds-api,2026-07-05T19:40:25.937188+00:00,,
2026-07-05,54f91bf5767bbff2f9bb1f444a6fc510,Paige Bueckers,,,Dallas Wings @ Toronto Tempo,,player_points_rebounds,pr,25.5,-115.0,-120.0,1,sportsbook,2026-07-05T19:02:00Z,Toronto Tempo,Dallas Wings,the-odds-api,2026-07-05T19:40:25.937188+00:00,,
2026-07-05,54f91bf5767bbff2f9bb1f444a6fc510,Nyara Sabally,,,Dallas Wings @ Toronto Tempo,,player_points_rebounds,pr,17.5,-105.0,-130.0,1,sportsbook,2026-07-05T19:02:00Z,Toronto Tempo,Dallas Wings,the-odds-api,2026-07-05T19:40:25.937188+00:00,,
2026-07-05,54f91bf5767bbff2f9bb1f444a6fc510,Arike Ogunbowale,,,Dallas Wings @ Toronto Tempo,,player_points_rebounds,pr,16.5,-120.0,-115.0,1,sportsbook,2026-07-05T19:02:00Z,Toronto Tempo,Dallas Wings,the-odds-api,2026-07-05T19:40:25.937188+00:00,,
2026-07-05,54f91bf5767bbff2f9bb1f444a6fc510,Isabelle Harrison,,,Dallas Wings @ Toronto Tempo,,player_points_rebounds,pr,16.5,-105.0,-130.0,1,sportsbook,2026-07-05T19:02:00Z,Toronto Tempo,Dallas Wings,the-odds-api,2026-07-05T19:40:25.937188+00:00,,
2026-07-05,54f91bf5767bbff2f9bb1f444a6fc510,Maria Conde,,,Dallas Wings @ Toronto Tempo,,player_points_rebounds,pr,13.5,-125.0,-110.0,1,sportsbook,2026-07-05T19:02:00Z,Toronto Tempo,Dallas Wings,the-odds-api,2026-07-05T19:40:25.937188+00:00,,
2026-07-05,54f91bf5767bbff2f9bb1f444a6fc510,Jessica Shepard,,,Dallas Wings @ Toronto Tempo,,player_points_rebounds_assists,pra,36.5,-130.0,-110.0,1,sportsbook,2026-07-05T19:02:00Z,Toronto Tempo,Dallas Wings,the-odds-api,2026-07-05T19:40:25.937188+00:00,,
2026-07-05,54f91bf5767bbff2f9bb1f444a6fc510,Marina Mabrey,,,Dallas Wings @ Toronto Tempo,,player_points_rebounds_assists,pra,36.5,-130.0,-105.0,1,sportsbook,2026-07-05T19:02:00Z,Toronto Tempo,Dallas Wings,the-odds-api,2026-07-05T19:40:25.937188+00:00,,
2026-07-05,54f91bf5767bbff2f9bb1f444a6fc510,Paige Bueckers,,,Dallas Wings @ Toronto Tempo,,player_points_rebounds_assists,pra,34.5,-130.0,-105.0,1,sportsbook,2026-07-05T19:02:00Z,Toronto Tempo,Dallas Wings,the-odds-api,2026-07-05T19:40:25.937188+00:00,,
2026-07-05,54f91bf5767bbff2f9bb1f444a6fc510,Azzi Fudd,,,Dallas Wings @ Toronto Tempo,,player_points_rebounds_assists,pra,21.5,-125.0,-110.0,1,sportsbook,2026-07-05T19:02:00Z,Toronto Tempo,Dallas Wings,the-odds-api,2026-07-05T19:40:25.937188+00:00,,
2026-07-05,54f91bf5767bbff2f9bb1f444a6fc510,Nyara Sabally,,,Dallas Wings @ Toronto Tempo,,player_points_rebounds_assists,pra,19.5,-115.0,-120.0,1,sportsbook,2026-07-05T19:02:00Z,Toronto Tempo,Dallas Wings,the-odds-api,2026-07-05T19:40:25.937188+00:00,,
2026-07-05,54f91bf5767bbff2f9bb1f444a6fc510,Arike Ogunbowale,,,Dallas Wings @ Toronto Tempo,,player_points_rebounds_assists,pra,18.5,-115.0,-120.0,1,sportsbook,2026-07-05T19:02:00Z,Toronto Tempo,Dallas Wings,the-odds-api,2026-07-05T19:40:25.937188+00:00,,
2026-07-05,54f91bf5767bbff2f9bb1f444a6fc510,Maria Conde,,,Dallas Wings @ Toronto Tempo,,player_points_rebounds_assists,pra,15.5,-110.0,-125.0,1,sportsbook,2026-07-05T19:02:00Z,Toronto Tempo,Dallas Wings,the-odds-api,2026-07-05T19:40:25.937188+00:00,,
2026-07-05,54f91bf5767bbff2f9bb1f444a6fc510,Arike Ogunbowale,,,Dallas Wings @ Toronto Tempo,,player_rebounds,reb,5.5,-130.0,-110.0,1,sportsbook,2026-07-05T19:02:00Z,Toronto Tempo,Dallas Wings,the-odds-api,2026-07-05T19:40:25.937188+00:00,,
2026-07-05,54f91bf5767bbff2f9bb1f444a6fc510,Nyara Sabally,,,Dallas Wings @ Toronto Tempo,,player_rebounds,reb,4.5,-160.0,115.0,1,sportsbook,2026-07-05T19:02:00Z,Toronto Tempo,Dallas Wings,the-odds-api,2026-07-05T19:40:25.937188+00:00,,
2026-07-05,54f91bf5767bbff2f9bb1f444a6fc510,Jessica Shepard,,,Dallas Wings @ Toronto Tempo,,player_rebounds_assists,ra,19.5,-110.0,-125.0,1,sportsbook,2026-07-05T19:02:00Z,Toronto Tempo,Dallas Wings,the-odds-api,2026-07-05T19:40:25.937188+00:00,,
2026-07-05,54f91bf5767bbff2f9bb1f444a6fc510,Paige Bueckers,,,Dallas Wings @ Toronto Tempo,,player_rebounds_assists,ra,13.5,-135.0,100.0,1,sportsbook,2026-07-05T19:02:00Z,Toronto Tempo,Dallas Wings,the-odds-api,2026-07-05T19:40:25.937188+00:00,,
2026-07-05,54f91bf5767bbff2f9bb1f444a6fc510,Marina Mabrey,,,Dallas Wings @ Toronto Tempo,,player_rebounds_assists,ra,10.5,-125.0,-110.0,1,sportsbook,2026-07-05T19:02:00Z,Toronto Tempo,Dallas Wings,the-odds-api,2026-07-05T19:40:25.937188+00:00,,
2026-07-05,54f91bf5767bbff2f9bb1f444a6fc510,Arike Ogunbowale,,,Dallas Wings @ Toronto Tempo,,player_rebounds_assists,ra,7.5,-105.0,-130.0,1,sportsbook,2026-07-05T19:02:00Z,Toronto Tempo,Dallas Wings,the-odds-api,2026-07-05T19:40:25.937188+00:00,,
2026-07-05,54f91bf5767bbff2f9bb1f444a6fc510,Paige Bueckers,,,Dallas Wings @ Toronto Tempo,,player_threes,threes,2.5,145.0,-200.0,1,sportsbook,2026-07-05T19:02:00Z,Toronto Tempo,Dallas Wings,the-odds-api,2026-07-05T19:40:25.937188+00:00,,
2026-07-05,54f91bf5767bbff2f9bb1f444a6fc510,Maria Conde,,,Dallas Wings @ Toronto Tempo,,player_threes,threes,1.5,155.0,-215.0,1,sportsbook,2026-07-05T19:02:00Z,Toronto Tempo,Dallas Wings,the-odds-api,2026-07-05T19:40:25.937188+00:00,,
2026-07-05,54f91bf5767bbff2f9bb1f444a6fc510,Paige Bueckers,,,Dallas Wings @ Toronto Tempo,,player_triple_double,td,0.5,,,1,sportsbook,2026-07-05T19:02:00Z,Toronto Tempo,Dallas Wings,the-odds-api,2026-07-05T19:40:25.937188+00:00,3500.0,
2026-07-05,f784500c59f1f83757bec7c0ef787879,Chelsea Gray,,,Indiana Fever @ Las Vegas Aces,,player_assists,ast,7.5,112.5,-150.0,2,sportsbook,2026-07-05T23:00:00Z,Las Vegas Aces,Indiana Fever,the-odds-api,2026-07-05T19:40:27.250469+00:00,,
2026-07-05,f784500c59f1f83757bec7c0ef787879,Jackie Young,,,Indiana Fever @ Las Vegas Aces,,player_assists,ast,6.5,108.5,-145.67,4,sportsbook,2026-07-05T23:00:00Z,Las Vegas Aces,Indiana Fever,the-odds-api,2026-07-05T19:40:27.250469+00:00,,
2026-07-05,f784500c59f1f83757bec7c0ef787879,Aliyah Boston,,,Indiana Fever @ Las Vegas Aces,,player_assists,ast,3.5,-65.0,-114.67,4,sportsbook,2026-07-05T23:00:00Z,Las Vegas Aces,Indiana Fever,the-odds-api,2026-07-05T19:40:27.250469+00:00,,
2026-07-05,f784500c59f1f83757bec7c0ef787879,Kelsey Mitchell,,,Indiana Fever @ Las Vegas Aces,,player_assists,ast,3.5,124.33,-161.0,3,sportsbook,2026-07-05T23:00:00Z,Las Vegas Aces,Indiana Fever,the-odds-api,2026-07-05T19:40:27.250469+00:00,,
2026-07-05,f784500c59f1f83757bec7c0ef787879,Aliyah Boston,,,Indiana Fever @ Las Vegas Aces,,player_double_double,dd,0.5,,,2,sportsbook,2026-07-05T23:00:00Z,Las Vegas Aces,Indiana Fever,the-odds-api,2026-07-05T19:40:27.250469+00:00,119.5,
2026-07-05,f784500c59f1f83757bec7c0ef787879,Chelsea Gray,,,Indiana Fever @ Las Vegas Aces,,player_double_double,dd,0.5,,,2,sportsbook,2026-07-05T23:00:00Z,Las Vegas Aces,Indiana Fever,the-odds-api,2026-07-05T19:40:27.250469+00:00,380.0,
2026-07-05,f784500c59f1f83757bec7c0ef787879,NaLyssa Smith,,,Indiana Fever @ Las Vegas Aces,,player_double_double,dd,0.5,,,2,sportsbook,2026-07-05T23:00:00Z,Las Vegas Aces,Indiana Fever,the-odds-api,2026-07-05T19:40:27.250469+00:00,380.5,
2026-07-05,f784500c59f1f83757bec7c0ef787879,Jackie Young,,,Indiana Fever @ Las Vegas Aces,,player_double_double,dd,0.5,,,2,sportsbook,2026-07-05T23:00:00Z,Las Vegas Aces,Indiana Fever,the-odds-api,2026-07-05T19:40:27.250469+00:00,394.0,
2026-07-05,f784500c59f1f83757bec7c0ef787879,Monique Billings,,,Indiana Fever @ Las Vegas Aces,,player_double_double,dd,0.5,,,2,sportsbook,2026-07-05T23:00:00Z,Las Vegas Aces,Indiana Fever,the-odds-api,2026-07-05T19:40:27.250469+00:00,1270.0,
2026-07-05,f784500c59f1f83757bec7c0ef787879,Cheyenne Parker-Tyus,,,Indiana Fever @ Las Vegas Aces,,player_double_double,dd,0.5,,,2,sportsbook,2026-07-05T23:00:00Z,Las Vegas Aces,Indiana Fever,the-odds-api,2026-07-05T19:40:27.250469+00:00,1930.0,
2026-07-05,f784500c59f1f83757bec7c0ef787879,Kelsey Mitchell,,,Indiana Fever @ Las Vegas Aces,,player_points,pts,23.5,-109.25,-121.0,4,sportsbook,2026-07-05T23:00:00Z,Las Vegas Aces,Indiana Fever,the-odds-api,2026-07-05T19:40:27.250469+00:00,,
2026-07-05,f784500c59f1f83757bec7c0ef787879,Jackie Young,,,Indiana Fever @ Las Vegas Aces,,player_points,pts,20.5,-107.5,-120.67,4,sportsbook,2026-07-05T23:00:00Z,Las Vegas Aces,Indiana Fever,the-odds-api,2026-07-05T19:40:27.250469+00:00,,
2026-07-05,f784500c59f1f83757bec7c0ef787879,Aliyah Boston,,,Indiana Fever @ Las Vegas Aces,,player_points,pts,17.5,-112.25,-114.33,4,sportsbook,2026-07-05T23:00:00Z,Las Vegas Aces,Indiana Fever,the-odds-api,2026-07-05T19:40:27.250469+00:00,,
2026-07-05,f784500c59f1f83757bec7c0ef787879,Chelsea Gray,,,Indiana Fever @ Las Vegas Aces,,player_points,pts,13.5,-124.0,-107.0,1,sportsbook,2026-07-05T23:00:00Z,Las Vegas Aces,Indiana Fever,the-odds-api,2026-07-05T19:40:27.250469+00:00,,
2026-07-05,f784500c59f1f83757bec7c0ef787879,NaLyssa Smith,,,Indiana Fever @ Las Vegas Aces,,player_points,pts,13.5,-3.25,-130.33,4,sportsbook,2026-07-05T23:00:00Z,Las Vegas Aces,Indiana Fever,the-odds-api,2026-07-05T19:40:27.250469+00:00,,
2026-07-05,f784500c59f1f83757bec7c0ef787879,Jewell Loyd,,,Indiana Fever @ Las Vegas Aces,,player_points,pts,10.5,-118.75,-111.33,4,sportsbook,2026-07-05T23:00:00Z,Las Vegas Aces,Indiana Fever,the-odds-api,2026-07-05T19:40:27.250469+00:00,,
2026-07-05,f784500c59f1f83757bec7c0ef787879,Sophie Cunningham,,,Indiana Fever @ Las Vegas Aces,,player_points,pts,9.5,-125.0,-105.67,4,sportsbook,2026-07-05T23:00:00Z,Las Vegas Aces,Indiana Fever,the-odds-api,2026-07-05T19:40:27.250469+00:00,,
2026-07-05,f784500c59f1f83757bec7c0ef787879,Monique Billings,,,Indiana Fever @ Las Vegas Aces,,player_points,pts,8.5,-112.75,-115.0,4,sportsbook,2026-07-05T23:00:00Z,Las Vegas Aces,Indiana Fever,the-odds-api,2026-07-05T19:40:27.250469+00:00,,
2026-07-05,f784500c59f1f83757bec7c0ef787879,Cheyenne Parker-Tyus,,,Indiana Fever @ Las Vegas Aces,,player_points,pts,8.5,-105.75,-124.0,4,sportsbook,2026-07-05T23:00:00Z,Las Vegas Aces,Indiana Fever,the-odds-api,2026-07-05T19:40:27.250469+00:00,,
2026-07-05,f784500c59f1f83757bec7c0ef787879,Lexie Hull,,,Indiana Fever @ Las Vegas Aces,,player_points,pts,7.5,-118.0,-116.5,3,sportsbook,2026-07-05T23:00:00Z,Las Vegas Aces,Indiana Fever,the-odds-api,2026-07-05T19:40:27.250469+00:00,,
2026-07-05,f784500c59f1f83757bec7c0ef787879,Jackie Young,,,Indiana Fever @ Las Vegas Aces,,player_points_assists,pa,26.5,-121.5,-110.5,2,sportsbook,2026-07-05T23:00:00Z,Las Vegas Aces,Indiana Fever,the-odds-api,2026-07-05T19:40:27.250469+00:00,,
2026-07-05,f784500c59f1f83757bec7c0ef787879,Kelsey Mitchell,,,Indiana Fever @ Las Vegas Aces,,player_points_assists,pa,26.5,-114.0,-117.5,2,sportsbook,2026-07-05T23:00:00Z,Las Vegas Aces,Indiana Fever,the-odds-api,2026-07-05T19:40:27.250469+00:00,,
2026-07-05,f784500c59f1f83757bec7c0ef787879,Aliyah Boston,,,Indiana Fever @ Las Vegas Aces,,player_points_assists,pa,21.5,-111.0,-122.0,1,sportsbook,2026-07-05T23:00:00Z,Las Vegas Aces,Indiana Fever,the-odds-api,2026-07-05T19:40:27.250469+00:00,,
2026-07-05,f784500c59f1f83757bec7c0ef787879,Chelsea Gray,,,Indiana Fever @ Las Vegas Aces,,player_points_assists,pa,21.5,-111.5,-119.0,2,sportsbook,2026-07-05T23:00:00Z,Las Vegas Aces,Indiana Fever,the-odds-api,2026-07-05T19:40:27.250469+00:00,,
2026-07-05,f784500c59f1f83757bec7c0ef787879,Aliyah Boston,,,Indiana Fever @ Las Vegas Aces,,player_points_rebounds,pr,26.5,-117.0,-116.0,1,sportsbook,2026-07-05T23:00:00Z,Las Vegas Aces,Indiana Fever,the-odds-api,2026-07-05T19:40:27.250469+00:00,,
2026-07-05,f784500c59f1f83757bec7c0ef787879,Jackie Young,,,Indiana Fever @ Las Vegas Aces,,player_points_rebounds,pr,25.5,-112.0,-120.0,2,sportsbook,2026-07-05T23:00:00Z,Las Vegas Aces,Indiana Fever,the-odds-api,2026-07-05T19:40:27.250469+00:00,,
2026-07-05,f784500c59f1f83757bec7c0ef787879,Kelsey Mitchell,,,Indiana Fever @ Las Vegas Aces,,player_points_rebounds,pr,25.5,-111.0,-120.5,2,sportsbook,2026-07-05T23:00:00Z,Las Vegas Aces,Indiana Fever,the-odds-api,2026-07-05T19:40:27.250469+00:00,,
2026-07-05,f784500c59f1f83757bec7c0ef787879,NaLyssa Smith,,,Indiana Fever @ Las Vegas Aces,,player_points_rebounds,pr,20.5,-108.5,-123.5,2,sportsbook,2026-07-05T23:00:00Z,Las Vegas Aces,Indiana Fever,the-odds-api,2026-07-05T19:40:27.250469+00:00,,
2026-07-05,f784500c59f1f83757bec7c0ef787879,Chelsea Gray,,,Indiana Fever @ Las Vegas Aces,,player_points_rebounds,pr,18.5,-109.0,-124.0,1,sportsbook,2026-07-05T23:00:00Z,Las Vegas Aces,Indiana Fever,the-odds-api,2026-07-05T19:40:27.250469+00:00,,
2026-07-05,f784500c59f1f83757bec7c0ef787879,Monique Billings,,,Indiana Fever @ Las Vegas Aces,,player_points_rebounds,pr,14.5,-105.0,-128.0,2,sportsbook,2026-07-05T23:00:00Z,Las Vegas Aces,Indiana Fever,the-odds-api,2026-07-05T19:40:27.250469+00:00,,
2026-07-05,f784500c59f1f83757bec7c0ef787879,Jewell Loyd,,,Indiana Fever @ Las Vegas Aces,,player_points_rebounds,pr,13.5,-117.0,-116.0,1,sportsbook,2026-07-05T23:00:00Z,Las Vegas Aces,Indiana Fever,the-odds-api,2026-07-05T19:40:27.250469+00:00,,
2026-07-05,f784500c59f1f83757bec7c0ef787879,Cheyenne Parker-Tyus,,,Indiana Fever @ Las Vegas Aces,,player_points_rebounds,pr,13.5,-104.5,-128.5,2,sportsbook,2026-07-05T23:00:00Z,Las Vegas Aces,Indiana Fever,the-odds-api,2026-07-05T19:40:27.250469+00:00,,
2026-07-05,f784500c59f1f83757bec7c0ef787879,Lexie Hull,,,Indiana Fever @ Las Vegas Aces,,player_points_rebounds,pr,11.5,-122.0,-112.0,1,sportsbook,2026-07-05T23:00:00Z,Las Vegas Aces,Indiana Fever,the-odds-api,2026-07-05T19:40:27.250469+00:00,,
2026-07-05,f784500c59f1f83757bec7c0ef787879,Jackie Young,,,Indiana Fever @ Las Vegas Aces,,player_points_rebounds_assists,pra,32.5,-38.33,-130.5,3,sportsbook,2026-07-05T23:00:00Z,Las Vegas Aces,Indiana Fever,the-odds-api,2026-07-05T19:40:27.250469+00:00,,
2026-07-05,f784500c59f1f83757bec7c0ef787879,Aliyah Boston,,,Indiana Fever @ Las Vegas Aces,,player_points_rebounds_assists,pra,30.5,-108.75,-121.0,4,sportsbook,2026-07-05T23:00:00Z,Las Vegas Aces,Indiana Fever,the-odds-api,2026-07-05T19:40:27.250469+00:00,,
2026-07-05,f784500c59f1f83757bec7c0ef787879,Kelsey Mitchell,,,Indiana Fever @ Las Vegas Aces,,player_points_rebounds_assists,pra,28.5,-117.0,-114.5,2,sportsbook,2026-07-05T23:00:00Z,Las Vegas Aces,Indiana Fever,the-odds-api,2026-07-05T19:40:27.250469+00:00,,
2026-07-05,f784500c59f1f83757bec7c0ef787879,Chelsea Gray,,,Indiana Fever @ Las Vegas Aces,,player_points_rebounds_assists,pra,25.5,-118.5,-112.0,2,sportsbook,2026-07-05T23:00:00Z,Las Vegas Aces,Indiana Fever,the-odds-api,2026-07-05T19:40:27.250469+00:00,,
2026-07-05,f784500c59f1f83757bec7c0ef787879,Aliyah Boston,,,Indiana Fever @ Las Vegas Aces,,player_rebounds,reb,8.5,-138.5,105.67,4,sportsbook,2026-07-05T23:00:00Z,Las Vegas Aces,Indiana Fever,the-odds-api,2026-07-05T19:40:27.250469+00:00,,
2026-07-05,f784500c59f1f83757bec7c0ef787879,NaLyssa Smith,,,Indiana Fever @ Las Vegas Aces,,player_rebounds,reb,6.5,-149.0,110.0,1,sportsbook,2026-07-05T23:00:00Z,Las Vegas Aces,Indiana Fever,the-odds-api,2026-07-05T19:40:27.250469+00:00,,
2026-07-05,f784500c59f1f83757bec7c0ef787879,Monique Billings,,,Indiana Fever @ Las Vegas Aces,,player_rebounds,reb,5.5,-0.75,-128.0,4,sportsbook,2026-07-05T23:00:00Z,Las Vegas Aces,Indiana Fever,the-odds-api,2026-07-05T19:40:27.250469+00:00,,
2026-07-05,f784500c59f1f83757bec7c0ef787879,Jackie Young,,,Indiana Fever @ Las Vegas Aces,,player_rebounds,reb,4.5,-158.0,117.5,2,sportsbook,2026-07-05T23:00:00Z,Las Vegas Aces,Indiana Fever,the-odds-api,2026-07-05T19:40:27.250469+00:00,,
2026-07-05,f784500c59f1f83757bec7c0ef787879,Cheyenne Parker-Tyus,,,Indiana Fever @ Las Vegas Aces,,player_rebounds,reb,4.5,-123.0,-108.33,3,sportsbook,2026-07-05T23:00:00Z,Las Vegas Aces,Indiana Fever,the-odds-api,2026-07-05T19:40:27.250469+00:00,,
2026-07-05,f784500c59f1f83757bec7c0ef787879,Chelsea Gray,,,Indiana Fever @ Las Vegas Aces,,player_rebounds,reb,4.5,0.0,-130.67,4,sportsbook,2026-07-05T23:00:00Z,Las Vegas Aces,Indiana Fever,the-odds-api,2026-07-05T19:40:27.250469+00:00,,
2026-07-05,f784500c59f1f83757bec7c0ef787879,Lexie Hull,,,Indiana Fever @ Las Vegas Aces,,player_rebounds,reb,3.5,-167.67,125.33,3,sportsbook,2026-07-05T23:00:00Z,Las Vegas Aces,Indiana Fever,the-odds-api,2026-07-05T19:40:27.250469+00:00,,
2026-07-05,f784500c59f1f83757bec7c0ef787879,Jewell Loyd,,,Indiana Fever @ Las Vegas Aces,,player_rebounds,reb,3.5,125.75,-170.33,4,sportsbook,2026-07-05T23:00:00Z,Las Vegas Aces,Indiana Fever,the-odds-api,2026-07-05T19:40:27.250469+00:00,,
2026-07-05,f784500c59f1f83757bec7c0ef787879,Aliyah Boston,,,Indiana Fever @ Las Vegas Aces,,player_rebounds_assists,ra,12.5,-116.0,-117.5,2,sportsbook,2026-07-05T23:00:00Z,Las Vegas Aces,Indiana Fever,the-odds-api,2026-07-05T19:40:27.250469+00:00,,
2026-07-05,f784500c59f1f83757bec7c0ef787879,Chelsea Gray,,,Indiana Fever @ Las Vegas Aces,,player_rebounds_assists,ra,11.5,-115.0,-116.5,2,sportsbook,2026-07-05T23:00:00Z,Las Vegas Aces,Indiana Fever,the-odds-api,2026-07-05T19:40:27.250469+00:00,,
2026-07-05,f784500c59f1f83757bec7c0ef787879,Jackie Young,,,Indiana Fever @ Las Vegas Aces,,player_rebounds_assists,ra,11.5,-109.0,-123.0,2,sportsbook,2026-07-05T23:00:00Z,Las Vegas Aces,Indiana Fever,the-odds-api,2026-07-05T19:40:27.250469+00:00,,
2026-07-05,f784500c59f1f83757bec7c0ef787879,Kelsey Mitchell,,,Indiana Fever @ Las Vegas Aces,,player_threes,threes,2.5,-20.0,-124.33,4,sportsbook,2026-07-05T23:00:00Z,Las Vegas Aces,Indiana Fever,the-odds-api,2026-07-05T19:40:27.250469+00:00,,
2026-07-05,f784500c59f1f83757bec7c0ef787879,Jackie Young,,,Indiana Fever @ Las Vegas Aces,,player_threes,threes,2.5,140.4,-198.67,4,sportsbook,2026-07-05T23:00:00Z,Las Vegas Aces,Indiana Fever,the-odds-api,2026-07-05T19:40:27.250469+00:00,,
2026-07-05,f784500c59f1f83757bec7c0ef787879,Jewell Loyd,,,Indiana Fever @ Las Vegas Aces,,player_threes,threes,1.5,-176.6,130.33,4,sportsbook,2026-07-05T23:00:00Z,Las Vegas Aces,Indiana Fever,the-odds-api,2026-07-05T19:40:27.250469+00:00,,
2026-07-05,f784500c59f1f83757bec7c0ef787879,Chelsea Gray,,,Indiana Fever @ Las Vegas Aces,,player_threes,threes,1.5,-171.8,125.33,4,sportsbook,2026-07-05T23:00:00Z,Las Vegas Aces,Indiana Fever,the-odds-api,2026-07-05T19:40:27.250469+00:00,,
2026-07-05,f784500c59f1f83757bec7c0ef787879,Sophie Cunningham,,,Indiana Fever @ Las Vegas Aces,,player_threes,threes,1.5,-129.6,-105.67,4,sportsbook,2026-07-05T23:00:00Z,Las Vegas Aces,Indiana Fever,the-odds-api,2026-07-05T19:40:27.250469+00:00,,
2026-07-05,f784500c59f1f83757bec7c0ef787879,Lexie Hull,,,Indiana Fever @ Las Vegas Aces,,player_threes,threes,1.5,167.0,-223.67,4,sportsbook,2026-07-05T23:00:00Z,Las Vegas Aces,Indiana Fever,the-odds-api,2026-07-05T19:40:27.250469+00:00,,
2026-07-05,f784500c59f1f83757bec7c0ef787879,Aliyah Boston,,,Indiana Fever @ Las Vegas Aces,,player_threes,threes,1.5,184.0,-252.67,3,sportsbook,2026-07-05T23:00:00Z,Las Vegas Aces,Indiana Fever,the-odds-api,2026-07-05T19:40:27.250469+00:00,,
2026-07-05,f784500c59f1f83757bec7c0ef787879,Jackie Young,,,Indiana Fever @ Las Vegas Aces,,player_triple_double,td,0.5,,,1,sportsbook,2026-07-05T23:00:00Z,Las Vegas Aces,Indiana Fever,the-odds-api,2026-07-05T19:40:27.250469+00:00,2700.0,
2026-07-05,f784500c59f1f83757bec7c0ef787879,Raven Johnson,,,Indiana Fever @ Las Vegas Aces,,player_assists,ast,2.5,-143.0,,1,sportsbook,2026-07-05T23:00:00Z,Las Vegas Aces,Indiana Fever,the-odds-api,2026-07-05T19:40:27.250469+00:00,,
2026-07-05,f784500c59f1f83757bec7c0ef787879,NaLyssa Smith,,,Indiana Fever @ Las Vegas Aces,,player_points,pts,14.5,116.0,,1,sportsbook,2026-07-05T23:00:00Z,Las Vegas Aces,Indiana Fever,the-odds-api,2026-07-05T19:40:27.250469+00:00,,
2026-07-05,f784500c59f1f83757bec7c0ef787879,Kelsey Mitchell,,,Indiana Fever @ Las Vegas Aces,,player_points,pts,22.5,-134.0,,1,sportsbook,2026-07-05T23:00:00Z,Las Vegas Aces,Indiana Fever,the-odds-api,2026-07-05T19:40:27.250469+00:00,,
2026-07-05,f784500c59f1f83757bec7c0ef787879,Cheyenne Parker-Tyus,,,Indiana Fever @ Las Vegas Aces,,player_points,pts,9.5,120.0,,1,sportsbook,2026-07-05T23:00:00Z,Las Vegas Aces,Indiana Fever,the-odds-api,2026-07-05T19:40:27.250469+00:00,,
2026-07-05,f784500c59f1f83757bec7c0ef787879,Kelsey Mitchell,,,Indiana Fever @ Las Vegas Aces,,player_points,pts,24.5,108.0,,1,sportsbook,2026-07-05T23:00:00Z,Las Vegas Aces,Indiana Fever,the-odds-api,2026-07-05T19:40:27.250469+00:00,,
2026-07-05,f784500c59f1f83757bec7c0ef787879,Sophie Cunningham,,,Indiana Fever @ Las Vegas Aces,,player_points,pts,10.5,100.0,,1,sportsbook,2026-07-05T23:00:00Z,Las Vegas Aces,Indiana Fever,the-odds-api,2026-07-05T19:40:27.250469+00:00,,
2026-07-05,f784500c59f1f83757bec7c0ef787879,Monique Billings,,,Indiana Fever @ Las Vegas Aces,,player_points,pts,9.5,120.0,,1,sportsbook,2026-07-05T23:00:00Z,Las Vegas Aces,Indiana Fever,the-odds-api,2026-07-05T19:40:27.250469+00:00,,
2026-07-05,f784500c59f1f83757bec7c0ef787879,Lexie Hull,,,Indiana Fever @ Las Vegas Aces,,player_points,pts,8.5,108.0,,1,sportsbook,2026-07-05T23:00:00Z,Las Vegas Aces,Indiana Fever,the-odds-api,2026-07-05T19:40:27.250469+00:00,,
2026-07-05,f784500c59f1f83757bec7c0ef787879,Aliyah Boston,,,Indiana Fever @ Las Vegas Aces,,player_points,pts,16.5,-134.0,,1,sportsbook,2026-07-05T23:00:00Z,Las Vegas Aces,Indiana Fever,the-odds-api,2026-07-05T19:40:27.250469+00:00,,
2026-07-05,f784500c59f1f83757bec7c0ef787879,Aliyah Boston,,,Indiana Fever @ Las Vegas Aces,,player_points,pts,18.5,117.0,,1,sportsbook,2026-07-05T23:00:00Z,Las Vegas Aces,Indiana Fever,the-odds-api,2026-07-05T19:40:27.250469+00:00,,
2026-07-05,f784500c59f1f83757bec7c0ef787879,Jackie Young,,,Indiana Fever @ Las Vegas Aces,,player_points,pts,19.5,-125.0,,1,sportsbook,2026-07-05T23:00:00Z,Las Vegas Aces,Indiana Fever,the-odds-api,2026-07-05T19:40:27.250469+00:00,,
2026-07-05,f784500c59f1f83757bec7c0ef787879,Raven Johnson,,,Indiana Fever @ Las Vegas Aces,,player_points,pts,7.5,-120.0,,1,sportsbook,2026-07-05T23:00:00Z,Las Vegas Aces,Indiana Fever,the-odds-api,2026-07-05T19:40:27.250469+00:00,,
2026-07-05,f784500c59f1f83757bec7c0ef787879,Jackie Young,,,Indiana Fever @ Las Vegas Aces,,player_points,pts,21.5,118.0,,1,sportsbook,2026-07-05T23:00:00Z,Las Vegas Aces,Indiana Fever,the-odds-api,2026-07-05T19:40:27.250469+00:00,,
2026-07-05,f784500c59f1f83757bec7c0ef787879,Raven Johnson,,,Indiana Fever @ Las Vegas Aces,,player_points,pts,8.5,134.0,-200.0,2,sportsbook,2026-07-05T23:00:00Z,Las Vegas Aces,Indiana Fever,the-odds-api,2026-07-05T19:40:27.250469+00:00,,
2026-07-05,f784500c59f1f83757bec7c0ef787879,Jewell Loyd,,,Indiana Fever @ Las Vegas Aces,,player_points,pts,11.5,108.0,,1,sportsbook,2026-07-05T23:00:00Z,Las Vegas Aces,Indiana Fever,the-odds-api,2026-07-05T19:40:27.250469+00:00,,
2026-07-05,f784500c59f1f83757bec7c0ef787879,Chelsea Gray,,,Indiana Fever @ Las Vegas Aces,,player_points,pts,14.5,-108.33,-121.5,3,sportsbook,2026-07-05T23:00:00Z,Las Vegas Aces,Indiana Fever,the-odds-api,2026-07-05T19:40:27.250469+00:00,,
2026-07-05,f784500c59f1f83757bec7c0ef787879,Chelsea Gray,,,Indiana Fever @ Las Vegas Aces,,player_points,pts,15.5,110.0,,1,sportsbook,2026-07-05T23:00:00Z,Las Vegas Aces,Indiana Fever,the-odds-api,2026-07-05T19:40:27.250469+00:00,,
2026-07-05,f784500c59f1f83757bec7c0ef787879,Kelsey Mitchell,,,Indiana Fever @ Las Vegas Aces,,player_points_rebounds_assists,pra,29.5,-105.5,-120.0,2,sportsbook,2026-07-05T23:00:00Z,Las Vegas Aces,Indiana Fever,the-odds-api,2026-07-05T19:40:27.250469+00:00,,
2026-07-05,f784500c59f1f83757bec7c0ef787879,Raven Johnson,,,Indiana Fever @ Las Vegas Aces,,player_points_rebounds_assists,pra,14.5,-113.0,,1,sportsbook,2026-07-05T23:00:00Z,Las Vegas Aces,Indiana Fever,the-odds-api,2026-07-05T19:40:27.250469+00:00,,
2026-07-05,f784500c59f1f83757bec7c0ef787879,Chelsea Gray,,,Indiana Fever @ Las Vegas Aces,,player_points_rebounds_assists,pra,26.5,-108.0,-125.0,2,sportsbook,2026-07-05T23:00:00Z,Las Vegas Aces,Indiana Fever,the-odds-api,2026-07-05T19:40:27.250469+00:00,,
2026-07-05,f784500c59f1f83757bec7c0ef787879,Lexie Hull,,,Indiana Fever @ Las Vegas Aces,,player_rebounds,reb,4.5,123.0,,1,sportsbook,2026-07-05T23:00:00Z,Las Vegas Aces,Indiana Fever,the-odds-api,2026-07-05T19:40:27.250469+00:00,,
2026-07-05,f784500c59f1f83757bec7c0ef787879,Sophie Cunningham,,,Indiana Fever @ Las Vegas Aces,,player_rebounds,reb,2.5,-141.0,,1,sportsbook,2026-07-05T23:00:00Z,Las Vegas Aces,Indiana Fever,the-odds-api,2026-07-05T19:40:27.250469+00:00,,
2026-07-05,f784500c59f1f83757bec7c0ef787879,Cheyenne Parker-Tyus,,,Indiana Fever @ Las Vegas Aces,,player_rebounds,reb,5.5,115.0,,1,sportsbook,2026-07-05T23:00:00Z,Las Vegas Aces,Indiana Fever,the-odds-api,2026-07-05T19:40:27.250469+00:00,,
2026-07-05,f784500c59f1f83757bec7c0ef787879,Raven Johnson,,,Indiana Fever @ Las Vegas Aces,,player_rebounds,reb,3.5,4.5,-149.0,2,sportsbook,2026-07-05T23:00:00Z,Las Vegas Aces,Indiana Fever,the-odds-api,2026-07-05T19:40:27.250469+00:00,,
2026-07-05,f784500c59f1f83757bec7c0ef787879,Jackie Young,,,Indiana Fever @ Las Vegas Aces,,player_rebounds,reb,5.5,0.5,-149.0,2,sportsbook,2026-07-05T23:00:00Z,Las Vegas Aces,Indiana Fever,the-odds-api,2026-07-05T19:40:27.250469+00:00,,
2026-07-05,f784500c59f1f83757bec7c0ef787879,Kelsey Mitchell,,,Indiana Fever @ Las Vegas Aces,,player_rebounds,reb,2.5,130.0,,1,sportsbook,2026-07-05T23:00:00Z,Las Vegas Aces,Indiana Fever,the-odds-api,2026-07-05T19:40:27.250469+00:00,,
2026-07-05,f784500c59f1f83757bec7c0ef787879,NaLyssa Smith,,,Indiana Fever @ Las Vegas Aces,,player_rebounds,reb,7.5,43.67,-156.0,3,sportsbook,2026-07-05T23:00:00Z,Las Vegas Aces,Indiana Fever,the-odds-api,2026-07-05T19:40:27.250469+00:00,,
2026-07-05,f784500c59f1f83757bec7c0ef787879,Aliyah Boston,,,Indiana Fever @ Las Vegas Aces,,player_threes,threes,0.5,-220.0,,1,sportsbook,2026-07-05T23:00:00Z,Las Vegas Aces,Indiana Fever,the-odds-api,2026-07-05T19:40:27.250469+00:00,,
2026-07-05,f784500c59f1f83757bec7c0ef787879,Kelsey Mitchell,,,Indiana Fever @ Las Vegas Aces,,player_assists,ast,2.5,-174.0,130.0,1,sportsbook,2026-07-05T23:00:00Z,Las Vegas Aces,Indiana Fever,the-odds-api,2026-07-05T19:40:27.250469+00:00,,
2026-07-05,f784500c59f1f83757bec7c0ef787879,Chelsea Gray,,,Indiana Fever @ Las Vegas Aces,,player_assists,ast,6.5,-142.0,108.0,2,sportsbook,2026-07-05T23:00:00Z,Las Vegas Aces,Indiana Fever,the-odds-api,2026-07-05T19:40:27.250469+00:00,,
2026-07-05,f784500c59f1f83757bec7c0ef787879,Aliyah Boston,,,Indiana Fever @ Las Vegas Aces,,player_points_assists,pa,20.5,-128.0,-104.0,1,sportsbook,2026-07-05T23:00:00Z,Las Vegas Aces,Indiana Fever,the-odds-api,2026-07-05T19:40:27.250469+00:00,,
2026-07-05,f784500c59f1f83757bec7c0ef787879,Jewell Loyd,,,Indiana Fever @ Las Vegas Aces,,player_points_rebounds,pr,14.5,100.0,-132.0,1,sportsbook,2026-07-05T23:00:00Z,Las Vegas Aces,Indiana Fever,the-odds-api,2026-07-05T19:40:27.250469+00:00,,
2026-07-05,f784500c59f1f83757bec7c0ef787879,Chelsea Gray,,,Indiana Fever @ Las Vegas Aces,,player_points_rebounds,pr,19.5,100.0,-132.0,1,sportsbook,2026-07-05T23:00:00Z,Las Vegas Aces,Indiana Fever,the-odds-api,2026-07-05T19:40:27.250469+00:00,,
2026-07-05,f784500c59f1f83757bec7c0ef787879,Jackie Young,,,Indiana Fever @ Las Vegas Aces,,player_points_rebounds_assists,pra,31.5,-125.0,-106.0,1,sportsbook,2026-07-05T23:00:00Z,Las Vegas Aces,Indiana Fever,the-odds-api,2026-07-05T19:40:27.250469+00:00,,
2026-07-05,f784500c59f1f83757bec7c0ef787879,Kelsey Mitchell,,,Indiana Fever @ Las Vegas Aces,,player_rebounds,reb,1.5,-185.0,139.5,2,sportsbook,2026-07-05T23:00:00Z,Las Vegas Aces,Indiana Fever,the-odds-api,2026-07-05T19:40:27.250469+00:00,,
2026-07-05,f784500c59f1f83757bec7c0ef787879,Kelsey Mitchell,,,Indiana Fever @ Las Vegas Aces,,player_rebounds_assists,ra,4.5,-166.0,124.0,1,sportsbook,2026-07-05T23:00:00Z,Las Vegas Aces,Indiana Fever,the-odds-api,2026-07-05T19:40:27.250469+00:00,,
2026-07-05,f784500c59f1f83757bec7c0ef787879,A'ja Wilson,,,Indiana Fever @ Las Vegas Aces,,player_assists,ast,2.5,-122.0,-106.0,1,sportsbook,2026-07-05T23:00:00Z,Las Vegas Aces,Indiana Fever,the-odds-api,2026-07-05T19:40:27.250469+00:00,,
2026-07-05,f784500c59f1f83757bec7c0ef787879,Raven Johnson,,,Indiana Fever @ Las Vegas Aces,,player_assists,ast,3.5,146.0,-192.0,1,sportsbook,2026-07-05T23:00:00Z,Las Vegas Aces,Indiana Fever,the-odds-api,2026-07-05T19:40:27.250469+00:00,,
2026-07-05,f784500c59f1f83757bec7c0ef787879,A'ja Wilson,,,Indiana Fever @ Las Vegas Aces,,player_points,pts,25.5,-111.0,-116.0,1,sportsbook,2026-07-05T23:00:00Z,Las Vegas Aces,Indiana Fever,the-odds-api,2026-07-05T19:40:27.250469+00:00,,
2026-07-05,f784500c59f1f83757bec7c0ef787879,Stephanie Talbot,,,Indiana Fever @ Las Vegas Aces,,player_points,pts,5.5,122.0,-159.0,1,sportsbook,2026-07-05T23:00:00Z,Las Vegas Aces,Indiana Fever,the-odds-api,2026-07-05T19:40:27.250469+00:00,,
2026-07-05,f784500c59f1f83757bec7c0ef787879,A'ja Wilson,,,Indiana Fever @ Las Vegas Aces,,player_points_rebounds_assists,pra,38.5,-106.0,-122.0,1,sportsbook,2026-07-05T23:00:00Z,Las Vegas Aces,Indiana Fever,the-odds-api,2026-07-05T19:40:27.250469+00:00,,
2026-07-05,f784500c59f1f83757bec7c0ef787879,Raven Johnson,,,Indiana Fever @ Las Vegas Aces,,player_points_rebounds_assists,pra,13.5,-114.0,-114.0,1,sportsbook,2026-07-05T23:00:00Z,Las Vegas Aces,Indiana Fever,the-odds-api,2026-07-05T19:40:27.250469+00:00,,
2026-07-05,f784500c59f1f83757bec7c0ef787879,A'ja Wilson,,,Indiana Fever @ Las Vegas Aces,,player_rebounds,reb,9.5,-123.0,-105.0,1,sportsbook,2026-07-05T23:00:00Z,Las Vegas Aces,Indiana Fever,the-odds-api,2026-07-05T19:40:27.250469+00:00,,
2026-07-05,f784500c59f1f83757bec7c0ef787879,Sophie Cunningham,,,Indiana Fever @ Las Vegas Aces,,player_rebounds,reb,3.5,161.0,-213.0,1,sportsbook,2026-07-05T23:00:00Z,Las Vegas Aces,Indiana Fever,the-odds-api,2026-07-05T19:40:27.250469+00:00,,
2026-07-05,f784500c59f1f83757bec7c0ef787879,Stephanie Talbot,,,Indiana Fever @ Las Vegas Aces,,player_rebounds,reb,3.5,-145.0,111.0,1,sportsbook,2026-07-05T23:00:00Z,Las Vegas Aces,Indiana Fever,the-odds-api,2026-07-05T19:40:27.250469+00:00,,
2026-07-05,f784500c59f1f83757bec7c0ef787879,Stephanie Talbot,,,Indiana Fever @ Las Vegas Aces,,player_threes,threes,0.5,-110.0,-118.0,1,sportsbook,2026-07-05T23:00:00Z,Las Vegas Aces,Indiana Fever,the-odds-api,2026-07-05T19:40:27.250469+00:00,,
2026-07-05,f784500c59f1f83757bec7c0ef787879,Raven Johnson,,,Indiana Fever @ Las Vegas Aces,,player_threes,threes,0.5,-200.0,152.0,1,sportsbook,2026-07-05T23:00:00Z,Las Vegas Aces,Indiana Fever,the-odds-api,2026-07-05T19:40:27.250469+00:00,,
2026-07-05,1fbe348b23c9f547e63ce18ccf0888db,Veronica Burton,,,Golden State Valkyries @ Washington Mystics,,player_assists,ast,5.5,0.5,-135.5,2,sportsbook,2026-07-06T23:40:00Z,Washington Mystics,Golden State Valkyries,the-odds-api,2026-07-05T19:40:28.651259+00:00,,
2026-07-05,1fbe348b23c9f547e63ce18ccf0888db,Sonia Citron,,,Golden State Valkyries @ Washington Mystics,,player_assists,ast,3.5,132.0,-179.0,2,sportsbook,2026-07-06T23:40:00Z,Washington Mystics,Golden State Valkyries,the-odds-api,2026-07-05T19:40:28.651259+00:00,,
2026-07-05,1fbe348b23c9f547e63ce18ccf0888db,Kiki Iriafen,,,Golden State Valkyries @ Washington Mystics,,player_double_double,dd,0.5,,,2,sportsbook,2026-07-06T23:40:00Z,Washington Mystics,Golden State Valkyries,the-odds-api,2026-07-05T19:40:28.651259+00:00,129.5,
2026-07-05,1fbe348b23c9f547e63ce18ccf0888db,Shakira Austin,,,Golden State Valkyries @ Washington Mystics,,player_double_double,dd,0.5,,,2,sportsbook,2026-07-06T23:40:00Z,Washington Mystics,Golden State Valkyries,the-odds-api,2026-07-05T19:40:28.651259+00:00,237.5,
2026-07-05,1fbe348b23c9f547e63ce18ccf0888db,Veronica Burton,,,Golden State Valkyries @ Washington Mystics,,player_double_double,dd,0.5,,,2,sportsbook,2026-07-06T23:40:00Z,Washington Mystics,Golden State Valkyries,the-odds-api,2026-07-05T19:40:28.651259+00:00,1390.0,
2026-07-05,1fbe348b23c9f547e63ce18ccf0888db,Kayla Thornton,,,Golden State Valkyries @ Washington Mystics,,player_double_double,dd,0.5,,,2,sportsbook,2026-07-06T23:40:00Z,Washington Mystics,Golden State Valkyries,the-odds-api,2026-07-05T19:40:28.651259+00:00,2150.0,
2026-07-05,1fbe348b23c9f547e63ce18ccf0888db,Sonia Citron,,,Golden State Valkyries @ Washington Mystics,,player_points,pts,15.5,-125.5,-4.5,2,sportsbook,2026-07-06T23:40:00Z,Washington Mystics,Golden State Valkyries,the-odds-api,2026-07-05T19:40:28.651259+00:00,,
2026-07-05,1fbe348b23c9f547e63ce18ccf0888db,Kiki Iriafen,,,Golden State Valkyries @ Washington Mystics,,player_points,pts,14.5,-121.5,-108.0,2,sportsbook,2026-07-06T23:40:00Z,Washington Mystics,Golden State Valkyries,the-odds-api,2026-07-05T19:40:28.651259+00:00,,
2026-07-05,1fbe348b23c9f547e63ce18ccf0888db,Gabby Williams,,,Golden State Valkyries @ Washington Mystics,,player_points,pts,14.5,-108.0,-122.0,2,sportsbook,2026-07-06T23:40:00Z,Washington Mystics,Golden State Valkyries,the-odds-api,2026-07-05T19:40:28.651259+00:00,,
2026-07-05,1fbe348b23c9f547e63ce18ccf0888db,Shakira Austin,,,Golden State Valkyries @ Washington Mystics,,player_points,pts,11.5,-123.5,-106.5,2,sportsbook,2026-07-06T23:40:00Z,Washington Mystics,Golden State Valkyries,the-odds-api,2026-07-05T19:40:28.651259+00:00,,
2026-07-05,1fbe348b23c9f547e63ce18ccf0888db,Veronica Burton,,,Golden State Valkyries @ Washington Mystics,,player_points,pts,11.5,-112.0,-117.5,2,sportsbook,2026-07-06T23:40:00Z,Washington Mystics,Golden State Valkyries,the-odds-api,2026-07-05T19:40:28.651259+00:00,,
2026-07-05,1fbe348b23c9f547e63ce18ccf0888db,Janelle Salaun,,,Golden State Valkyries @ Washington Mystics,,player_points,pts,10.5,-5.5,-124.5,2,sportsbook,2026-07-06T23:40:00Z,Washington Mystics,Golden State Valkyries,the-odds-api,2026-07-05T19:40:28.651259+00:00,,
2026-07-05,1fbe348b23c9f547e63ce18ccf0888db,Michaela Onyenwere,,,Golden State Valkyries @ Washington Mystics,,player_points,pts,9.5,-110.0,-119.5,2,sportsbook,2026-07-06T23:40:00Z,Washington Mystics,Golden State Valkyries,the-odds-api,2026-07-05T19:40:28.651259+00:00,,
2026-07-05,1fbe348b23c9f547e63ce18ccf0888db,Cecilia Zandalasini,,,Golden State Valkyries @ Washington Mystics,,player_points,pts,9.5,-102.0,-130.0,1,sportsbook,2026-07-06T23:40:00Z,Washington Mystics,Golden State Valkyries,the-odds-api,2026-07-05T19:40:28.651259+00:00,,
2026-07-05,1fbe348b23c9f547e63ce18ccf0888db,Kayla Thornton,,,Golden State Valkyries @ Washington Mystics,,player_points,pts,8.5,-119.5,-108.5,2,sportsbook,2026-07-06T23:40:00Z,Washington Mystics,Golden State Valkyries,the-odds-api,2026-07-05T19:40:28.651259+00:00,,
2026-07-05,1fbe348b23c9f547e63ce18ccf0888db,Sonia Citron,,,Golden State Valkyries @ Washington Mystics,,player_points_assists,pa,19.5,-105.5,-127.0,2,sportsbook,2026-07-06T23:40:00Z,Washington Mystics,Golden State Valkyries,the-odds-api,2026-07-05T19:40:28.651259+00:00,,
2026-07-05,1fbe348b23c9f547e63ce18ccf0888db,Veronica Burton,,,Golden State Valkyries @ Washington Mystics,,player_points_assists,pa,16.5,-129.5,-103.5,2,sportsbook,2026-07-06T23:40:00Z,Washington Mystics,Golden State Valkyries,the-odds-api,2026-07-05T19:40:28.651259+00:00,,
2026-07-05,1fbe348b23c9f547e63ce18ccf0888db,Kiki Iriafen,,,Golden State Valkyries @ Washington Mystics,,player_points_rebounds,pr,23.5,-128.0,-106.0,1,sportsbook,2026-07-06T23:40:00Z,Washington Mystics,Golden State Valkyries,the-odds-api,2026-07-05T19:40:28.651259+00:00,,
2026-07-05,1fbe348b23c9f547e63ce18ccf0888db,Shakira Austin,,,Golden State Valkyries @ Washington Mystics,,player_points_rebounds,pr,19.5,-127.0,-107.0,1,sportsbook,2026-07-06T23:40:00Z,Washington Mystics,Golden State Valkyries,the-odds-api,2026-07-05T19:40:28.651259+00:00,,
2026-07-05,1fbe348b23c9f547e63ce18ccf0888db,Sonia Citron,,,Golden State Valkyries @ Washington Mystics,,player_points_rebounds,pr,19.5,-107.0,-125.0,2,sportsbook,2026-07-06T23:40:00Z,Washington Mystics,Golden State Valkyries,the-odds-api,2026-07-05T19:40:28.651259+00:00,,
2026-07-05,1fbe348b23c9f547e63ce18ccf0888db,Gabby Williams,,,Golden State Valkyries @ Washington Mystics,,player_points_rebounds,pr,17.5,-126.0,-106.5,2,sportsbook,2026-07-06T23:40:00Z,Washington Mystics,Golden State Valkyries,the-odds-api,2026-07-05T19:40:28.651259+00:00,,
2026-07-05,1fbe348b23c9f547e63ce18ccf0888db,Veronica Burton,,,Golden State Valkyries @ Washington Mystics,,player_points_rebounds,pr,14.5,-118.5,-112.5,2,sportsbook,2026-07-06T23:40:00Z,Washington Mystics,Golden State Valkyries,the-odds-api,2026-07-05T19:40:28.651259+00:00,,
2026-07-05,1fbe348b23c9f547e63ce18ccf0888db,Janelle Salaun,,,Golden State Valkyries @ Washington Mystics,,player_points_rebounds,pr,14.5,-103.0,-132.0,1,sportsbook,2026-07-06T23:40:00Z,Washington Mystics,Golden State Valkyries,the-odds-api,2026-07-05T19:40:28.651259+00:00,,
2026-07-05,1fbe348b23c9f547e63ce18ccf0888db,Kayla Thornton,,,Golden State Valkyries @ Washington Mystics,,player_points_rebounds,pr,13.5,-117.0,-116.0,1,sportsbook,2026-07-06T23:40:00Z,Washington Mystics,Golden State Valkyries,the-odds-api,2026-07-05T19:40:28.651259+00:00,,
2026-07-05,1fbe348b23c9f547e63ce18ccf0888db,Kiki Iriafen,,,Golden State Valkyries @ Washington Mystics,,player_points_rebounds_assists,pra,26.5,-108.0,-124.0,2,sportsbook,2026-07-06T23:40:00Z,Washington Mystics,Golden State Valkyries,the-odds-api,2026-07-05T19:40:28.651259+00:00,,
2026-07-05,1fbe348b23c9f547e63ce18ccf0888db,Shakira Austin,,,Golden State Valkyries @ Washington Mystics,,player_points_rebounds_assists,pra,22.5,-128.0,-106.0,1,sportsbook,2026-07-06T23:40:00Z,Washington Mystics,Golden State Valkyries,the-odds-api,2026-07-05T19:40:28.651259+00:00,,
2026-07-05,1fbe348b23c9f547e63ce18ccf0888db,Sonia Citron,,,Golden State Valkyries @ Washington Mystics,,player_points_rebounds_assists,pra,22.5,-114.5,-116.0,2,sportsbook,2026-07-06T23:40:00Z,Washington Mystics,Golden State Valkyries,the-odds-api,2026-07-05T19:40:28.651259+00:00,,
2026-07-05,1fbe348b23c9f547e63ce18ccf0888db,Gabby Williams,,,Golden State Valkyries @ Washington Mystics,,player_points_rebounds_assists,pra,20.5,-116.0,-114.5,2,sportsbook,2026-07-06T23:40:00Z,Washington Mystics,Golden State Valkyries,the-odds-api,2026-07-05T19:40:28.651259+00:00,,
2026-07-05,1fbe348b23c9f547e63ce18ccf0888db,Veronica Burton,,,Golden State Valkyries @ Washington Mystics,,player_points_rebounds_assists,pra,20.5,-106.5,-126.0,2,sportsbook,2026-07-06T23:40:00Z,Washington Mystics,Golden State Valkyries,the-odds-api,2026-07-05T19:40:28.651259+00:00,,
2026-07-05,1fbe348b23c9f547e63ce18ccf0888db,Kiki Iriafen,,,Golden State Valkyries @ Washington Mystics,,player_rebounds,reb,9.5,105.0,-142.0,1,sportsbook,2026-07-06T23:40:00Z,Washington Mystics,Golden State Valkyries,the-odds-api,2026-07-05T19:40:28.651259+00:00,,
2026-07-05,1fbe348b23c9f547e63ce18ccf0888db,Shakira Austin,,,Golden State Valkyries @ Washington Mystics,,player_rebounds,reb,8.5,110.0,-148.0,2,sportsbook,2026-07-06T23:40:00Z,Washington Mystics,Golden State Valkyries,the-odds-api,2026-07-05T19:40:28.651259+00:00,,
2026-07-05,1fbe348b23c9f547e63ce18ccf0888db,Kayla Thornton,,,Golden State Valkyries @ Washington Mystics,,player_rebounds,reb,4.5,-145.5,108.0,2,sportsbook,2026-07-06T23:40:00Z,Washington Mystics,Golden State Valkyries,the-odds-api,2026-07-05T19:40:28.651259+00:00,,
2026-07-05,1fbe348b23c9f547e63ce18ccf0888db,Janelle Salaun,,,Golden State Valkyries @ Washington Mystics,,player_rebounds,reb,3.5,-6.0,-127.0,2,sportsbook,2026-07-06T23:40:00Z,Washington Mystics,Golden State Valkyries,the-odds-api,2026-07-05T19:40:28.651259+00:00,,
2026-07-05,1fbe348b23c9f547e63ce18ccf0888db,Gabby Williams,,,Golden State Valkyries @ Washington Mystics,,player_rebounds,reb,3.5,-3.0,-130.5,2,sportsbook,2026-07-06T23:40:00Z,Washington Mystics,Golden State Valkyries,the-odds-api,2026-07-05T19:40:28.651259+00:00,,
2026-07-05,1fbe348b23c9f547e63ce18ccf0888db,Sonia Citron,,,Golden State Valkyries @ Washington Mystics,,player_rebounds,reb,3.5,118.5,-159.5,2,sportsbook,2026-07-06T23:40:00Z,Washington Mystics,Golden State Valkyries,the-odds-api,2026-07-05T19:40:28.651259+00:00,,
2026-07-05,1fbe348b23c9f547e63ce18ccf0888db,Veronica Burton,,,Golden State Valkyries @ Washington Mystics,,player_rebounds,reb,3.5,131.0,-177.0,2,sportsbook,2026-07-06T23:40:00Z,Washington Mystics,Golden State Valkyries,the-odds-api,2026-07-05T19:40:28.651259+00:00,,
2026-07-05,1fbe348b23c9f547e63ce18ccf0888db,Janelle Salaun,,,Golden State Valkyries @ Washington Mystics,,player_threes,threes,1.5,-164.5,122.0,2,sportsbook,2026-07-06T23:40:00Z,Washington Mystics,Golden State Valkyries,the-odds-api,2026-07-05T19:40:28.651259+00:00,,
2026-07-05,1fbe348b23c9f547e63ce18ccf0888db,Gabby Williams,,,Golden State Valkyries @ Washington Mystics,,player_threes,threes,1.5,-111.5,-120.0,2,sportsbook,2026-07-06T23:40:00Z,Washington Mystics,Golden State Valkyries,the-odds-api,2026-07-05T19:40:28.651259+00:00,,
2026-07-05,1fbe348b23c9f547e63ce18ccf0888db,Kayla Thornton,,,Golden State Valkyries @ Washington Mystics,,player_threes,threes,1.5,-103.0,-130.5,2,sportsbook,2026-07-06T23:40:00Z,Washington Mystics,Golden State Valkyries,the-odds-api,2026-07-05T19:40:28.651259+00:00,,
2026-07-05,1fbe348b23c9f547e63ce18ccf0888db,Cecilia Zandalasini,,,Golden State Valkyries @ Washington Mystics,,player_threes,threes,1.5,117.5,-158.5,2,sportsbook,2026-07-06T23:40:00Z,Washington Mystics,Golden State Valkyries,the-odds-api,2026-07-05T19:40:28.651259+00:00,,
2026-07-05,1fbe348b23c9f547e63ce18ccf0888db,Sonia Citron,,,Golden State Valkyries @ Washington Mystics,,player_threes,threes,1.5,120.5,-163.0,2,sportsbook,2026-07-06T23:40:00Z,Washington Mystics,Golden State Valkyries,the-odds-api,2026-07-05T19:40:28.651259+00:00,,
2026-07-05,1fbe348b23c9f547e63ce18ccf0888db,Veronica Burton,,,Golden State Valkyries @ Washington Mystics,,player_threes,threes,1.5,143.5,-196.0,2,sportsbook,2026-07-06T23:40:00Z,Washington Mystics,Golden State Valkyries,the-odds-api,2026-07-05T19:40:28.651259+00:00,,
2026-07-05,1fbe348b23c9f547e63ce18ccf0888db,Michaela Onyenwere,,,Golden State Valkyries @ Washington Mystics,,player_threes,threes,1.5,154.0,-207.5,2,sportsbook,2026-07-06T23:40:00Z,Washington Mystics,Golden State Valkyries,the-odds-api,2026-07-05T19:40:28.651259+00:00,,
2026-07-05,1fbe348b23c9f547e63ce18ccf0888db,Cecilia Zandalasini,,,Golden State Valkyries @ Washington Mystics,,player_points,pts,8.5,-128.0,-102.0,1,sportsbook,2026-07-06T23:40:00Z,Washington Mystics,Golden State Valkyries,the-odds-api,2026-07-05T19:40:28.651259+00:00,,
2026-07-05,1fbe348b23c9f547e63ce18ccf0888db,Janelle Salaun,,,Golden State Valkyries @ Washington Mystics,,player_points_rebounds,pr,13.5,-120.0,-110.0,1,sportsbook,2026-07-06T23:40:00Z,Washington Mystics,Golden State Valkyries,the-odds-api,2026-07-05T19:40:28.651259+00:00,,
2026-07-05,1fbe348b23c9f547e63ce18ccf0888db,Shakira Austin,,,Golden State Valkyries @ Washington Mystics,,player_points_rebounds,pr,20.5,-106.0,-125.0,1,sportsbook,2026-07-06T23:40:00Z,Washington Mystics,Golden State Valkyries,the-odds-api,2026-07-05T19:40:28.651259+00:00,,
2026-07-05,1fbe348b23c9f547e63ce18ccf0888db,Kiki Iriafen,,,Golden State Valkyries @ Washington Mystics,,player_points_rebounds,pr,24.5,-102.0,-130.0,1,sportsbook,2026-07-06T23:40:00Z,Washington Mystics,Golden State Valkyries,the-odds-api,2026-07-05T19:40:28.651259+00:00,,
2026-07-05,1fbe348b23c9f547e63ce18ccf0888db,Cecilia Zandalasini,,,Golden State Valkyries @ Washington Mystics,,player_points_rebounds_assists,pra,13.5,-106.0,-125.0,1,sportsbook,2026-07-06T23:40:00Z,Washington Mystics,Golden State Valkyries,the-odds-api,2026-07-05T19:40:28.651259+00:00,,
2026-07-05,1fbe348b23c9f547e63ce18ccf0888db,Shakira Austin,,,Golden State Valkyries @ Washington Mystics,,player_points_rebounds_assists,pra,23.5,-102.0,-130.0,1,sportsbook,2026-07-06T23:40:00Z,Washington Mystics,Golden State Valkyries,the-odds-api,2026-07-05T19:40:28.651259+00:00,,
2026-07-05,1fbe348b23c9f547e63ce18ccf0888db,Kiki Iriafen,,,Golden State Valkyries @ Washington Mystics,,player_rebounds,reb,8.5,-146.0,110.0,1,sportsbook,2026-07-06T23:40:00Z,Washington Mystics,Golden State Valkyries,the-odds-api,2026-07-05T19:40:28.651259+00:00,,
2026-07-05,1fbe348b23c9f547e63ce18ccf0888db,Veronica Burton,,,Golden State Valkyries @ Washington Mystics,,player_rebounds_assists,ra,8.5,-106.0,-125.0,1,sportsbook,2026-07-06T23:40:00Z,Washington Mystics,Golden State Valkyries,the-odds-api,2026-07-05T19:40:28.651259+00:00,,
2026-07-05,1fbe348b23c9f547e63ce18ccf0888db,Sonia Citron,,,Golden State Valkyries @ Washington Mystics,,player_rebounds_assists,ra,6.5,-102.0,-128.0,1,sportsbook,2026-07-06T23:40:00Z,Washington Mystics,Golden State Valkyries,the-odds-api,2026-07-05T19:40:28.651259+00:00,,
2026-07-05,9c39120f2059c1fee0df606e5979d967,Leïla Lacan,,,Connecticut Sun @ Minnesota Lynx,,player_assists,ast,4.5,-110.0,-122.0,2,sportsbook,2026-07-07T00:00:00Z,Minnesota Lynx,Connecticut Sun,the-odds-api,2026-07-05T19:40:30.087353+00:00,,
2026-07-05,9c39120f2059c1fee0df606e5979d967,Courtney Williams,,,Connecticut Sun @ Minnesota Lynx,,player_assists,ast,4.5,122.0,-162.0,1,sportsbook,2026-07-07T00:00:00Z,Minnesota Lynx,Connecticut Sun,the-odds-api,2026-07-05T19:40:30.087353+00:00,,
2026-07-05,9c39120f2059c1fee0df606e5979d967,Olivia Miles,,,Connecticut Sun @ Minnesota Lynx,,player_assists,ast,5.5,-136.5,102.0,2,sportsbook,2026-07-07T00:00:00Z,Minnesota Lynx,Connecticut Sun,the-odds-api,2026-07-05T19:40:30.087353+00:00,,
2026-07-05,9c39120f2059c1fee0df606e5979d967,Natasha Howard,,,Connecticut Sun @ Minnesota Lynx,,player_double_double,dd,0.5,,,2,sportsbook,2026-07-07T00:00:00Z,Minnesota Lynx,Connecticut Sun,the-odds-api,2026-07-05T19:40:30.087353+00:00,196.5,
2026-07-05,9c39120f2059c1fee0df606e5979d967,Olivia Miles,,,Connecticut Sun @ Minnesota Lynx,,player_double_double,dd,0.5,,,2,sportsbook,2026-07-07T00:00:00Z,Minnesota Lynx,Connecticut Sun,the-odds-api,2026-07-05T19:40:30.087353+00:00,675.0,
2026-07-05,9c39120f2059c1fee0df606e5979d967,Olivia Nelson-Ododa,,,Connecticut Sun @ Minnesota Lynx,,player_double_double,dd,0.5,,,1,sportsbook,2026-07-07T00:00:00Z,Minnesota Lynx,Connecticut Sun,the-odds-api,2026-07-05T19:40:30.087353+00:00,850.0,
2026-07-05,9c39120f2059c1fee0df606e5979d967,Courtney Williams,,,Connecticut Sun @ Minnesota Lynx,,player_double_double,dd,0.5,,,2,sportsbook,2026-07-07T00:00:00Z,Minnesota Lynx,Connecticut Sun,the-odds-api,2026-07-05T19:40:30.087353+00:00,1065.0,
2026-07-05,9c39120f2059c1fee0df606e5979d967,Nia Coffey,,,Connecticut Sun @ Minnesota Lynx,,player_double_double,dd,0.5,,,1,sportsbook,2026-07-07T00:00:00Z,Minnesota Lynx,Connecticut Sun,the-odds-api,2026-07-05T19:40:30.087353+00:00,1400.0,
2026-07-05,9c39120f2059c1fee0df606e5979d967,Brittney Griner,,,Connecticut Sun @ Minnesota Lynx,,player_double_double,dd,0.5,,,1,sportsbook,2026-07-07T00:00:00Z,Minnesota Lynx,Connecticut Sun,the-odds-api,2026-07-05T19:40:30.087353+00:00,1600.0,
2026-07-05,9c39120f2059c1fee0df606e5979d967,Olivia Miles,,,Connecticut Sun @ Minnesota Lynx,,player_points,pts,18.5,-120.5,-110.0,2,sportsbook,2026-07-07T00:00:00Z,Minnesota Lynx,Connecticut Sun,the-odds-api,2026-07-05T19:40:30.087353+00:00,,
2026-07-05,9c39120f2059c1fee0df606e5979d967,Leïla Lacan,,,Connecticut Sun @ Minnesota Lynx,,player_points,pts,11.5,-114.5,-114.5,2,sportsbook,2026-07-07T00:00:00Z,Minnesota Lynx,Connecticut Sun,the-odds-api,2026-07-05T19:40:30.087353+00:00,,
2026-07-05,9c39120f2059c1fee0df606e5979d967,Olivia Nelson-Ododa,,,Connecticut Sun @ Minnesota Lynx,,player_points,pts,9.5,-124.5,-105.5,2,sportsbook,2026-07-07T00:00:00Z,Minnesota Lynx,Connecticut Sun,the-odds-api,2026-07-05T19:40:30.087353+00:00,,
2026-07-05,9c39120f2059c1fee0df606e5979d967,Kayla McBride,,,Connecticut Sun @ Minnesota Lynx,,player_points,pts,15.5,-108.0,-121.5,2,sportsbook,2026-07-07T00:00:00Z,Minnesota Lynx,Connecticut Sun,the-odds-api,2026-07-05T19:40:30.087353+00:00,,
2026-07-05,9c39120f2059c1fee0df606e5979d967,Brittney Griner,,,Connecticut Sun @ Minnesota Lynx,,player_points,pts,10.5,-125.0,-104.0,1,sportsbook,2026-07-07T00:00:00Z,Minnesota Lynx,Connecticut Sun,the-odds-api,2026-07-05T19:40:30.087353+00:00,,
2026-07-05,9c39120f2059c1fee0df606e5979d967,Nia Coffey,,,Connecticut Sun @ Minnesota Lynx,,player_points,pts,8.5,-118.0,-110.0,1,sportsbook,2026-07-07T00:00:00Z,Minnesota Lynx,Connecticut Sun,the-odds-api,2026-07-05T19:40:30.087353+00:00,,
2026-07-05,9c39120f2059c1fee0df606e5979d967,Courtney Williams,,,Connecticut Sun @ Minnesota Lynx,,player_points,pts,15.5,-112.5,-117.0,2,sportsbook,2026-07-07T00:00:00Z,Minnesota Lynx,Connecticut Sun,the-odds-api,2026-07-05T19:40:30.087353+00:00,,
2026-07-05,9c39120f2059c1fee0df606e5979d967,Natasha Howard,,,Connecticut Sun @ Minnesota Lynx,,player_points,pts,16.5,-111.5,-117.5,2,sportsbook,2026-07-07T00:00:00Z,Minnesota Lynx,Connecticut Sun,the-odds-api,2026-07-05T19:40:30.087353+00:00,,
2026-07-05,9c39120f2059c1fee0df606e5979d967,Leïla Lacan,,,Connecticut Sun @ Minnesota Lynx,,player_points_assists,pa,16.5,-108.5,-123.5,2,sportsbook,2026-07-07T00:00:00Z,Minnesota Lynx,Connecticut Sun,the-odds-api,2026-07-05T19:40:30.087353+00:00,,
2026-07-05,9c39120f2059c1fee0df606e5979d967,Natasha Howard,,,Connecticut Sun @ Minnesota Lynx,,player_points_assists,pa,19.5,100.0,-132.0,1,sportsbook,2026-07-07T00:00:00Z,Minnesota Lynx,Connecticut Sun,the-odds-api,2026-07-05T19:40:30.087353+00:00,,
2026-07-05,9c39120f2059c1fee0df606e5979d967,Kayla McBride,,,Connecticut Sun @ Minnesota Lynx,,player_points_assists,pa,18.5,-2.5,-130.5,2,sportsbook,2026-07-07T00:00:00Z,Minnesota Lynx,Connecticut Sun,the-odds-api,2026-07-05T19:40:30.087353+00:00,,
2026-07-05,9c39120f2059c1fee0df606e5979d967,Olivia Miles,,,Connecticut Sun @ Minnesota Lynx,,player_points_assists,pa,24.5,-124.0,-108.5,2,sportsbook,2026-07-07T00:00:00Z,Minnesota Lynx,Connecticut Sun,the-odds-api,2026-07-05T19:40:30.087353+00:00,,
2026-07-05,9c39120f2059c1fee0df606e5979d967,Courtney Williams,,,Connecticut Sun @ Minnesota Lynx,,player_points_assists,pa,19.5,-125.0,-7.5,2,sportsbook,2026-07-07T00:00:00Z,Minnesota Lynx,Connecticut Sun,the-odds-api,2026-07-05T19:40:30.087353+00:00,,
2026-07-05,9c39120f2059c1fee0df606e5979d967,Nia Coffey,,,Connecticut Sun @ Minnesota Lynx,,player_points_assists,pa,11.5,-102.0,-130.0,1,sportsbook,2026-07-07T00:00:00Z,Minnesota Lynx,Connecticut Sun,the-odds-api,2026-07-05T19:40:30.087353+00:00,,
2026-07-05,9c39120f2059c1fee0df606e5979d967,Olivia Nelson-Ododa,,,Connecticut Sun @ Minnesota Lynx,,player_points_rebounds,pr,15.5,-118.0,-114.0,1,sportsbook,2026-07-07T00:00:00Z,Minnesota Lynx,Connecticut Sun,the-odds-api,2026-07-05T19:40:30.087353+00:00,,
2026-07-05,9c39120f2059c1fee0df606e5979d967,Courtney Williams,,,Connecticut Sun @ Minnesota Lynx,,player_points_rebounds,pr,20.5,-122.0,-110.0,2,sportsbook,2026-07-07T00:00:00Z,Minnesota Lynx,Connecticut Sun,the-odds-api,2026-07-05T19:40:30.087353+00:00,,
2026-07-05,9c39120f2059c1fee0df606e5979d967,Nia Coffey,,,Connecticut Sun @ Minnesota Lynx,,player_points_rebounds,pr,14.5,-114.0,-118.0,2,sportsbook,2026-07-07T00:00:00Z,Minnesota Lynx,Connecticut Sun,the-odds-api,2026-07-05T19:40:30.087353+00:00,,
2026-07-05,9c39120f2059c1fee0df606e5979d967,Natasha Howard,,,Connecticut Sun @ Minnesota Lynx,,player_points_rebounds,pr,24.5,-120.5,-111.0,2,sportsbook,2026-07-07T00:00:00Z,Minnesota Lynx,Connecticut Sun,the-odds-api,2026-07-05T19:40:30.087353+00:00,,
2026-07-05,9c39120f2059c1fee0df606e5979d967,Kayla McBride,,,Connecticut Sun @ Minnesota Lynx,,player_points_rebounds,pr,18.5,-122.5,-110.0,2,sportsbook,2026-07-07T00:00:00Z,Minnesota Lynx,Connecticut Sun,the-odds-api,2026-07-05T19:40:30.087353+00:00,,
2026-07-05,9c39120f2059c1fee0df606e5979d967,Olivia Miles,,,Connecticut Sun @ Minnesota Lynx,,player_points_rebounds,pr,23.5,-112.0,-118.5,2,sportsbook,2026-07-07T00:00:00Z,Minnesota Lynx,Connecticut Sun,the-odds-api,2026-07-05T19:40:30.087353+00:00,,
2026-07-05,9c39120f2059c1fee0df606e5979d967,Nia Coffey,,,Connecticut Sun @ Minnesota Lynx,,player_points_rebounds_assists,pra,17.5,-108.0,-122.0,1,sportsbook,2026-07-07T00:00:00Z,Minnesota Lynx,Connecticut Sun,the-odds-api,2026-07-05T19:40:30.087353+00:00,,
2026-07-05,9c39120f2059c1fee0df606e5979d967,Kayla McBride,,,Connecticut Sun @ Minnesota Lynx,,player_points_rebounds_assists,pra,21.5,-113.0,-117.5,2,sportsbook,2026-07-07T00:00:00Z,Minnesota Lynx,Connecticut Sun,the-odds-api,2026-07-05T19:40:30.087353+00:00,,
2026-07-05,9c39120f2059c1fee0df606e5979d967,Natasha Howard,,,Connecticut Sun @ Minnesota Lynx,,player_points_rebounds_assists,pra,27.5,-107.5,-125.5,2,sportsbook,2026-07-07T00:00:00Z,Minnesota Lynx,Connecticut Sun,the-odds-api,2026-07-05T19:40:30.087353+00:00,,
2026-07-05,9c39120f2059c1fee0df606e5979d967,Olivia Miles,,,Connecticut Sun @ Minnesota Lynx,,player_points_rebounds_assists,pra,29.5,-112.5,-118.0,2,sportsbook,2026-07-07T00:00:00Z,Minnesota Lynx,Connecticut Sun,the-odds-api,2026-07-05T19:40:30.087353+00:00,,
2026-07-05,9c39120f2059c1fee0df606e5979d967,Courtney Williams,,,Connecticut Sun @ Minnesota Lynx,,player_points_rebounds_assists,pra,25.5,-102.0,-130.0,1,sportsbook,2026-07-07T00:00:00Z,Minnesota Lynx,Connecticut Sun,the-odds-api,2026-07-05T19:40:30.087353+00:00,,
2026-07-05,9c39120f2059c1fee0df606e5979d967,Brittney Griner,,,Connecticut Sun @ Minnesota Lynx,,player_rebounds,reb,5.5,118.0,-159.0,2,sportsbook,2026-07-07T00:00:00Z,Minnesota Lynx,Connecticut Sun,the-odds-api,2026-07-05T19:40:30.087353+00:00,,
2026-07-05,9c39120f2059c1fee0df606e5979d967,Nia Coffey,,,Connecticut Sun @ Minnesota Lynx,,player_rebounds,reb,5.5,-148.0,110.0,2,sportsbook,2026-07-07T00:00:00Z,Minnesota Lynx,Connecticut Sun,the-odds-api,2026-07-05T19:40:30.087353+00:00,,
2026-07-05,9c39120f2059c1fee0df606e5979d967,Olivia Nelson-Ododa,,,Connecticut Sun @ Minnesota Lynx,,player_rebounds,reb,5.5,-144.0,108.0,1,sportsbook,2026-07-07T00:00:00Z,Minnesota Lynx,Connecticut Sun,the-odds-api,2026-07-05T19:40:30.087353+00:00,,
2026-07-05,9c39120f2059c1fee0df606e5979d967,Olivia Miles,,,Connecticut Sun @ Minnesota Lynx,,player_rebounds,reb,4.5,-106.5,-126.0,2,sportsbook,2026-07-07T00:00:00Z,Minnesota Lynx,Connecticut Sun,the-odds-api,2026-07-05T19:40:30.087353+00:00,,
2026-07-05,9c39120f2059c1fee0df606e5979d967,Kayla McBride,,,Connecticut Sun @ Minnesota Lynx,,player_rebounds,reb,3.5,108.0,-145.5,2,sportsbook,2026-07-07T00:00:00Z,Minnesota Lynx,Connecticut Sun,the-odds-api,2026-07-05T19:40:30.087353+00:00,,
2026-07-05,9c39120f2059c1fee0df606e5979d967,Courtney Williams,,,Connecticut Sun @ Minnesota Lynx,,player_rebounds,reb,5.5,117.5,-159.0,2,sportsbook,2026-07-07T00:00:00Z,Minnesota Lynx,Connecticut Sun,the-odds-api,2026-07-05T19:40:30.087353+00:00,,
2026-07-05,9c39120f2059c1fee0df606e5979d967,Natasha Howard,,,Connecticut Sun @ Minnesota Lynx,,player_rebounds,reb,7.5,-138.0,104.0,1,sportsbook,2026-07-07T00:00:00Z,Minnesota Lynx,Connecticut Sun,the-odds-api,2026-07-05T19:40:30.087353+00:00,,
2026-07-05,9c39120f2059c1fee0df606e5979d967,Kayla McBride,,,Connecticut Sun @ Minnesota Lynx,,player_rebounds_assists,ra,5.5,-158.0,118.0,1,sportsbook,2026-07-07T00:00:00Z,Minnesota Lynx,Connecticut Sun,the-odds-api,2026-07-05T19:40:30.087353+00:00,,
2026-07-05,9c39120f2059c1fee0df606e5979d967,Courtney Williams,,,Connecticut Sun @ Minnesota Lynx,,player_rebounds_assists,ra,9.5,-105.0,-127.5,2,sportsbook,2026-07-07T00:00:00Z,Minnesota Lynx,Connecticut Sun,the-odds-api,2026-07-05T19:40:30.087353+00:00,,
2026-07-05,9c39120f2059c1fee0df606e5979d967,Natasha Howard,,,Connecticut Sun @ Minnesota Lynx,,player_rebounds_assists,ra,10.5,-117.5,-114.0,2,sportsbook,2026-07-07T00:00:00Z,Minnesota Lynx,Connecticut Sun,the-odds-api,2026-07-05T19:40:30.087353+00:00,,
2026-07-05,9c39120f2059c1fee0df606e5979d967,Nia Coffey,,,Connecticut Sun @ Minnesota Lynx,,player_rebounds_assists,ra,8.5,-108.0,-124.5,2,sportsbook,2026-07-07T00:00:00Z,Minnesota Lynx,Connecticut Sun,the-odds-api,2026-07-05T19:40:30.087353+00:00,,
2026-07-05,9c39120f2059c1fee0df606e5979d967,Olivia Miles,,,Connecticut Sun @ Minnesota Lynx,,player_rebounds_assists,ra,10.5,-107.0,-125.5,2,sportsbook,2026-07-07T00:00:00Z,Minnesota Lynx,Connecticut Sun,the-odds-api,2026-07-05T19:40:30.087353+00:00,,
2026-07-05,9c39120f2059c1fee0df606e5979d967,Courtney Williams,,,Connecticut Sun @ Minnesota Lynx,,player_threes,threes,1.5,160.0,-219.5,2,sportsbook,2026-07-07T00:00:00Z,Minnesota Lynx,Connecticut Sun,the-odds-api,2026-07-05T19:40:30.087353+00:00,,
2026-07-05,9c39120f2059c1fee0df606e5979d967,Olivia Miles,,,Connecticut Sun @ Minnesota Lynx,,player_threes,threes,1.5,134.0,-181.5,2,sportsbook,2026-07-07T00:00:00Z,Minnesota Lynx,Connecticut Sun,the-odds-api,2026-07-05T19:40:30.087353+00:00,,
2026-07-05,9c39120f2059c1fee0df606e5979d967,Kayla McBride,,,Connecticut Sun @ Minnesota Lynx,,player_threes,threes,2.5,148.0,-200.0,1,sportsbook,2026-07-07T00:00:00Z,Minnesota Lynx,Connecticut Sun,the-odds-api,2026-07-05T19:40:30.087353+00:00,,
2026-07-05,9c39120f2059c1fee0df606e5979d967,Nia Coffey,,,Connecticut Sun @ Minnesota Lynx,,player_threes,threes,1.5,108.5,-146.0,2,sportsbook,2026-07-07T00:00:00Z,Minnesota Lynx,Connecticut Sun,the-odds-api,2026-07-05T19:40:30.087353+00:00,,
2026-07-05,9c39120f2059c1fee0df606e5979d967,Courtney Williams,,,Connecticut Sun @ Minnesota Lynx,,player_assists,ast,3.5,-169.0,124.0,1,sportsbook,2026-07-07T00:00:00Z,Minnesota Lynx,Connecticut Sun,the-odds-api,2026-07-05T19:40:30.087353+00:00,,
2026-07-05,9c39120f2059c1fee0df606e5979d967,Kayla McBride,,,Connecticut Sun @ Minnesota Lynx,,player_assists,ast,2.5,-123.0,-111.0,1,sportsbook,2026-07-07T00:00:00Z,Minnesota Lynx,Connecticut Sun,the-odds-api,2026-07-05T19:40:30.087353+00:00,,
2026-07-05,9c39120f2059c1fee0df606e5979d967,Natasha Howard,,,Connecticut Sun @ Minnesota Lynx,,player_assists,ast,2.5,101.0,-138.0,1,sportsbook,2026-07-07T00:00:00Z,Minnesota Lynx,Connecticut Sun,the-odds-api,2026-07-05T19:40:30.087353+00:00,,
2026-07-05,9c39120f2059c1fee0df606e5979d967,Nia Coffey,,,Connecticut Sun @ Minnesota Lynx,,player_assists,ast,2.5,111.0,-151.0,1,sportsbook,2026-07-07T00:00:00Z,Minnesota Lynx,Connecticut Sun,the-odds-api,2026-07-05T19:40:30.087353+00:00,,
2026-07-05,9c39120f2059c1fee0df606e5979d967,Brittney Griner,,,Connecticut Sun @ Minnesota Lynx,,player_points,pts,11.5,-106.0,-126.0,1,sportsbook,2026-07-07T00:00:00Z,Minnesota Lynx,Connecticut Sun,the-odds-api,2026-07-05T19:40:30.087353+00:00,,
2026-07-05,9c39120f2059c1fee0df606e5979d967,Nia Coffey,,,Connecticut Sun @ Minnesota Lynx,,player_points,pts,7.5,-136.0,103.0,1,sportsbook,2026-07-07T00:00:00Z,Minnesota Lynx,Connecticut Sun,the-odds-api,2026-07-05T19:40:30.087353+00:00,,
2026-07-05,9c39120f2059c1fee0df606e5979d967,Natasha Howard,,,Connecticut Sun @ Minnesota Lynx,,player_points_assists,pa,18.5,-129.0,-106.0,1,sportsbook,2026-07-07T00:00:00Z,Minnesota Lynx,Connecticut Sun,the-odds-api,2026-07-05T19:40:30.087353+00:00,,
2026-07-05,9c39120f2059c1fee0df606e5979d967,Nia Coffey,,,Connecticut Sun @ Minnesota Lynx,,player_points_assists,pa,10.5,-115.0,-118.0,1,sportsbook,2026-07-07T00:00:00Z,Minnesota Lynx,Connecticut Sun,the-odds-api,2026-07-05T19:40:30.087353+00:00,,
2026-07-05,9c39120f2059c1fee0df606e5979d967,Brittney Griner,,,Connecticut Sun @ Minnesota Lynx,,player_points_rebounds,pr,16.5,-115.0,-118.0,1,sportsbook,2026-07-07T00:00:00Z,Minnesota Lynx,Connecticut Sun,the-odds-api,2026-07-05T19:40:30.087353+00:00,,
2026-07-05,9c39120f2059c1fee0df606e5979d967,Olivia Nelson-Ododa,,,Connecticut Sun @ Minnesota Lynx,,player_points_rebounds,pr,16.5,-115.0,-118.0,1,sportsbook,2026-07-07T00:00:00Z,Minnesota Lynx,Connecticut Sun,the-odds-api,2026-07-05T19:40:30.087353+00:00,,
2026-07-05,9c39120f2059c1fee0df606e5979d967,Courtney Williams,,,Connecticut Sun @ Minnesota Lynx,,player_points_rebounds_assists,pra,24.5,-129.0,-106.0,1,sportsbook,2026-07-07T00:00:00Z,Minnesota Lynx,Connecticut Sun,the-odds-api,2026-07-05T19:40:30.087353+00:00,,
2026-07-05,9c39120f2059c1fee0df606e5979d967,Nia Coffey,,,Connecticut Sun @ Minnesota Lynx,,player_points_rebounds_assists,pra,16.5,-120.0,-113.0,1,sportsbook,2026-07-07T00:00:00Z,Minnesota Lynx,Connecticut Sun,the-odds-api,2026-07-05T19:40:30.087353+00:00,,
2026-07-05,9c39120f2059c1fee0df606e5979d967,Natasha Howard,,,Connecticut Sun @ Minnesota Lynx,,player_rebounds,reb,8.5,104.0,-142.0,1,sportsbook,2026-07-07T00:00:00Z,Minnesota Lynx,Connecticut Sun,the-odds-api,2026-07-05T19:40:30.087353+00:00,,
2026-07-05,9c39120f2059c1fee0df606e5979d967,Olivia Nelson-Ododa,,,Connecticut Sun @ Minnesota Lynx,,player_rebounds,reb,6.5,-108.0,-126.0,1,sportsbook,2026-07-07T00:00:00Z,Minnesota Lynx,Connecticut Sun,the-odds-api,2026-07-05T19:40:30.087353+00:00,,
2026-07-05,9c39120f2059c1fee0df606e5979d967,Kayla McBride,,,Connecticut Sun @ Minnesota Lynx,,player_threes,threes,1.5,-181.0,132.0,1,sportsbook,2026-07-07T00:00:00Z,Minnesota Lynx,Connecticut Sun,the-odds-api,2026-07-05T19:40:30.087353+00:00,,
2026-07-05,4db4df7b4890e0ebc6a85982f4a85115,Natisha Hiedeman,,,Seattle Storm @ Los Angeles Sparks,,player_assists,ast,4.5,-136.0,101.0,2,sportsbook,2026-07-07T02:10:00Z,Los Angeles Sparks,Seattle Storm,the-odds-api,2026-07-05T19:40:31.382276+00:00,,
2026-07-05,4db4df7b4890e0ebc6a85982f4a85115,Dominique Malonga,,,Seattle Storm @ Los Angeles Sparks,,player_double_double,dd,0.5,,,2,sportsbook,2026-07-07T02:10:00Z,Los Angeles Sparks,Seattle Storm,the-odds-api,2026-07-05T19:40:31.382276+00:00,117.5,
2026-07-05,4db4df7b4890e0ebc6a85982f4a85115,Nneka Ogwumike,,,Seattle Storm @ Los Angeles Sparks,,player_double_double,dd,0.5,,,2,sportsbook,2026-07-07T02:10:00Z,Los Angeles Sparks,Seattle Storm,the-odds-api,2026-07-05T19:40:31.382276+00:00,228.5,
2026-07-05,4db4df7b4890e0ebc6a85982f4a85115,Dearica Hamby,,,Seattle Storm @ Los Angeles Sparks,,player_double_double,dd,0.5,,,2,sportsbook,2026-07-07T02:10:00Z,Los Angeles Sparks,Seattle Storm,the-odds-api,2026-07-05T19:40:31.382276+00:00,310.5,
2026-07-05,4db4df7b4890e0ebc6a85982f4a85115,Flau'jae Johnson,,,Seattle Storm @ Los Angeles Sparks,,player_double_double,dd,0.5,,,2,sportsbook,2026-07-07T02:10:00Z,Los Angeles Sparks,Seattle Storm,the-odds-api,2026-07-05T19:40:31.382276+00:00,755.0,
2026-07-05,4db4df7b4890e0ebc6a85982f4a85115,Awa Fam,,,Seattle Storm @ Los Angeles Sparks,,player_double_double,dd,0.5,,,2,sportsbook,2026-07-07T02:10:00Z,Los Angeles Sparks,Seattle Storm,the-odds-api,2026-07-05T19:40:31.382276+00:00,1490.0,
2026-07-05,4db4df7b4890e0ebc6a85982f4a85115,Natisha Hiedeman,,,Seattle Storm @ Los Angeles Sparks,,player_double_double,dd,0.5,,,1,sportsbook,2026-07-07T02:10:00Z,Los Angeles Sparks,Seattle Storm,the-odds-api,2026-07-05T19:40:31.382276+00:00,1640.0,
2026-07-05,4db4df7b4890e0ebc6a85982f4a85115,Dominique Malonga,,,Seattle Storm @ Los Angeles Sparks,,player_points,pts,18.5,-108.5,-121.0,2,sportsbook,2026-07-07T02:10:00Z,Los Angeles Sparks,Seattle Storm,the-odds-api,2026-07-05T19:40:31.382276+00:00,,
2026-07-05,4db4df7b4890e0ebc6a85982f4a85115,Nneka Ogwumike,,,Seattle Storm @ Los Angeles Sparks,,player_points,pts,17.5,-3.0,-127.5,2,sportsbook,2026-07-07T02:10:00Z,Los Angeles Sparks,Seattle Storm,the-odds-api,2026-07-05T19:40:31.382276+00:00,,
2026-07-05,4db4df7b4890e0ebc6a85982f4a85115,Rae Burrell,,,Seattle Storm @ Los Angeles Sparks,,player_points,pts,15.5,-128.5,-102.0,2,sportsbook,2026-07-07T02:10:00Z,Los Angeles Sparks,Seattle Storm,the-odds-api,2026-07-05T19:40:31.382276+00:00,,
2026-07-05,4db4df7b4890e0ebc6a85982f4a85115,Natisha Hiedeman,,,Seattle Storm @ Los Angeles Sparks,,player_points,pts,15.5,-123.0,-105.5,2,sportsbook,2026-07-07T02:10:00Z,Los Angeles Sparks,Seattle Storm,the-odds-api,2026-07-05T19:40:31.382276+00:00,,
2026-07-05,4db4df7b4890e0ebc6a85982f4a85115,Dearica Hamby,,,Seattle Storm @ Los Angeles Sparks,,player_points,pts,15.5,-1.0,-130.0,2,sportsbook,2026-07-07T02:10:00Z,Los Angeles Sparks,Seattle Storm,the-odds-api,2026-07-05T19:40:31.382276+00:00,,
2026-07-05,4db4df7b4890e0ebc6a85982f4a85115,Awa Fam,,,Seattle Storm @ Los Angeles Sparks,,player_points,pts,12.5,-120.0,-109.5,2,sportsbook,2026-07-07T02:10:00Z,Los Angeles Sparks,Seattle Storm,the-odds-api,2026-07-05T19:40:31.382276+00:00,,
2026-07-05,4db4df7b4890e0ebc6a85982f4a85115,Flau'jae Johnson,,,Seattle Storm @ Los Angeles Sparks,,player_points,pts,11.5,-120.0,-110.5,2,sportsbook,2026-07-07T02:10:00Z,Los Angeles Sparks,Seattle Storm,the-odds-api,2026-07-05T19:40:31.382276+00:00,,
2026-07-05,4db4df7b4890e0ebc6a85982f4a85115,Ariel Atkins,,,Seattle Storm @ Los Angeles Sparks,,player_points,pts,9.5,-129.5,-1.5,2,sportsbook,2026-07-07T02:10:00Z,Los Angeles Sparks,Seattle Storm,the-odds-api,2026-07-05T19:40:31.382276+00:00,,
2026-07-05,4db4df7b4890e0ebc6a85982f4a85115,Natisha Hiedeman,,,Seattle Storm @ Los Angeles Sparks,,player_points_assists,pa,20.5,-126.5,-106.0,2,sportsbook,2026-07-07T02:10:00Z,Los Angeles Sparks,Seattle Storm,the-odds-api,2026-07-05T19:40:31.382276+00:00,,
2026-07-05,4db4df7b4890e0ebc6a85982f4a85115,Dominique Malonga,,,Seattle Storm @ Los Angeles Sparks,,player_points_rebounds,pr,27.5,-115.0,-117.0,2,sportsbook,2026-07-07T02:10:00Z,Los Angeles Sparks,Seattle Storm,the-odds-api,2026-07-05T19:40:31.382276+00:00,,
2026-07-05,4db4df7b4890e0ebc6a85982f4a85115,Nneka Ogwumike,,,Seattle Storm @ Los Angeles Sparks,,player_points_rebounds,pr,25.5,-108.0,-126.0,1,sportsbook,2026-07-07T02:10:00Z,Los Angeles Sparks,Seattle Storm,the-odds-api,2026-07-05T19:40:31.382276+00:00,,
2026-07-05,4db4df7b4890e0ebc6a85982f4a85115,Dearica Hamby,,,Seattle Storm @ Los Angeles Sparks,,player_points_rebounds,pr,22.5,-114.0,-116.5,2,sportsbook,2026-07-07T02:10:00Z,Los Angeles Sparks,Seattle Storm,the-odds-api,2026-07-05T19:40:31.382276+00:00,,
2026-07-05,4db4df7b4890e0ebc6a85982f4a85115,Awa Fam,,,Seattle Storm @ Los Angeles Sparks,,player_points_rebounds,pr,18.5,-109.0,-125.0,1,sportsbook,2026-07-07T02:10:00Z,Los Angeles Sparks,Seattle Storm,the-odds-api,2026-07-05T19:40:31.382276+00:00,,
2026-07-05,4db4df7b4890e0ebc6a85982f4a85115,Flau'jae Johnson,,,Seattle Storm @ Los Angeles Sparks,,player_points_rebounds,pr,17.5,-123.5,-109.0,2,sportsbook,2026-07-07T02:10:00Z,Los Angeles Sparks,Seattle Storm,the-odds-api,2026-07-05T19:40:31.382276+00:00,,
2026-07-05,4db4df7b4890e0ebc6a85982f4a85115,Dominique Malonga,,,Seattle Storm @ Los Angeles Sparks,,player_points_rebounds_assists,pra,29.5,-114.5,-117.0,2,sportsbook,2026-07-07T02:10:00Z,Los Angeles Sparks,Seattle Storm,the-odds-api,2026-07-05T19:40:31.382276+00:00,,
2026-07-05,4db4df7b4890e0ebc6a85982f4a85115,Nneka Ogwumike,,,Seattle Storm @ Los Angeles Sparks,,player_points_rebounds_assists,pra,27.5,-114.5,-117.5,2,sportsbook,2026-07-07T02:10:00Z,Los Angeles Sparks,Seattle Storm,the-odds-api,2026-07-05T19:40:31.382276+00:00,,
2026-07-05,4db4df7b4890e0ebc6a85982f4a85115,Dearica Hamby,,,Seattle Storm @ Los Angeles Sparks,,player_points_rebounds_assists,pra,25.5,-105.5,-127.5,2,sportsbook,2026-07-07T02:10:00Z,Los Angeles Sparks,Seattle Storm,the-odds-api,2026-07-05T19:40:31.382276+00:00,,
2026-07-05,4db4df7b4890e0ebc6a85982f4a85115,Natisha Hiedeman,,,Seattle Storm @ Los Angeles Sparks,,player_points_rebounds_assists,pra,23.5,-108.0,-124.5,2,sportsbook,2026-07-07T02:10:00Z,Los Angeles Sparks,Seattle Storm,the-odds-api,2026-07-05T19:40:31.382276+00:00,,
2026-07-05,4db4df7b4890e0ebc6a85982f4a85115,Rae Burrell,,,Seattle Storm @ Los Angeles Sparks,,player_points_rebounds_assists,pra,21.5,-121.5,-110.5,2,sportsbook,2026-07-07T02:10:00Z,Los Angeles Sparks,Seattle Storm,the-odds-api,2026-07-05T19:40:31.382276+00:00,,
2026-07-05,4db4df7b4890e0ebc6a85982f4a85115,Flau'jae Johnson,,,Seattle Storm @ Los Angeles Sparks,,player_points_rebounds_assists,pra,20.5,-125.0,-107.5,2,sportsbook,2026-07-07T02:10:00Z,Los Angeles Sparks,Seattle Storm,the-odds-api,2026-07-05T19:40:31.382276+00:00,,
2026-07-05,4db4df7b4890e0ebc6a85982f4a85115,Awa Fam,,,Seattle Storm @ Los Angeles Sparks,,player_points_rebounds_assists,pra,20.5,-111.0,-122.0,1,sportsbook,2026-07-07T02:10:00Z,Los Angeles Sparks,Seattle Storm,the-odds-api,2026-07-05T19:40:31.382276+00:00,,
2026-07-05,4db4df7b4890e0ebc6a85982f4a85115,Ariel Atkins,,,Seattle Storm @ Los Angeles Sparks,,player_points_rebounds_assists,pra,15.5,-115.0,-115.5,2,sportsbook,2026-07-07T02:10:00Z,Los Angeles Sparks,Seattle Storm,the-odds-api,2026-07-05T19:40:31.382276+00:00,,
2026-07-05,4db4df7b4890e0ebc6a85982f4a85115,Dominique Malonga,,,Seattle Storm @ Los Angeles Sparks,,player_rebounds,reb,8.5,-137.0,102.0,2,sportsbook,2026-07-07T02:10:00Z,Los Angeles Sparks,Seattle Storm,the-odds-api,2026-07-05T19:40:31.382276+00:00,,
2026-07-05,4db4df7b4890e0ebc6a85982f4a85115,Nneka Ogwumike,,,Seattle Storm @ Los Angeles Sparks,,player_rebounds,reb,7.5,-117.0,-114.5,2,sportsbook,2026-07-07T02:10:00Z,Los Angeles Sparks,Seattle Storm,the-odds-api,2026-07-05T19:40:31.382276+00:00,,
2026-07-05,4db4df7b4890e0ebc6a85982f4a85115,Dearica Hamby,,,Seattle Storm @ Los Angeles Sparks,,player_rebounds,reb,7.5,107.0,-144.0,2,sportsbook,2026-07-07T02:10:00Z,Los Angeles Sparks,Seattle Storm,the-odds-api,2026-07-05T19:40:31.382276+00:00,,
2026-07-05,4db4df7b4890e0ebc6a85982f4a85115,Flau'jae Johnson,,,Seattle Storm @ Los Angeles Sparks,,player_rebounds,reb,5.5,-145.5,108.0,2,sportsbook,2026-07-07T02:10:00Z,Los Angeles Sparks,Seattle Storm,the-odds-api,2026-07-05T19:40:31.382276+00:00,,
2026-07-05,4db4df7b4890e0ebc6a85982f4a85115,Awa Fam,,,Seattle Storm @ Los Angeles Sparks,,player_rebounds,reb,5.5,116.0,-155.5,2,sportsbook,2026-07-07T02:10:00Z,Los Angeles Sparks,Seattle Storm,the-odds-api,2026-07-05T19:40:31.382276+00:00,,
2026-07-05,4db4df7b4890e0ebc6a85982f4a85115,Natisha Hiedeman,,,Seattle Storm @ Los Angeles Sparks,,player_threes,threes,2.5,138.0,-187.0,2,sportsbook,2026-07-07T02:10:00Z,Los Angeles Sparks,Seattle Storm,the-odds-api,2026-07-05T19:40:31.382276+00:00,,
2026-07-05,4db4df7b4890e0ebc6a85982f4a85115,Awa Fam,,,Seattle Storm @ Los Angeles Sparks,,player_threes,threes,1.5,-132.5,-1.0,2,sportsbook,2026-07-07T02:10:00Z,Los Angeles Sparks,Seattle Storm,the-odds-api,2026-07-05T19:40:31.382276+00:00,,
2026-07-05,4db4df7b4890e0ebc6a85982f4a85115,Rae Burrell,,,Seattle Storm @ Los Angeles Sparks,,player_threes,threes,1.5,-114.0,-116.5,2,sportsbook,2026-07-07T02:10:00Z,Los Angeles Sparks,Seattle Storm,the-odds-api,2026-07-05T19:40:31.382276+00:00,,
2026-07-05,4db4df7b4890e0ebc6a85982f4a85115,Flau'jae Johnson,,,Seattle Storm @ Los Angeles Sparks,,player_threes,threes,1.5,103.5,-139.5,2,sportsbook,2026-07-07T02:10:00Z,Los Angeles Sparks,Seattle Storm,the-odds-api,2026-07-05T19:40:31.382276+00:00,,
2026-07-05,4db4df7b4890e0ebc6a85982f4a85115,Nneka Ogwumike,,,Seattle Storm @ Los Angeles Sparks,,player_threes,threes,1.5,136.5,-185.5,2,sportsbook,2026-07-07T02:10:00Z,Los Angeles Sparks,Seattle Storm,the-odds-api,2026-07-05T19:40:31.382276+00:00,,
2026-07-05,4db4df7b4890e0ebc6a85982f4a85115,Ariel Atkins,,,Seattle Storm @ Los Angeles Sparks,,player_threes,threes,1.5,165.0,-226.5,2,sportsbook,2026-07-07T02:10:00Z,Los Angeles Sparks,Seattle Storm,the-odds-api,2026-07-05T19:40:31.382276+00:00,,
2026-07-05,4db4df7b4890e0ebc6a85982f4a85115,Awa Fam,,,Seattle Storm @ Los Angeles Sparks,,player_points_rebounds,pr,17.5,-130.0,-102.0,1,sportsbook,2026-07-07T02:10:00Z,Los Angeles Sparks,Seattle Storm,the-odds-api,2026-07-05T19:40:31.382276+00:00,,
2026-07-05,4db4df7b4890e0ebc6a85982f4a85115,Nneka Ogwumike,,,Seattle Storm @ Los Angeles Sparks,,player_points_rebounds,pr,24.5,-125.0,-106.0,1,sportsbook,2026-07-07T02:10:00Z,Los Angeles Sparks,Seattle Storm,the-odds-api,2026-07-05T19:40:31.382276+00:00,,
2026-07-05,4db4df7b4890e0ebc6a85982f4a85115,Awa Fam,,,Seattle Storm @ Los Angeles Sparks,,player_points_rebounds_assists,pra,19.5,-128.0,-104.0,1,sportsbook,2026-07-07T02:10:00Z,Los Angeles Sparks,Seattle Storm,the-odds-api,2026-07-05T19:40:31.382276+00:00,,
