game_date,event_id,player,team,position,opp_team,is_home,stat_raw,stat,line,over_price,under_price,num_books,odds_type,game_time,home_team,away_team,source,scraped_at
2026-07-05,54f91bf5767bbff2f9bb1f444a6fc510,Paige Bueckers,,,Dallas Wings @ Toronto Tempo,,player_assists,ast,6.5,-104.0,-128.33,4,sportsbook,2026-07-05T19:00:00Z,Toronto Tempo,Dallas Wings,the-odds-api,2026-07-05T17:36:49.314288+00:00
2026-07-05,54f91bf5767bbff2f9bb1f444a6fc510,Julie Allemand,,,Dallas Wings @ Toronto Tempo,,player_assists,ast,6.5,107.0,-144.0,2,sportsbook,2026-07-05T19:00:00Z,Toronto Tempo,Dallas Wings,the-odds-api,2026-07-05T17:36:49.314288+00:00
2026-07-05,54f91bf5767bbff2f9bb1f444a6fc510,Marina Mabrey,,,Dallas Wings @ Toronto Tempo,,player_assists,ast,3.5,-146.0,111.0,4,sportsbook,2026-07-05T19:00:00Z,Toronto Tempo,Dallas Wings,the-odds-api,2026-07-05T17:36:49.314288+00:00
2026-07-05,54f91bf5767bbff2f9bb1f444a6fc510,Jessica Shepard,,,Dallas Wings @ Toronto Tempo,,player_assists,ast,5.5,116.5,-153.5,2,sportsbook,2026-07-05T19:00:00Z,Toronto Tempo,Dallas Wings,the-odds-api,2026-07-05T17:36:49.314288+00:00
2026-07-05,54f91bf5767bbff2f9bb1f444a6fc510,Arike Ogunbowale,,,Dallas Wings @ Toronto Tempo,,player_assists,ast,2.5,-123.25,-107.0,4,sportsbook,2026-07-05T19:00:00Z,Toronto Tempo,Dallas Wings,the-odds-api,2026-07-05T17:36:49.314288+00:00
2026-07-05,54f91bf5767bbff2f9bb1f444a6fc510,Isabelle Harrison,,,Dallas Wings @ Toronto Tempo,,player_points,pts,14.5,104.67,-137.5,3,sportsbook,2026-07-05T19:00:00Z,Toronto Tempo,Dallas Wings,the-odds-api,2026-07-05T17:36:49.314288+00:00
2026-07-05,54f91bf5767bbff2f9bb1f444a6fc510,Paige Bueckers,,,Dallas Wings @ Toronto Tempo,,player_points,pts,20.5,-134.33,-1.5,3,sportsbook,2026-07-05T19:00:00Z,Toronto Tempo,Dallas Wings,the-odds-api,2026-07-05T17:36:49.314288+00:00
2026-07-05,54f91bf5767bbff2f9bb1f444a6fc510,Jessica Shepard,,,Dallas Wings @ Toronto Tempo,,player_points,pts,14.5,-107.0,-120.33,4,sportsbook,2026-07-05T19:00:00Z,Toronto Tempo,Dallas Wings,the-odds-api,2026-07-05T17:36:49.314288+00:00
2026-07-05,54f91bf5767bbff2f9bb1f444a6fc510,Temi Fagbenle,,,Dallas Wings @ Toronto Tempo,,player_points,pts,7.5,-104.0,-126.5,3,sportsbook,2026-07-05T19:00:00Z,Toronto Tempo,Dallas Wings,the-odds-api,2026-07-05T17:36:49.314288+00:00
2026-07-05,54f91bf5767bbff2f9bb1f444a6fc510,Marina Mabrey,,,Dallas Wings @ Toronto Tempo,,player_points,pts,22.5,-58.5,-118.0,4,sportsbook,2026-07-05T19:00:00Z,Toronto Tempo,Dallas Wings,the-odds-api,2026-07-05T17:36:49.314288+00:00
2026-07-05,54f91bf5767bbff2f9bb1f444a6fc510,Maria Conde,,,Dallas Wings @ Toronto Tempo,,player_points,pts,10.5,-122.5,-111.0,4,sportsbook,2026-07-05T19:00:00Z,Toronto Tempo,Dallas Wings,the-odds-api,2026-07-05T17:36:49.314288+00:00
2026-07-05,54f91bf5767bbff2f9bb1f444a6fc510,Nyara Sabally,,,Dallas Wings @ Toronto Tempo,,player_points,pts,12.5,0.25,-127.0,4,sportsbook,2026-07-05T19:00:00Z,Toronto Tempo,Dallas Wings,the-odds-api,2026-07-05T17:36:49.314288+00:00
2026-07-05,54f91bf5767bbff2f9bb1f444a6fc510,Azzi Fudd,,,Dallas Wings @ Toronto Tempo,,player_points,pts,14.5,-111.0,-117.0,4,sportsbook,2026-07-05T19:00:00Z,Toronto Tempo,Dallas Wings,the-odds-api,2026-07-05T17:36:49.314288+00:00
2026-07-05,54f91bf5767bbff2f9bb1f444a6fc510,Arike Ogunbowale,,,Dallas Wings @ Toronto Tempo,,player_points,pts,12.5,-119.75,-109.33,4,sportsbook,2026-07-05T19:00:00Z,Toronto Tempo,Dallas Wings,the-odds-api,2026-07-05T17:36:49.314288+00:00
2026-07-05,54f91bf5767bbff2f9bb1f444a6fc510,Julie Allemand,,,Dallas Wings @ Toronto Tempo,,player_points_rebounds_assists,pra,17.5,-108.0,-122.33,3,sportsbook,2026-07-05T19:00:00Z,Toronto Tempo,Dallas Wings,the-odds-api,2026-07-05T17:36:49.314288+00:00
2026-07-05,54f91bf5767bbff2f9bb1f444a6fc510,Azzi Fudd,,,Dallas Wings @ Toronto Tempo,,player_points_rebounds_assists,pra,19.5,-113.33,-116.0,3,sportsbook,2026-07-05T19:00:00Z,Toronto Tempo,Dallas Wings,the-odds-api,2026-07-05T17:36:49.314288+00:00
2026-07-05,54f91bf5767bbff2f9bb1f444a6fc510,Marina Mabrey,,,Dallas Wings @ Toronto Tempo,,player_points_rebounds_assists,pra,29.5,-128.0,-104.0,1,sportsbook,2026-07-05T19:00:00Z,Toronto Tempo,Dallas Wings,the-odds-api,2026-07-05T17:36:49.314288+00:00
2026-07-05,54f91bf5767bbff2f9bb1f444a6fc510,Jessica Shepard,,,Dallas Wings @ Toronto Tempo,,player_points_rebounds_assists,pra,31.5,-113.25,-117.67,4,sportsbook,2026-07-05T19:00:00Z,Toronto Tempo,Dallas Wings,the-odds-api,2026-07-05T17:36:49.314288+00:00
2026-07-05,54f91bf5767bbff2f9bb1f444a6fc510,Paige Bueckers,,,Dallas Wings @ Toronto Tempo,,player_points_rebounds_assists,pra,31.5,-128.0,-104.0,1,sportsbook,2026-07-05T19:00:00Z,Toronto Tempo,Dallas Wings,the-odds-api,2026-07-05T17:36:49.314288+00:00
2026-07-05,54f91bf5767bbff2f9bb1f444a6fc510,Maria Conde,,,Dallas Wings @ Toronto Tempo,,player_points_rebounds_assists,pra,17.5,-129.0,-101.5,2,sportsbook,2026-07-05T19:00:00Z,Toronto Tempo,Dallas Wings,the-odds-api,2026-07-05T17:36:49.314288+00:00
2026-07-05,54f91bf5767bbff2f9bb1f444a6fc510,Nyara Sabally,,,Dallas Wings @ Toronto Tempo,,player_points_rebounds_assists,pra,19.5,-109.0,-121.67,3,sportsbook,2026-07-05T19:00:00Z,Toronto Tempo,Dallas Wings,the-odds-api,2026-07-05T17:36:49.314288+00:00
2026-07-05,54f91bf5767bbff2f9bb1f444a6fc510,Arike Ogunbowale,,,Dallas Wings @ Toronto Tempo,,player_points_rebounds_assists,pra,18.5,-111.25,-121.67,4,sportsbook,2026-07-05T19:00:00Z,Toronto Tempo,Dallas Wings,the-odds-api,2026-07-05T17:36:49.314288+00:00
2026-07-05,54f91bf5767bbff2f9bb1f444a6fc510,Isabelle Harrison,,,Dallas Wings @ Toronto Tempo,,player_rebounds,reb,6.5,53.75,-133.0,4,sportsbook,2026-07-05T19:00:00Z,Toronto Tempo,Dallas Wings,the-odds-api,2026-07-05T17:36:49.314288+00:00
2026-07-05,54f91bf5767bbff2f9bb1f444a6fc510,Julie Allemand,,,Dallas Wings @ Toronto Tempo,,player_rebounds,reb,2.5,-172.0,128.33,3,sportsbook,2026-07-05T19:00:00Z,Toronto Tempo,Dallas Wings,the-odds-api,2026-07-05T17:36:49.314288+00:00
2026-07-05,54f91bf5767bbff2f9bb1f444a6fc510,Marina Mabrey,,,Dallas Wings @ Toronto Tempo,,player_rebounds,reb,3.5,-129.5,33.33,4,sportsbook,2026-07-05T19:00:00Z,Toronto Tempo,Dallas Wings,the-odds-api,2026-07-05T17:36:49.314288+00:00
2026-07-05,54f91bf5767bbff2f9bb1f444a6fc510,Temi Fagbenle,,,Dallas Wings @ Toronto Tempo,,player_rebounds,reb,4.5,132.0,-178.0,1,sportsbook,2026-07-05T19:00:00Z,Toronto Tempo,Dallas Wings,the-odds-api,2026-07-05T17:36:49.314288+00:00
2026-07-05,54f91bf5767bbff2f9bb1f444a6fc510,Paige Bueckers,,,Dallas Wings @ Toronto Tempo,,player_rebounds,reb,4.5,122.67,-163.0,3,sportsbook,2026-07-05T19:00:00Z,Toronto Tempo,Dallas Wings,the-odds-api,2026-07-05T17:36:49.314288+00:00
2026-07-05,54f91bf5767bbff2f9bb1f444a6fc510,Jessica Shepard,,,Dallas Wings @ Toronto Tempo,,player_rebounds,reb,11.5,-120.25,-109.67,4,sportsbook,2026-07-05T19:00:00Z,Toronto Tempo,Dallas Wings,the-odds-api,2026-07-05T17:36:49.314288+00:00
2026-07-05,54f91bf5767bbff2f9bb1f444a6fc510,Nyara Sabally,,,Dallas Wings @ Toronto Tempo,,player_rebounds,reb,4.5,-154.0,115.33,4,sportsbook,2026-07-05T19:00:00Z,Toronto Tempo,Dallas Wings,the-odds-api,2026-07-05T17:36:49.314288+00:00
2026-07-05,54f91bf5767bbff2f9bb1f444a6fc510,Arike Ogunbowale,,,Dallas Wings @ Toronto Tempo,,player_rebounds,reb,2.5,-137.5,-103.67,4,sportsbook,2026-07-05T19:00:00Z,Toronto Tempo,Dallas Wings,the-odds-api,2026-07-05T17:36:49.314288+00:00
2026-07-05,54f91bf5767bbff2f9bb1f444a6fc510,Maria Conde,,,Dallas Wings @ Toronto Tempo,,player_rebounds,reb,4.5,-148.0,106.5,3,sportsbook,2026-07-05T19:00:00Z,Toronto Tempo,Dallas Wings,the-odds-api,2026-07-05T17:36:49.314288+00:00
2026-07-05,54f91bf5767bbff2f9bb1f444a6fc510,Paige Bueckers,,,Dallas Wings @ Toronto Tempo,,player_threes,threes,1.5,-137.4,-101.67,4,sportsbook,2026-07-05T19:00:00Z,Toronto Tempo,Dallas Wings,the-odds-api,2026-07-05T17:36:49.314288+00:00
2026-07-05,54f91bf5767bbff2f9bb1f444a6fc510,Marina Mabrey,,,Dallas Wings @ Toronto Tempo,,player_threes,threes,3.5,112.4,-146.67,4,sportsbook,2026-07-05T19:00:00Z,Toronto Tempo,Dallas Wings,the-odds-api,2026-07-05T17:36:49.314288+00:00
2026-07-05,54f91bf5767bbff2f9bb1f444a6fc510,Maria Conde,,,Dallas Wings @ Toronto Tempo,,player_threes,threes,1.5,-145.4,113.0,4,sportsbook,2026-07-05T19:00:00Z,Toronto Tempo,Dallas Wings,the-odds-api,2026-07-05T17:36:49.314288+00:00
2026-07-05,54f91bf5767bbff2f9bb1f444a6fc510,Arike Ogunbowale,,,Dallas Wings @ Toronto Tempo,,player_threes,threes,1.5,-133.0,-101.33,4,sportsbook,2026-07-05T19:00:00Z,Toronto Tempo,Dallas Wings,the-odds-api,2026-07-05T17:36:49.314288+00:00
2026-07-05,54f91bf5767bbff2f9bb1f444a6fc510,Azzi Fudd,,,Dallas Wings @ Toronto Tempo,,player_threes,threes,1.5,-161.8,121.0,4,sportsbook,2026-07-05T19:00:00Z,Toronto Tempo,Dallas Wings,the-odds-api,2026-07-05T17:36:49.314288+00:00
2026-07-05,54f91bf5767bbff2f9bb1f444a6fc510,Julie Allemand,,,Dallas Wings @ Toronto Tempo,,player_assists,ast,5.5,-146.0,100.0,2,sportsbook,2026-07-05T19:00:00Z,Toronto Tempo,Dallas Wings,the-odds-api,2026-07-05T17:36:49.314288+00:00
2026-07-05,54f91bf5767bbff2f9bb1f444a6fc510,Maria Conde,,,Dallas Wings @ Toronto Tempo,,player_assists,ast,2.5,1.5,-137.0,2,sportsbook,2026-07-05T19:00:00Z,Toronto Tempo,Dallas Wings,the-odds-api,2026-07-05T17:36:49.314288+00:00
2026-07-05,54f91bf5767bbff2f9bb1f444a6fc510,Jessica Shepard,,,Dallas Wings @ Toronto Tempo,,player_assists,ast,4.5,-159.5,112.0,2,sportsbook,2026-07-05T19:00:00Z,Toronto Tempo,Dallas Wings,the-odds-api,2026-07-05T17:36:49.314288+00:00
2026-07-05,54f91bf5767bbff2f9bb1f444a6fc510,Azzi Fudd,,,Dallas Wings @ Toronto Tempo,,player_assists,ast,2.5,133.5,-175.0,2,sportsbook,2026-07-05T19:00:00Z,Toronto Tempo,Dallas Wings,the-odds-api,2026-07-05T17:36:49.314288+00:00
2026-07-05,54f91bf5767bbff2f9bb1f444a6fc510,Nyara Sabally,,,Dallas Wings @ Toronto Tempo,,player_assists,ast,1.5,-157.0,,1,sportsbook,2026-07-05T19:00:00Z,Toronto Tempo,Dallas Wings,the-odds-api,2026-07-05T17:36:49.314288+00:00
2026-07-05,54f91bf5767bbff2f9bb1f444a6fc510,Marina Mabrey,,,Dallas Wings @ Toronto Tempo,,player_points,pts,23.5,123.0,,1,sportsbook,2026-07-05T19:00:00Z,Toronto Tempo,Dallas Wings,the-odds-api,2026-07-05T17:36:49.314288+00:00
2026-07-05,54f91bf5767bbff2f9bb1f444a6fc510,Nyara Sabally,,,Dallas Wings @ Toronto Tempo,,player_points,pts,11.5,-120.0,,1,sportsbook,2026-07-05T19:00:00Z,Toronto Tempo,Dallas Wings,the-odds-api,2026-07-05T17:36:49.314288+00:00
2026-07-05,54f91bf5767bbff2f9bb1f444a6fc510,Marina Mabrey,,,Dallas Wings @ Toronto Tempo,,player_points,pts,21.5,-120.0,,1,sportsbook,2026-07-05T19:00:00Z,Toronto Tempo,Dallas Wings,the-odds-api,2026-07-05T17:36:49.314288+00:00
2026-07-05,54f91bf5767bbff2f9bb1f444a6fc510,Julie Allemand,,,Dallas Wings @ Toronto Tempo,,player_points,pts,7.5,-114.0,-110.0,3,sportsbook,2026-07-05T19:00:00Z,Toronto Tempo,Dallas Wings,the-odds-api,2026-07-05T17:36:49.314288+00:00
2026-07-05,54f91bf5767bbff2f9bb1f444a6fc510,Isabelle Harrison,,,Dallas Wings @ Toronto Tempo,,player_points,pts,15.5,128.0,,1,sportsbook,2026-07-05T19:00:00Z,Toronto Tempo,Dallas Wings,the-odds-api,2026-07-05T17:36:49.314288+00:00
2026-07-05,54f91bf5767bbff2f9bb1f444a6fc510,Isabelle Harrison,,,Dallas Wings @ Toronto Tempo,,player_points,pts,13.5,-122.0,-113.0,2,sportsbook,2026-07-05T19:00:00Z,Toronto Tempo,Dallas Wings,the-odds-api,2026-07-05T17:36:49.314288+00:00
2026-07-05,54f91bf5767bbff2f9bb1f444a6fc510,Paige Bueckers,,,Dallas Wings @ Toronto Tempo,,player_points,pts,22.5,100.0,,1,sportsbook,2026-07-05T19:00:00Z,Toronto Tempo,Dallas Wings,the-odds-api,2026-07-05T17:36:49.314288+00:00
2026-07-05,54f91bf5767bbff2f9bb1f444a6fc510,Arike Ogunbowale,,,Dallas Wings @ Toronto Tempo,,player_points,pts,11.5,-152.0,,1,sportsbook,2026-07-05T19:00:00Z,Toronto Tempo,Dallas Wings,the-odds-api,2026-07-05T17:36:49.314288+00:00
2026-07-05,54f91bf5767bbff2f9bb1f444a6fc510,Awak Kuier,,,Dallas Wings @ Toronto Tempo,,player_points,pts,5.5,-116.0,-108.0,2,sportsbook,2026-07-05T19:00:00Z,Toronto Tempo,Dallas Wings,the-odds-api,2026-07-05T17:36:49.314288+00:00
2026-07-05,54f91bf5767bbff2f9bb1f444a6fc510,Temi Fagbenle,,,Dallas Wings @ Toronto Tempo,,player_points,pts,8.5,132.0,,1,sportsbook,2026-07-05T19:00:00Z,Toronto Tempo,Dallas Wings,the-odds-api,2026-07-05T17:36:49.314288+00:00
2026-07-05,54f91bf5767bbff2f9bb1f444a6fc510,Azzi Fudd,,,Dallas Wings @ Toronto Tempo,,player_points,pts,13.5,-132.0,,1,sportsbook,2026-07-05T19:00:00Z,Toronto Tempo,Dallas Wings,the-odds-api,2026-07-05T17:36:49.314288+00:00
2026-07-05,54f91bf5767bbff2f9bb1f444a6fc510,Maria Conde,,,Dallas Wings @ Toronto Tempo,,player_points,pts,11.5,-106.0,,1,sportsbook,2026-07-05T19:00:00Z,Toronto Tempo,Dallas Wings,the-odds-api,2026-07-05T17:36:49.314288+00:00
2026-07-05,54f91bf5767bbff2f9bb1f444a6fc510,Jessica Shepard,,,Dallas Wings @ Toronto Tempo,,player_points,pts,13.5,-136.0,,1,sportsbook,2026-07-05T19:00:00Z,Toronto Tempo,Dallas Wings,the-odds-api,2026-07-05T17:36:49.314288+00:00
2026-07-05,54f91bf5767bbff2f9bb1f444a6fc510,Julie Allemand,,,Dallas Wings @ Toronto Tempo,,player_points,pts,6.5,-137.0,,1,sportsbook,2026-07-05T19:00:00Z,Toronto Tempo,Dallas Wings,the-odds-api,2026-07-05T17:36:49.314288+00:00
2026-07-05,54f91bf5767bbff2f9bb1f444a6fc510,Paige Bueckers,,,Dallas Wings @ Toronto Tempo,,player_points,pts,21.5,-115.0,-121.0,2,sportsbook,2026-07-05T19:00:00Z,Toronto Tempo,Dallas Wings,the-odds-api,2026-07-05T17:36:49.314288+00:00
2026-07-05,54f91bf5767bbff2f9bb1f444a6fc510,Maria Conde,,,Dallas Wings @ Toronto Tempo,,player_points_rebounds_assists,pra,18.5,-125.0,-112.0,2,sportsbook,2026-07-05T19:00:00Z,Toronto Tempo,Dallas Wings,the-odds-api,2026-07-05T17:36:49.314288+00:00
2026-07-05,54f91bf5767bbff2f9bb1f444a6fc510,Julie Allemand,,,Dallas Wings @ Toronto Tempo,,player_points_rebounds_assists,pra,16.5,-124.0,,1,sportsbook,2026-07-05T19:00:00Z,Toronto Tempo,Dallas Wings,the-odds-api,2026-07-05T17:36:49.314288+00:00
2026-07-05,54f91bf5767bbff2f9bb1f444a6fc510,Paige Bueckers,,,Dallas Wings @ Toronto Tempo,,player_points_rebounds_assists,pra,32.5,-112.67,-119.0,3,sportsbook,2026-07-05T19:00:00Z,Toronto Tempo,Dallas Wings,the-odds-api,2026-07-05T17:36:49.314288+00:00
2026-07-05,54f91bf5767bbff2f9bb1f444a6fc510,Marina Mabrey,,,Dallas Wings @ Toronto Tempo,,player_points_rebounds_assists,pra,30.5,-3.5,-119.0,2,sportsbook,2026-07-05T19:00:00Z,Toronto Tempo,Dallas Wings,the-odds-api,2026-07-05T17:36:49.314288+00:00
2026-07-05,54f91bf5767bbff2f9bb1f444a6fc510,Azzi Fudd,,,Dallas Wings @ Toronto Tempo,,player_points_rebounds_assists,pra,18.5,-125.0,,1,sportsbook,2026-07-05T19:00:00Z,Toronto Tempo,Dallas Wings,the-odds-api,2026-07-05T17:36:49.314288+00:00
2026-07-05,54f91bf5767bbff2f9bb1f444a6fc510,Nyara Sabally,,,Dallas Wings @ Toronto Tempo,,player_points_rebounds_assists,pra,18.5,-124.0,,1,sportsbook,2026-07-05T19:00:00Z,Toronto Tempo,Dallas Wings,the-odds-api,2026-07-05T17:36:49.314288+00:00
2026-07-05,54f91bf5767bbff2f9bb1f444a6fc510,Julie Allemand,,,Dallas Wings @ Toronto Tempo,,player_rebounds,reb,3.5,110.0,,1,sportsbook,2026-07-05T19:00:00Z,Toronto Tempo,Dallas Wings,the-odds-api,2026-07-05T17:36:49.314288+00:00
2026-07-05,54f91bf5767bbff2f9bb1f444a6fc510,Awak Kuier,,,Dallas Wings @ Toronto Tempo,,player_rebounds,reb,2.5,-143.0,,1,sportsbook,2026-07-05T19:00:00Z,Toronto Tempo,Dallas Wings,the-odds-api,2026-07-05T17:36:49.314288+00:00
2026-07-05,54f91bf5767bbff2f9bb1f444a6fc510,Azzi Fudd,,,Dallas Wings @ Toronto Tempo,,player_rebounds,reb,2.5,112.0,,1,sportsbook,2026-07-05T19:00:00Z,Toronto Tempo,Dallas Wings,the-odds-api,2026-07-05T17:36:49.314288+00:00
2026-07-05,54f91bf5767bbff2f9bb1f444a6fc510,Temi Fagbenle,,,Dallas Wings @ Toronto Tempo,,player_rebounds,reb,3.5,-146.0,121.0,2,sportsbook,2026-07-05T19:00:00Z,Toronto Tempo,Dallas Wings,the-odds-api,2026-07-05T17:36:49.314288+00:00
2026-07-05,54f91bf5767bbff2f9bb1f444a6fc510,Marina Mabrey,,,Dallas Wings @ Toronto Tempo,,player_points_rebounds_assists,pra,31.5,-108.0,-126.0,1,sportsbook,2026-07-05T19:00:00Z,Toronto Tempo,Dallas Wings,the-odds-api,2026-07-05T17:36:49.314288+00:00
2026-07-05,54f91bf5767bbff2f9bb1f444a6fc510,Maria Conde,,,Dallas Wings @ Toronto Tempo,,player_rebounds,reb,5.5,113.0,-154.0,1,sportsbook,2026-07-05T19:00:00Z,Toronto Tempo,Dallas Wings,the-odds-api,2026-07-05T17:36:49.314288+00:00
2026-07-05,54f91bf5767bbff2f9bb1f444a6fc510,Paige Bueckers,,,Dallas Wings @ Toronto Tempo,,player_rebounds,reb,3.5,-161.0,118.0,1,sportsbook,2026-07-05T19:00:00Z,Toronto Tempo,Dallas Wings,the-odds-api,2026-07-05T17:36:49.314288+00:00
2026-07-05,f784500c59f1f83757bec7c0ef787879,Chelsea Gray,,,Indiana Fever @ Las Vegas Aces,,player_assists,ast,7.5,112.5,-149.0,2,sportsbook,2026-07-05T23:00:00Z,Las Vegas Aces,Indiana Fever,the-odds-api,2026-07-05T17:36:50.617956+00:00
2026-07-05,f784500c59f1f83757bec7c0ef787879,Jackie Young,,,Indiana Fever @ Las Vegas Aces,,player_assists,ast,6.5,112.5,-153.0,4,sportsbook,2026-07-05T23:00:00Z,Las Vegas Aces,Indiana Fever,the-odds-api,2026-07-05T17:36:50.617956+00:00
2026-07-05,f784500c59f1f83757bec7c0ef787879,Aliyah Boston,,,Indiana Fever @ Las Vegas Aces,,player_assists,ast,3.5,-118.0,-108.33,4,sportsbook,2026-07-05T23:00:00Z,Las Vegas Aces,Indiana Fever,the-odds-api,2026-07-05T17:36:50.617956+00:00
2026-07-05,f784500c59f1f83757bec7c0ef787879,Kelsey Mitchell,,,Indiana Fever @ Las Vegas Aces,,player_assists,ast,3.5,127.75,-169.0,4,sportsbook,2026-07-05T23:00:00Z,Las Vegas Aces,Indiana Fever,the-odds-api,2026-07-05T17:36:50.617956+00:00
2026-07-05,f784500c59f1f83757bec7c0ef787879,Kelsey Mitchell,,,Indiana Fever @ Las Vegas Aces,,player_points,pts,23.5,-113.75,-114.67,4,sportsbook,2026-07-05T23:00:00Z,Las Vegas Aces,Indiana Fever,the-odds-api,2026-07-05T17:36:50.617956+00:00
2026-07-05,f784500c59f1f83757bec7c0ef787879,Jackie Young,,,Indiana Fever @ Las Vegas Aces,,player_points,pts,20.5,-110.5,-116.0,4,sportsbook,2026-07-05T23:00:00Z,Las Vegas Aces,Indiana Fever,the-odds-api,2026-07-05T17:36:50.617956+00:00
2026-07-05,f784500c59f1f83757bec7c0ef787879,Aliyah Boston,,,Indiana Fever @ Las Vegas Aces,,player_points,pts,17.5,-119.0,-106.33,4,sportsbook,2026-07-05T23:00:00Z,Las Vegas Aces,Indiana Fever,the-odds-api,2026-07-05T17:36:50.617956+00:00
2026-07-05,f784500c59f1f83757bec7c0ef787879,Chelsea Gray,,,Indiana Fever @ Las Vegas Aces,,player_points,pts,13.5,-119.0,-111.0,1,sportsbook,2026-07-05T23:00:00Z,Las Vegas Aces,Indiana Fever,the-odds-api,2026-07-05T17:36:50.617956+00:00
2026-07-05,f784500c59f1f83757bec7c0ef787879,NaLyssa Smith,,,Indiana Fever @ Las Vegas Aces,,player_points,pts,13.5,-109.5,-120.0,4,sportsbook,2026-07-05T23:00:00Z,Las Vegas Aces,Indiana Fever,the-odds-api,2026-07-05T17:36:50.617956+00:00
2026-07-05,f784500c59f1f83757bec7c0ef787879,Jewell Loyd,,,Indiana Fever @ Las Vegas Aces,,player_points,pts,10.5,-113.75,-117.33,4,sportsbook,2026-07-05T23:00:00Z,Las Vegas Aces,Indiana Fever,the-odds-api,2026-07-05T17:36:50.617956+00:00
2026-07-05,f784500c59f1f83757bec7c0ef787879,Sophie Cunningham,,,Indiana Fever @ Las Vegas Aces,,player_points,pts,9.5,-123.5,-107.0,4,sportsbook,2026-07-05T23:00:00Z,Las Vegas Aces,Indiana Fever,the-odds-api,2026-07-05T17:36:50.617956+00:00
2026-07-05,f784500c59f1f83757bec7c0ef787879,Monique Billings,,,Indiana Fever @ Las Vegas Aces,,player_points,pts,8.5,-112.75,-115.0,4,sportsbook,2026-07-05T23:00:00Z,Las Vegas Aces,Indiana Fever,the-odds-api,2026-07-05T17:36:50.617956+00:00
2026-07-05,f784500c59f1f83757bec7c0ef787879,Cheyenne Parker-Tyus,,,Indiana Fever @ Las Vegas Aces,,player_points,pts,8.5,-105.75,-124.0,4,sportsbook,2026-07-05T23:00:00Z,Las Vegas Aces,Indiana Fever,the-odds-api,2026-07-05T17:36:50.617956+00:00
2026-07-05,f784500c59f1f83757bec7c0ef787879,Lexie Hull,,,Indiana Fever @ Las Vegas Aces,,player_points,pts,7.5,-122.33,-110.0,3,sportsbook,2026-07-05T23:00:00Z,Las Vegas Aces,Indiana Fever,the-odds-api,2026-07-05T17:36:50.617956+00:00
2026-07-05,f784500c59f1f83757bec7c0ef787879,Jackie Young,,,Indiana Fever @ Las Vegas Aces,,player_points_rebounds_assists,pra,32.5,-42.0,-125.0,3,sportsbook,2026-07-05T23:00:00Z,Las Vegas Aces,Indiana Fever,the-odds-api,2026-07-05T17:36:50.617956+00:00
2026-07-05,f784500c59f1f83757bec7c0ef787879,Aliyah Boston,,,Indiana Fever @ Las Vegas Aces,,player_points_rebounds_assists,pra,30.5,-115.75,-111.0,4,sportsbook,2026-07-05T23:00:00Z,Las Vegas Aces,Indiana Fever,the-odds-api,2026-07-05T17:36:50.617956+00:00
2026-07-05,f784500c59f1f83757bec7c0ef787879,Kelsey Mitchell,,,Indiana Fever @ Las Vegas Aces,,player_points_rebounds_assists,pra,28.5,-124.0,-109.0,1,sportsbook,2026-07-05T23:00:00Z,Las Vegas Aces,Indiana Fever,the-odds-api,2026-07-05T17:36:50.617956+00:00
2026-07-05,f784500c59f1f83757bec7c0ef787879,Chelsea Gray,,,Indiana Fever @ Las Vegas Aces,,player_points_rebounds_assists,pra,25.5,-120.67,-110.33,3,sportsbook,2026-07-05T23:00:00Z,Las Vegas Aces,Indiana Fever,the-odds-api,2026-07-05T17:36:50.617956+00:00
2026-07-05,f784500c59f1f83757bec7c0ef787879,Aliyah Boston,,,Indiana Fever @ Las Vegas Aces,,player_rebounds,reb,8.5,-138.5,105.67,4,sportsbook,2026-07-05T23:00:00Z,Las Vegas Aces,Indiana Fever,the-odds-api,2026-07-05T17:36:50.617956+00:00
2026-07-05,f784500c59f1f83757bec7c0ef787879,NaLyssa Smith,,,Indiana Fever @ Las Vegas Aces,,player_rebounds,reb,7.5,57.75,-149.33,4,sportsbook,2026-07-05T23:00:00Z,Las Vegas Aces,Indiana Fever,the-odds-api,2026-07-05T17:36:50.617956+00:00
2026-07-05,f784500c59f1f83757bec7c0ef787879,Jackie Young,,,Indiana Fever @ Las Vegas Aces,,player_rebounds,reb,5.5,4.75,-147.67,4,sportsbook,2026-07-05T23:00:00Z,Las Vegas Aces,Indiana Fever,the-odds-api,2026-07-05T17:36:50.617956+00:00
2026-07-05,f784500c59f1f83757bec7c0ef787879,Monique Billings,,,Indiana Fever @ Las Vegas Aces,,player_rebounds,reb,5.5,108.5,-144.67,4,sportsbook,2026-07-05T23:00:00Z,Las Vegas Aces,Indiana Fever,the-odds-api,2026-07-05T17:36:50.617956+00:00
2026-07-05,f784500c59f1f83757bec7c0ef787879,Cheyenne Parker-Tyus,,,Indiana Fever @ Las Vegas Aces,,player_rebounds,reb,4.5,-131.33,31.33,3,sportsbook,2026-07-05T23:00:00Z,Las Vegas Aces,Indiana Fever,the-odds-api,2026-07-05T17:36:50.617956+00:00
2026-07-05,f784500c59f1f83757bec7c0ef787879,Chelsea Gray,,,Indiana Fever @ Las Vegas Aces,,player_rebounds,reb,4.5,109.25,-147.0,4,sportsbook,2026-07-05T23:00:00Z,Las Vegas Aces,Indiana Fever,the-odds-api,2026-07-05T17:36:50.617956+00:00
2026-07-05,f784500c59f1f83757bec7c0ef787879,Lexie Hull,,,Indiana Fever @ Las Vegas Aces,,player_rebounds,reb,3.5,-167.67,125.33,3,sportsbook,2026-07-05T23:00:00Z,Las Vegas Aces,Indiana Fever,the-odds-api,2026-07-05T17:36:50.617956+00:00
2026-07-05,f784500c59f1f83757bec7c0ef787879,Jewell Loyd,,,Indiana Fever @ Las Vegas Aces,,player_rebounds,reb,3.5,124.0,-167.33,4,sportsbook,2026-07-05T23:00:00Z,Las Vegas Aces,Indiana Fever,the-odds-api,2026-07-05T17:36:50.617956+00:00
2026-07-05,f784500c59f1f83757bec7c0ef787879,Kelsey Mitchell,,,Indiana Fever @ Las Vegas Aces,,player_threes,threes,2.5,23.0,-130.33,4,sportsbook,2026-07-05T23:00:00Z,Las Vegas Aces,Indiana Fever,the-odds-api,2026-07-05T17:36:50.617956+00:00
2026-07-05,f784500c59f1f83757bec7c0ef787879,Jackie Young,,,Indiana Fever @ Las Vegas Aces,,player_threes,threes,2.5,141.4,-201.0,4,sportsbook,2026-07-05T23:00:00Z,Las Vegas Aces,Indiana Fever,the-odds-api,2026-07-05T17:36:50.617956+00:00
2026-07-05,f784500c59f1f83757bec7c0ef787879,Jewell Loyd,,,Indiana Fever @ Las Vegas Aces,,player_threes,threes,1.5,-178.0,127.0,2,sportsbook,2026-07-05T23:00:00Z,Las Vegas Aces,Indiana Fever,the-odds-api,2026-07-05T17:36:50.617956+00:00
2026-07-05,f784500c59f1f83757bec7c0ef787879,Chelsea Gray,,,Indiana Fever @ Las Vegas Aces,,player_threes,threes,1.5,-171.2,125.0,4,sportsbook,2026-07-05T23:00:00Z,Las Vegas Aces,Indiana Fever,the-odds-api,2026-07-05T17:36:50.617956+00:00
2026-07-05,f784500c59f1f83757bec7c0ef787879,Sophie Cunningham,,,Indiana Fever @ Las Vegas Aces,,player_threes,threes,1.5,-128.0,-108.0,4,sportsbook,2026-07-05T23:00:00Z,Las Vegas Aces,Indiana Fever,the-odds-api,2026-07-05T17:36:50.617956+00:00
2026-07-05,f784500c59f1f83757bec7c0ef787879,Lexie Hull,,,Indiana Fever @ Las Vegas Aces,,player_threes,threes,1.5,167.0,-223.67,4,sportsbook,2026-07-05T23:00:00Z,Las Vegas Aces,Indiana Fever,the-odds-api,2026-07-05T17:36:50.617956+00:00
2026-07-05,f784500c59f1f83757bec7c0ef787879,Aliyah Boston,,,Indiana Fever @ Las Vegas Aces,,player_threes,threes,1.5,182.0,-250.0,3,sportsbook,2026-07-05T23:00:00Z,Las Vegas Aces,Indiana Fever,the-odds-api,2026-07-05T17:36:50.617956+00:00
2026-07-05,f784500c59f1f83757bec7c0ef787879,Raven Johnson,,,Indiana Fever @ Las Vegas Aces,,player_assists,ast,2.5,-160.5,132.0,2,sportsbook,2026-07-05T23:00:00Z,Las Vegas Aces,Indiana Fever,the-odds-api,2026-07-05T17:36:50.617956+00:00
2026-07-05,f784500c59f1f83757bec7c0ef787879,NaLyssa Smith,,,Indiana Fever @ Las Vegas Aces,,player_points,pts,14.5,116.0,,1,sportsbook,2026-07-05T23:00:00Z,Las Vegas Aces,Indiana Fever,the-odds-api,2026-07-05T17:36:50.617956+00:00
2026-07-05,f784500c59f1f83757bec7c0ef787879,Kelsey Mitchell,,,Indiana Fever @ Las Vegas Aces,,player_points,pts,22.5,-134.0,,1,sportsbook,2026-07-05T23:00:00Z,Las Vegas Aces,Indiana Fever,the-odds-api,2026-07-05T17:36:50.617956+00:00
2026-07-05,f784500c59f1f83757bec7c0ef787879,Cheyenne Parker-Tyus,,,Indiana Fever @ Las Vegas Aces,,player_points,pts,9.5,120.0,,1,sportsbook,2026-07-05T23:00:00Z,Las Vegas Aces,Indiana Fever,the-odds-api,2026-07-05T17:36:50.617956+00:00
2026-07-05,f784500c59f1f83757bec7c0ef787879,Kelsey Mitchell,,,Indiana Fever @ Las Vegas Aces,,player_points,pts,24.5,108.0,,1,sportsbook,2026-07-05T23:00:00Z,Las Vegas Aces,Indiana Fever,the-odds-api,2026-07-05T17:36:50.617956+00:00
2026-07-05,f784500c59f1f83757bec7c0ef787879,Sophie Cunningham,,,Indiana Fever @ Las Vegas Aces,,player_points,pts,10.5,100.0,,1,sportsbook,2026-07-05T23:00:00Z,Las Vegas Aces,Indiana Fever,the-odds-api,2026-07-05T17:36:50.617956+00:00
2026-07-05,f784500c59f1f83757bec7c0ef787879,Monique Billings,,,Indiana Fever @ Las Vegas Aces,,player_points,pts,9.5,120.0,,1,sportsbook,2026-07-05T23:00:00Z,Las Vegas Aces,Indiana Fever,the-odds-api,2026-07-05T17:36:50.617956+00:00
2026-07-05,f784500c59f1f83757bec7c0ef787879,Lexie Hull,,,Indiana Fever @ Las Vegas Aces,,player_points,pts,8.5,108.0,,1,sportsbook,2026-07-05T23:00:00Z,Las Vegas Aces,Indiana Fever,the-odds-api,2026-07-05T17:36:50.617956+00:00
2026-07-05,f784500c59f1f83757bec7c0ef787879,Aliyah Boston,,,Indiana Fever @ Las Vegas Aces,,player_points,pts,16.5,-134.0,,1,sportsbook,2026-07-05T23:00:00Z,Las Vegas Aces,Indiana Fever,the-odds-api,2026-07-05T17:36:50.617956+00:00
2026-07-05,f784500c59f1f83757bec7c0ef787879,Aliyah Boston,,,Indiana Fever @ Las Vegas Aces,,player_points,pts,18.5,117.0,,1,sportsbook,2026-07-05T23:00:00Z,Las Vegas Aces,Indiana Fever,the-odds-api,2026-07-05T17:36:50.617956+00:00
2026-07-05,f784500c59f1f83757bec7c0ef787879,Jackie Young,,,Indiana Fever @ Las Vegas Aces,,player_points,pts,19.5,-125.0,,1,sportsbook,2026-07-05T23:00:00Z,Las Vegas Aces,Indiana Fever,the-odds-api,2026-07-05T17:36:50.617956+00:00
2026-07-05,f784500c59f1f83757bec7c0ef787879,Raven Johnson,,,Indiana Fever @ Las Vegas Aces,,player_points,pts,7.5,-120.0,,1,sportsbook,2026-07-05T23:00:00Z,Las Vegas Aces,Indiana Fever,the-odds-api,2026-07-05T17:36:50.617956+00:00
2026-07-05,f784500c59f1f83757bec7c0ef787879,Jackie Young,,,Indiana Fever @ Las Vegas Aces,,player_points,pts,21.5,118.0,,1,sportsbook,2026-07-05T23:00:00Z,Las Vegas Aces,Indiana Fever,the-odds-api,2026-07-05T17:36:50.617956+00:00
2026-07-05,f784500c59f1f83757bec7c0ef787879,Raven Johnson,,,Indiana Fever @ Las Vegas Aces,,player_points,pts,8.5,134.0,-200.0,2,sportsbook,2026-07-05T23:00:00Z,Las Vegas Aces,Indiana Fever,the-odds-api,2026-07-05T17:36:50.617956+00:00
2026-07-05,f784500c59f1f83757bec7c0ef787879,Jewell Loyd,,,Indiana Fever @ Las Vegas Aces,,player_points,pts,11.5,108.0,,1,sportsbook,2026-07-05T23:00:00Z,Las Vegas Aces,Indiana Fever,the-odds-api,2026-07-05T17:36:50.617956+00:00
2026-07-05,f784500c59f1f83757bec7c0ef787879,Chelsea Gray,,,Indiana Fever @ Las Vegas Aces,,player_points,pts,14.5,-108.33,-121.5,3,sportsbook,2026-07-05T23:00:00Z,Las Vegas Aces,Indiana Fever,the-odds-api,2026-07-05T17:36:50.617956+00:00
2026-07-05,f784500c59f1f83757bec7c0ef787879,Chelsea Gray,,,Indiana Fever @ Las Vegas Aces,,player_points,pts,15.5,110.0,,1,sportsbook,2026-07-05T23:00:00Z,Las Vegas Aces,Indiana Fever,the-odds-api,2026-07-05T17:36:50.617956+00:00
2026-07-05,f784500c59f1f83757bec7c0ef787879,Kelsey Mitchell,,,Indiana Fever @ Las Vegas Aces,,player_points_rebounds_assists,pra,29.5,-105.0,-124.0,3,sportsbook,2026-07-05T23:00:00Z,Las Vegas Aces,Indiana Fever,the-odds-api,2026-07-05T17:36:50.617956+00:00
2026-07-05,f784500c59f1f83757bec7c0ef787879,Raven Johnson,,,Indiana Fever @ Las Vegas Aces,,player_points_rebounds_assists,pra,14.5,-113.0,,1,sportsbook,2026-07-05T23:00:00Z,Las Vegas Aces,Indiana Fever,the-odds-api,2026-07-05T17:36:50.617956+00:00
2026-07-05,f784500c59f1f83757bec7c0ef787879,Chelsea Gray,,,Indiana Fever @ Las Vegas Aces,,player_points_rebounds_assists,pra,26.5,-110.0,,1,sportsbook,2026-07-05T23:00:00Z,Las Vegas Aces,Indiana Fever,the-odds-api,2026-07-05T17:36:50.617956+00:00
2026-07-05,f784500c59f1f83757bec7c0ef787879,Lexie Hull,,,Indiana Fever @ Las Vegas Aces,,player_rebounds,reb,4.5,123.0,,1,sportsbook,2026-07-05T23:00:00Z,Las Vegas Aces,Indiana Fever,the-odds-api,2026-07-05T17:36:50.617956+00:00
2026-07-05,f784500c59f1f83757bec7c0ef787879,Sophie Cunningham,,,Indiana Fever @ Las Vegas Aces,,player_rebounds,reb,2.5,-141.0,,1,sportsbook,2026-07-05T23:00:00Z,Las Vegas Aces,Indiana Fever,the-odds-api,2026-07-05T17:36:50.617956+00:00
2026-07-05,f784500c59f1f83757bec7c0ef787879,Cheyenne Parker-Tyus,,,Indiana Fever @ Las Vegas Aces,,player_rebounds,reb,5.5,115.0,,1,sportsbook,2026-07-05T23:00:00Z,Las Vegas Aces,Indiana Fever,the-odds-api,2026-07-05T17:36:50.617956+00:00
2026-07-05,f784500c59f1f83757bec7c0ef787879,Raven Johnson,,,Indiana Fever @ Las Vegas Aces,,player_rebounds,reb,3.5,4.5,-149.0,2,sportsbook,2026-07-05T23:00:00Z,Las Vegas Aces,Indiana Fever,the-odds-api,2026-07-05T17:36:50.617956+00:00
2026-07-05,f784500c59f1f83757bec7c0ef787879,Kelsey Mitchell,,,Indiana Fever @ Las Vegas Aces,,player_rebounds,reb,2.5,138.67,-190.0,3,sportsbook,2026-07-05T23:00:00Z,Las Vegas Aces,Indiana Fever,the-odds-api,2026-07-05T17:36:50.617956+00:00
2026-07-05,f784500c59f1f83757bec7c0ef787879,Aliyah Boston,,,Indiana Fever @ Las Vegas Aces,,player_threes,threes,0.5,-220.0,,1,sportsbook,2026-07-05T23:00:00Z,Las Vegas Aces,Indiana Fever,the-odds-api,2026-07-05T17:36:50.617956+00:00
2026-07-05,f784500c59f1f83757bec7c0ef787879,Chelsea Gray,,,Indiana Fever @ Las Vegas Aces,,player_assists,ast,6.5,-144.0,109.0,2,sportsbook,2026-07-05T23:00:00Z,Las Vegas Aces,Indiana Fever,the-odds-api,2026-07-05T17:36:50.617956+00:00
2026-07-05,f784500c59f1f83757bec7c0ef787879,Jackie Young,,,Indiana Fever @ Las Vegas Aces,,player_points_rebounds_assists,pra,31.5,-128.0,-104.0,1,sportsbook,2026-07-05T23:00:00Z,Las Vegas Aces,Indiana Fever,the-odds-api,2026-07-05T17:36:50.617956+00:00
2026-07-05,f784500c59f1f83757bec7c0ef787879,Raven Johnson,,,Indiana Fever @ Las Vegas Aces,,player_points_rebounds_assists,pra,13.5,-122.0,-108.0,2,sportsbook,2026-07-05T23:00:00Z,Las Vegas Aces,Indiana Fever,the-odds-api,2026-07-05T17:36:50.617956+00:00
2026-07-05,f784500c59f1f83757bec7c0ef787879,Jewell Loyd,,,Indiana Fever @ Las Vegas Aces,,player_threes,threes,2.5,157.5,-211.5,2,sportsbook,2026-07-05T23:00:00Z,Las Vegas Aces,Indiana Fever,the-odds-api,2026-07-05T17:36:50.617956+00:00
2026-07-05,f784500c59f1f83757bec7c0ef787879,A'ja Wilson,,,Indiana Fever @ Las Vegas Aces,,player_assists,ast,2.5,-122.0,-106.0,1,sportsbook,2026-07-05T23:00:00Z,Las Vegas Aces,Indiana Fever,the-odds-api,2026-07-05T17:36:50.617956+00:00
2026-07-05,f784500c59f1f83757bec7c0ef787879,Raven Johnson,,,Indiana Fever @ Las Vegas Aces,,player_assists,ast,3.5,136.0,-179.0,1,sportsbook,2026-07-05T23:00:00Z,Las Vegas Aces,Indiana Fever,the-odds-api,2026-07-05T17:36:50.617956+00:00
2026-07-05,f784500c59f1f83757bec7c0ef787879,A'ja Wilson,,,Indiana Fever @ Las Vegas Aces,,player_points,pts,25.5,-111.0,-116.0,1,sportsbook,2026-07-05T23:00:00Z,Las Vegas Aces,Indiana Fever,the-odds-api,2026-07-05T17:36:50.617956+00:00
2026-07-05,f784500c59f1f83757bec7c0ef787879,Stephanie Talbot,,,Indiana Fever @ Las Vegas Aces,,player_points,pts,5.5,122.0,-159.0,1,sportsbook,2026-07-05T23:00:00Z,Las Vegas Aces,Indiana Fever,the-odds-api,2026-07-05T17:36:50.617956+00:00
2026-07-05,f784500c59f1f83757bec7c0ef787879,A'ja Wilson,,,Indiana Fever @ Las Vegas Aces,,player_points_rebounds_assists,pra,38.5,-106.0,-122.0,1,sportsbook,2026-07-05T23:00:00Z,Las Vegas Aces,Indiana Fever,the-odds-api,2026-07-05T17:36:50.617956+00:00
2026-07-05,f784500c59f1f83757bec7c0ef787879,A'ja Wilson,,,Indiana Fever @ Las Vegas Aces,,player_rebounds,reb,9.5,-123.0,-105.0,1,sportsbook,2026-07-05T23:00:00Z,Las Vegas Aces,Indiana Fever,the-odds-api,2026-07-05T17:36:50.617956+00:00
2026-07-05,f784500c59f1f83757bec7c0ef787879,Sophie Cunningham,,,Indiana Fever @ Las Vegas Aces,,player_rebounds,reb,3.5,164.0,-217.0,1,sportsbook,2026-07-05T23:00:00Z,Las Vegas Aces,Indiana Fever,the-odds-api,2026-07-05T17:36:50.617956+00:00
2026-07-05,f784500c59f1f83757bec7c0ef787879,Stephanie Talbot,,,Indiana Fever @ Las Vegas Aces,,player_rebounds,reb,3.5,-149.0,115.0,1,sportsbook,2026-07-05T23:00:00Z,Las Vegas Aces,Indiana Fever,the-odds-api,2026-07-05T17:36:50.617956+00:00
2026-07-05,f784500c59f1f83757bec7c0ef787879,Raven Johnson,,,Indiana Fever @ Las Vegas Aces,,player_threes,threes,1.5,190.0,-256.0,1,sportsbook,2026-07-05T23:00:00Z,Las Vegas Aces,Indiana Fever,the-odds-api,2026-07-05T17:36:50.617956+00:00
2026-07-05,f784500c59f1f83757bec7c0ef787879,Stephanie Talbot,,,Indiana Fever @ Las Vegas Aces,,player_threes,threes,0.5,-122.0,-106.0,1,sportsbook,2026-07-05T23:00:00Z,Las Vegas Aces,Indiana Fever,the-odds-api,2026-07-05T17:36:50.617956+00:00
2026-07-05,1fbe348b23c9f547e63ce18ccf0888db,Veronica Burton,,,Golden State Valkyries @ Washington Mystics,,player_assists,ast,5.5,0.5,-135.5,2,sportsbook,2026-07-06T23:40:00Z,Washington Mystics,Golden State Valkyries,the-odds-api,2026-07-05T17:36:51.922252+00:00
2026-07-05,1fbe348b23c9f547e63ce18ccf0888db,Sonia Citron,,,Golden State Valkyries @ Washington Mystics,,player_assists,ast,3.5,131.0,-177.5,2,sportsbook,2026-07-06T23:40:00Z,Washington Mystics,Golden State Valkyries,the-odds-api,2026-07-05T17:36:51.922252+00:00
2026-07-05,1fbe348b23c9f547e63ce18ccf0888db,Sonia Citron,,,Golden State Valkyries @ Washington Mystics,,player_points,pts,16.5,-105.0,-126.0,1,sportsbook,2026-07-06T23:40:00Z,Washington Mystics,Golden State Valkyries,the-odds-api,2026-07-05T17:36:51.922252+00:00
2026-07-05,1fbe348b23c9f547e63ce18ccf0888db,Kiki Iriafen,,,Golden State Valkyries @ Washington Mystics,,player_points,pts,14.5,-124.0,-106.0,2,sportsbook,2026-07-06T23:40:00Z,Washington Mystics,Golden State Valkyries,the-odds-api,2026-07-05T17:36:51.922252+00:00
2026-07-05,1fbe348b23c9f547e63ce18ccf0888db,Gabby Williams,,,Golden State Valkyries @ Washington Mystics,,player_points,pts,14.5,-108.0,-122.0,2,sportsbook,2026-07-06T23:40:00Z,Washington Mystics,Golden State Valkyries,the-odds-api,2026-07-05T17:36:51.922252+00:00
2026-07-05,1fbe348b23c9f547e63ce18ccf0888db,Shakira Austin,,,Golden State Valkyries @ Washington Mystics,,player_points,pts,11.5,-123.5,-106.5,2,sportsbook,2026-07-06T23:40:00Z,Washington Mystics,Golden State Valkyries,the-odds-api,2026-07-05T17:36:51.922252+00:00
2026-07-05,1fbe348b23c9f547e63ce18ccf0888db,Veronica Burton,,,Golden State Valkyries @ Washington Mystics,,player_points,pts,11.5,-112.0,-117.5,2,sportsbook,2026-07-06T23:40:00Z,Washington Mystics,Golden State Valkyries,the-odds-api,2026-07-05T17:36:51.922252+00:00
2026-07-05,1fbe348b23c9f547e63ce18ccf0888db,Janelle Salaun,,,Golden State Valkyries @ Washington Mystics,,player_points,pts,10.5,-3.5,-127.0,2,sportsbook,2026-07-06T23:40:00Z,Washington Mystics,Golden State Valkyries,the-odds-api,2026-07-05T17:36:51.922252+00:00
2026-07-05,1fbe348b23c9f547e63ce18ccf0888db,Michaela Onyenwere,,,Golden State Valkyries @ Washington Mystics,,player_points,pts,9.5,-110.0,-119.5,2,sportsbook,2026-07-06T23:40:00Z,Washington Mystics,Golden State Valkyries,the-odds-api,2026-07-05T17:36:51.922252+00:00
2026-07-05,1fbe348b23c9f547e63ce18ccf0888db,Cecilia Zandalasini,,,Golden State Valkyries @ Washington Mystics,,player_points,pts,9.5,-102.0,-130.0,1,sportsbook,2026-07-06T23:40:00Z,Washington Mystics,Golden State Valkyries,the-odds-api,2026-07-05T17:36:51.922252+00:00
2026-07-05,1fbe348b23c9f547e63ce18ccf0888db,Kayla Thornton,,,Golden State Valkyries @ Washington Mystics,,player_points,pts,8.5,-119.5,-108.5,2,sportsbook,2026-07-06T23:40:00Z,Washington Mystics,Golden State Valkyries,the-odds-api,2026-07-05T17:36:51.922252+00:00
2026-07-05,1fbe348b23c9f547e63ce18ccf0888db,Kiki Iriafen,,,Golden State Valkyries @ Washington Mystics,,player_points_rebounds_assists,pra,26.5,-110.5,-121.5,2,sportsbook,2026-07-06T23:40:00Z,Washington Mystics,Golden State Valkyries,the-odds-api,2026-07-05T17:36:51.922252+00:00
2026-07-05,1fbe348b23c9f547e63ce18ccf0888db,Shakira Austin,,,Golden State Valkyries @ Washington Mystics,,player_points_rebounds_assists,pra,23.5,-105.0,-127.5,2,sportsbook,2026-07-06T23:40:00Z,Washington Mystics,Golden State Valkyries,the-odds-api,2026-07-05T17:36:51.922252+00:00
2026-07-05,1fbe348b23c9f547e63ce18ccf0888db,Sonia Citron,,,Golden State Valkyries @ Washington Mystics,,player_points_rebounds_assists,pra,22.5,-119.5,-111.5,2,sportsbook,2026-07-06T23:40:00Z,Washington Mystics,Golden State Valkyries,the-odds-api,2026-07-05T17:36:51.922252+00:00
2026-07-05,1fbe348b23c9f547e63ce18ccf0888db,Gabby Williams,,,Golden State Valkyries @ Washington Mystics,,player_points_rebounds_assists,pra,20.5,-115.5,-115.0,2,sportsbook,2026-07-06T23:40:00Z,Washington Mystics,Golden State Valkyries,the-odds-api,2026-07-05T17:36:51.922252+00:00
2026-07-05,1fbe348b23c9f547e63ce18ccf0888db,Veronica Burton,,,Golden State Valkyries @ Washington Mystics,,player_points_rebounds_assists,pra,20.5,-106.5,-126.0,2,sportsbook,2026-07-06T23:40:00Z,Washington Mystics,Golden State Valkyries,the-odds-api,2026-07-05T17:36:51.922252+00:00
2026-07-05,1fbe348b23c9f547e63ce18ccf0888db,Kiki Iriafen,,,Golden State Valkyries @ Washington Mystics,,player_rebounds,reb,9.5,105.0,-142.0,1,sportsbook,2026-07-06T23:40:00Z,Washington Mystics,Golden State Valkyries,the-odds-api,2026-07-05T17:36:51.922252+00:00
2026-07-05,1fbe348b23c9f547e63ce18ccf0888db,Shakira Austin,,,Golden State Valkyries @ Washington Mystics,,player_rebounds,reb,8.5,110.0,-148.0,2,sportsbook,2026-07-06T23:40:00Z,Washington Mystics,Golden State Valkyries,the-odds-api,2026-07-05T17:36:51.922252+00:00
2026-07-05,1fbe348b23c9f547e63ce18ccf0888db,Kayla Thornton,,,Golden State Valkyries @ Washington Mystics,,player_rebounds,reb,4.5,-145.5,108.0,2,sportsbook,2026-07-06T23:40:00Z,Washington Mystics,Golden State Valkyries,the-odds-api,2026-07-05T17:36:51.922252+00:00
2026-07-05,1fbe348b23c9f547e63ce18ccf0888db,Janelle Salaun,,,Golden State Valkyries @ Washington Mystics,,player_rebounds,reb,3.5,-6.0,-127.0,2,sportsbook,2026-07-06T23:40:00Z,Washington Mystics,Golden State Valkyries,the-odds-api,2026-07-05T17:36:51.922252+00:00
2026-07-05,1fbe348b23c9f547e63ce18ccf0888db,Gabby Williams,,,Golden State Valkyries @ Washington Mystics,,player_rebounds,reb,3.5,-3.0,-130.5,2,sportsbook,2026-07-06T23:40:00Z,Washington Mystics,Golden State Valkyries,the-odds-api,2026-07-05T17:36:51.922252+00:00
2026-07-05,1fbe348b23c9f547e63ce18ccf0888db,Sonia Citron,,,Golden State Valkyries @ Washington Mystics,,player_rebounds,reb,3.5,118.5,-160.0,2,sportsbook,2026-07-06T23:40:00Z,Washington Mystics,Golden State Valkyries,the-odds-api,2026-07-05T17:36:51.922252+00:00
2026-07-05,1fbe348b23c9f547e63ce18ccf0888db,Veronica Burton,,,Golden State Valkyries @ Washington Mystics,,player_rebounds,reb,3.5,131.0,-177.0,2,sportsbook,2026-07-06T23:40:00Z,Washington Mystics,Golden State Valkyries,the-odds-api,2026-07-05T17:36:51.922252+00:00
2026-07-05,1fbe348b23c9f547e63ce18ccf0888db,Janelle Salaun,,,Golden State Valkyries @ Washington Mystics,,player_threes,threes,1.5,-164.5,122.0,2,sportsbook,2026-07-06T23:40:00Z,Washington Mystics,Golden State Valkyries,the-odds-api,2026-07-05T17:36:51.922252+00:00
2026-07-05,1fbe348b23c9f547e63ce18ccf0888db,Gabby Williams,,,Golden State Valkyries @ Washington Mystics,,player_threes,threes,1.5,-111.5,-120.0,2,sportsbook,2026-07-06T23:40:00Z,Washington Mystics,Golden State Valkyries,the-odds-api,2026-07-05T17:36:51.922252+00:00
2026-07-05,1fbe348b23c9f547e63ce18ccf0888db,Kayla Thornton,,,Golden State Valkyries @ Washington Mystics,,player_threes,threes,1.5,-105.5,-127.5,2,sportsbook,2026-07-06T23:40:00Z,Washington Mystics,Golden State Valkyries,the-odds-api,2026-07-05T17:36:51.922252+00:00
2026-07-05,1fbe348b23c9f547e63ce18ccf0888db,Cecilia Zandalasini,,,Golden State Valkyries @ Washington Mystics,,player_threes,threes,1.5,117.5,-158.5,2,sportsbook,2026-07-06T23:40:00Z,Washington Mystics,Golden State Valkyries,the-odds-api,2026-07-05T17:36:51.922252+00:00
2026-07-05,1fbe348b23c9f547e63ce18ccf0888db,Sonia Citron,,,Golden State Valkyries @ Washington Mystics,,player_threes,threes,1.5,118.5,-160.0,2,sportsbook,2026-07-06T23:40:00Z,Washington Mystics,Golden State Valkyries,the-odds-api,2026-07-05T17:36:51.922252+00:00
2026-07-05,1fbe348b23c9f547e63ce18ccf0888db,Veronica Burton,,,Golden State Valkyries @ Washington Mystics,,player_threes,threes,1.5,143.5,-196.0,2,sportsbook,2026-07-06T23:40:00Z,Washington Mystics,Golden State Valkyries,the-odds-api,2026-07-05T17:36:51.922252+00:00
2026-07-05,1fbe348b23c9f547e63ce18ccf0888db,Michaela Onyenwere,,,Golden State Valkyries @ Washington Mystics,,player_threes,threes,1.5,151.5,-204.0,2,sportsbook,2026-07-06T23:40:00Z,Washington Mystics,Golden State Valkyries,the-odds-api,2026-07-05T17:36:51.922252+00:00
2026-07-05,1fbe348b23c9f547e63ce18ccf0888db,Sonia Citron,,,Golden State Valkyries @ Washington Mystics,,player_points,pts,15.5,-130.0,100.0,1,sportsbook,2026-07-06T23:40:00Z,Washington Mystics,Golden State Valkyries,the-odds-api,2026-07-05T17:36:51.922252+00:00
2026-07-05,1fbe348b23c9f547e63ce18ccf0888db,Cecilia Zandalasini,,,Golden State Valkyries @ Washington Mystics,,player_points,pts,8.5,-128.0,-102.0,1,sportsbook,2026-07-06T23:40:00Z,Washington Mystics,Golden State Valkyries,the-odds-api,2026-07-05T17:36:51.922252+00:00
2026-07-05,1fbe348b23c9f547e63ce18ccf0888db,Cecilia Zandalasini,,,Golden State Valkyries @ Washington Mystics,,player_points_rebounds_assists,pra,13.5,-106.0,-125.0,1,sportsbook,2026-07-06T23:40:00Z,Washington Mystics,Golden State Valkyries,the-odds-api,2026-07-05T17:36:51.922252+00:00
2026-07-05,1fbe348b23c9f547e63ce18ccf0888db,Kiki Iriafen,,,Golden State Valkyries @ Washington Mystics,,player_rebounds,reb,8.5,-146.0,110.0,1,sportsbook,2026-07-06T23:40:00Z,Washington Mystics,Golden State Valkyries,the-odds-api,2026-07-05T17:36:51.922252+00:00
2026-07-05,9c39120f2059c1fee0df606e5979d967,Leïla Lacan,,,Connecticut Sun @ Minnesota Lynx,,player_assists,ast,4.5,-112.5,-119.0,2,sportsbook,2026-07-07T00:00:00Z,Minnesota Lynx,Connecticut Sun,the-odds-api,2026-07-05T17:36:53.220508+00:00
2026-07-05,9c39120f2059c1fee0df606e5979d967,Courtney Williams,,,Connecticut Sun @ Minnesota Lynx,,player_assists,ast,4.5,118.5,-159.0,2,sportsbook,2026-07-07T00:00:00Z,Minnesota Lynx,Connecticut Sun,the-odds-api,2026-07-05T17:36:53.220508+00:00
2026-07-05,9c39120f2059c1fee0df606e5979d967,Olivia Miles,,,Connecticut Sun @ Minnesota Lynx,,player_assists,ast,5.5,-141.0,105.0,2,sportsbook,2026-07-07T00:00:00Z,Minnesota Lynx,Connecticut Sun,the-odds-api,2026-07-05T17:36:53.220508+00:00
2026-07-05,9c39120f2059c1fee0df606e5979d967,Olivia Miles,,,Connecticut Sun @ Minnesota Lynx,,player_points,pts,18.5,-126.0,-104.5,2,sportsbook,2026-07-07T00:00:00Z,Minnesota Lynx,Connecticut Sun,the-odds-api,2026-07-05T17:36:53.220508+00:00
2026-07-05,9c39120f2059c1fee0df606e5979d967,Leïla Lacan,,,Connecticut Sun @ Minnesota Lynx,,player_points,pts,11.5,-114.5,-114.5,2,sportsbook,2026-07-07T00:00:00Z,Minnesota Lynx,Connecticut Sun,the-odds-api,2026-07-05T17:36:53.220508+00:00
2026-07-05,9c39120f2059c1fee0df606e5979d967,Olivia Nelson-Ododa,,,Connecticut Sun @ Minnesota Lynx,,player_points,pts,9.5,-116.5,-113.0,2,sportsbook,2026-07-07T00:00:00Z,Minnesota Lynx,Connecticut Sun,the-odds-api,2026-07-05T17:36:53.220508+00:00
2026-07-05,9c39120f2059c1fee0df606e5979d967,Kayla McBride,,,Connecticut Sun @ Minnesota Lynx,,player_points,pts,15.5,-110.0,-118.0,1,sportsbook,2026-07-07T00:00:00Z,Minnesota Lynx,Connecticut Sun,the-odds-api,2026-07-05T17:36:53.220508+00:00
2026-07-05,9c39120f2059c1fee0df606e5979d967,Brittney Griner,,,Connecticut Sun @ Minnesota Lynx,,player_points,pts,10.5,-124.5,-105.5,2,sportsbook,2026-07-07T00:00:00Z,Minnesota Lynx,Connecticut Sun,the-odds-api,2026-07-05T17:36:53.220508+00:00
2026-07-05,9c39120f2059c1fee0df606e5979d967,Nia Coffey,,,Connecticut Sun @ Minnesota Lynx,,player_points,pts,8.5,-117.5,-111.5,2,sportsbook,2026-07-07T00:00:00Z,Minnesota Lynx,Connecticut Sun,the-odds-api,2026-07-05T17:36:53.220508+00:00
2026-07-05,9c39120f2059c1fee0df606e5979d967,Courtney Williams,,,Connecticut Sun @ Minnesota Lynx,,player_points,pts,15.5,-116.5,-112.5,2,sportsbook,2026-07-07T00:00:00Z,Minnesota Lynx,Connecticut Sun,the-odds-api,2026-07-05T17:36:53.220508+00:00
2026-07-05,9c39120f2059c1fee0df606e5979d967,Natasha Howard,,,Connecticut Sun @ Minnesota Lynx,,player_points,pts,16.5,-115.0,-114.0,2,sportsbook,2026-07-07T00:00:00Z,Minnesota Lynx,Connecticut Sun,the-odds-api,2026-07-05T17:36:53.220508+00:00
2026-07-05,9c39120f2059c1fee0df606e5979d967,Nia Coffey,,,Connecticut Sun @ Minnesota Lynx,,player_points_rebounds_assists,pra,17.5,-110.5,-121.0,2,sportsbook,2026-07-07T00:00:00Z,Minnesota Lynx,Connecticut Sun,the-odds-api,2026-07-05T17:36:53.220508+00:00
2026-07-05,9c39120f2059c1fee0df606e5979d967,Kayla McBride,,,Connecticut Sun @ Minnesota Lynx,,player_points_rebounds_assists,pra,21.5,-113.5,-117.0,2,sportsbook,2026-07-07T00:00:00Z,Minnesota Lynx,Connecticut Sun,the-odds-api,2026-07-05T17:36:53.220508+00:00
2026-07-05,9c39120f2059c1fee0df606e5979d967,Natasha Howard,,,Connecticut Sun @ Minnesota Lynx,,player_points_rebounds_assists,pra,27.5,-109.5,-123.0,2,sportsbook,2026-07-07T00:00:00Z,Minnesota Lynx,Connecticut Sun,the-odds-api,2026-07-05T17:36:53.220508+00:00
2026-07-05,9c39120f2059c1fee0df606e5979d967,Olivia Miles,,,Connecticut Sun @ Minnesota Lynx,,player_points_rebounds_assists,pra,29.5,-119.0,-112.0,2,sportsbook,2026-07-07T00:00:00Z,Minnesota Lynx,Connecticut Sun,the-odds-api,2026-07-05T17:36:53.220508+00:00
2026-07-05,9c39120f2059c1fee0df606e5979d967,Courtney Williams,,,Connecticut Sun @ Minnesota Lynx,,player_points_rebounds_assists,pra,25.5,-108.0,-124.5,2,sportsbook,2026-07-07T00:00:00Z,Minnesota Lynx,Connecticut Sun,the-odds-api,2026-07-05T17:36:53.220508+00:00
2026-07-05,9c39120f2059c1fee0df606e5979d967,Brittney Griner,,,Connecticut Sun @ Minnesota Lynx,,player_rebounds,reb,5.5,122.5,-166.0,2,sportsbook,2026-07-07T00:00:00Z,Minnesota Lynx,Connecticut Sun,the-odds-api,2026-07-05T17:36:53.220508+00:00
2026-07-05,9c39120f2059c1fee0df606e5979d967,Nia Coffey,,,Connecticut Sun @ Minnesota Lynx,,player_rebounds,reb,5.5,-148.0,110.0,2,sportsbook,2026-07-07T00:00:00Z,Minnesota Lynx,Connecticut Sun,the-odds-api,2026-07-05T17:36:53.220508+00:00
2026-07-05,9c39120f2059c1fee0df606e5979d967,Olivia Nelson-Ododa,,,Connecticut Sun @ Minnesota Lynx,,player_rebounds,reb,5.5,-144.5,107.0,2,sportsbook,2026-07-07T00:00:00Z,Minnesota Lynx,Connecticut Sun,the-odds-api,2026-07-05T17:36:53.220508+00:00
2026-07-05,9c39120f2059c1fee0df606e5979d967,Olivia Miles,,,Connecticut Sun @ Minnesota Lynx,,player_rebounds,reb,4.5,-104.5,-128.5,2,sportsbook,2026-07-07T00:00:00Z,Minnesota Lynx,Connecticut Sun,the-odds-api,2026-07-05T17:36:53.220508+00:00
2026-07-05,9c39120f2059c1fee0df606e5979d967,Kayla McBride,,,Connecticut Sun @ Minnesota Lynx,,player_rebounds,reb,3.5,101.5,-136.0,2,sportsbook,2026-07-07T00:00:00Z,Minnesota Lynx,Connecticut Sun,the-odds-api,2026-07-05T17:36:53.220508+00:00
2026-07-05,9c39120f2059c1fee0df606e5979d967,Courtney Williams,,,Connecticut Sun @ Minnesota Lynx,,player_rebounds,reb,5.5,120.5,-163.0,2,sportsbook,2026-07-07T00:00:00Z,Minnesota Lynx,Connecticut Sun,the-odds-api,2026-07-05T17:36:53.220508+00:00
2026-07-05,9c39120f2059c1fee0df606e5979d967,Natasha Howard,,,Connecticut Sun @ Minnesota Lynx,,player_rebounds,reb,7.5,-133.5,-0.5,2,sportsbook,2026-07-07T00:00:00Z,Minnesota Lynx,Connecticut Sun,the-odds-api,2026-07-05T17:36:53.220508+00:00
2026-07-05,9c39120f2059c1fee0df606e5979d967,Courtney Williams,,,Connecticut Sun @ Minnesota Lynx,,player_threes,threes,1.5,155.0,-211.5,2,sportsbook,2026-07-07T00:00:00Z,Minnesota Lynx,Connecticut Sun,the-odds-api,2026-07-05T17:36:53.220508+00:00
2026-07-05,9c39120f2059c1fee0df606e5979d967,Olivia Miles,,,Connecticut Sun @ Minnesota Lynx,,player_threes,threes,1.5,131.5,-177.5,2,sportsbook,2026-07-07T00:00:00Z,Minnesota Lynx,Connecticut Sun,the-odds-api,2026-07-05T17:36:53.220508+00:00
2026-07-05,9c39120f2059c1fee0df606e5979d967,Kayla McBride,,,Connecticut Sun @ Minnesota Lynx,,player_threes,threes,2.5,148.0,-200.0,1,sportsbook,2026-07-07T00:00:00Z,Minnesota Lynx,Connecticut Sun,the-odds-api,2026-07-05T17:36:53.220508+00:00
2026-07-05,9c39120f2059c1fee0df606e5979d967,Nia Coffey,,,Connecticut Sun @ Minnesota Lynx,,player_threes,threes,1.5,4.5,-140.5,2,sportsbook,2026-07-07T00:00:00Z,Minnesota Lynx,Connecticut Sun,the-odds-api,2026-07-05T17:36:53.220508+00:00
2026-07-05,9c39120f2059c1fee0df606e5979d967,Kayla McBride,,,Connecticut Sun @ Minnesota Lynx,,player_assists,ast,2.5,-123.0,-111.0,1,sportsbook,2026-07-07T00:00:00Z,Minnesota Lynx,Connecticut Sun,the-odds-api,2026-07-05T17:36:53.220508+00:00
2026-07-05,9c39120f2059c1fee0df606e5979d967,Natasha Howard,,,Connecticut Sun @ Minnesota Lynx,,player_assists,ast,2.5,-108.0,-126.0,1,sportsbook,2026-07-07T00:00:00Z,Minnesota Lynx,Connecticut Sun,the-odds-api,2026-07-05T17:36:53.220508+00:00
2026-07-05,9c39120f2059c1fee0df606e5979d967,Nia Coffey,,,Connecticut Sun @ Minnesota Lynx,,player_assists,ast,2.5,103.0,-140.0,1,sportsbook,2026-07-07T00:00:00Z,Minnesota Lynx,Connecticut Sun,the-odds-api,2026-07-05T17:36:53.220508+00:00
2026-07-05,9c39120f2059c1fee0df606e5979d967,Kayla McBride,,,Connecticut Sun @ Minnesota Lynx,,player_points,pts,14.5,-130.0,-102.0,1,sportsbook,2026-07-07T00:00:00Z,Minnesota Lynx,Connecticut Sun,the-odds-api,2026-07-05T17:36:53.220508+00:00
2026-07-05,9c39120f2059c1fee0df606e5979d967,Kayla McBride,,,Connecticut Sun @ Minnesota Lynx,,player_threes,threes,1.5,-194.0,141.0,1,sportsbook,2026-07-07T00:00:00Z,Minnesota Lynx,Connecticut Sun,the-odds-api,2026-07-05T17:36:53.220508+00:00
2026-07-05,4db4df7b4890e0ebc6a85982f4a85115,Natisha Hiedeman,,,Seattle Storm @ Los Angeles Sparks,,player_assists,ast,4.5,-136.0,101.0,2,sportsbook,2026-07-07T02:10:00Z,Los Angeles Sparks,Seattle Storm,the-odds-api,2026-07-05T17:36:54.484189+00:00
2026-07-05,4db4df7b4890e0ebc6a85982f4a85115,Dominique Malonga,,,Seattle Storm @ Los Angeles Sparks,,player_points,pts,18.5,-106.0,-124.0,2,sportsbook,2026-07-07T02:10:00Z,Los Angeles Sparks,Seattle Storm,the-odds-api,2026-07-05T17:36:54.484189+00:00
2026-07-05,4db4df7b4890e0ebc6a85982f4a85115,Nneka Ogwumike,,,Seattle Storm @ Los Angeles Sparks,,player_points,pts,17.5,-3.0,-127.5,2,sportsbook,2026-07-07T02:10:00Z,Los Angeles Sparks,Seattle Storm,the-odds-api,2026-07-05T17:36:54.484189+00:00
2026-07-05,4db4df7b4890e0ebc6a85982f4a85115,Rae Burrell,,,Seattle Storm @ Los Angeles Sparks,,player_points,pts,15.5,-128.5,-102.0,2,sportsbook,2026-07-07T02:10:00Z,Los Angeles Sparks,Seattle Storm,the-odds-api,2026-07-05T17:36:54.484189+00:00
2026-07-05,4db4df7b4890e0ebc6a85982f4a85115,Natisha Hiedeman,,,Seattle Storm @ Los Angeles Sparks,,player_points,pts,15.5,-118.0,-110.0,2,sportsbook,2026-07-07T02:10:00Z,Los Angeles Sparks,Seattle Storm,the-odds-api,2026-07-05T17:36:54.484189+00:00
2026-07-05,4db4df7b4890e0ebc6a85982f4a85115,Dearica Hamby,,,Seattle Storm @ Los Angeles Sparks,,player_points,pts,15.5,-2.5,-128.5,2,sportsbook,2026-07-07T02:10:00Z,Los Angeles Sparks,Seattle Storm,the-odds-api,2026-07-05T17:36:54.484189+00:00
2026-07-05,4db4df7b4890e0ebc6a85982f4a85115,Awa Fam,,,Seattle Storm @ Los Angeles Sparks,,player_points,pts,12.5,-114.5,-114.5,2,sportsbook,2026-07-07T02:10:00Z,Los Angeles Sparks,Seattle Storm,the-odds-api,2026-07-05T17:36:54.484189+00:00
2026-07-05,4db4df7b4890e0ebc6a85982f4a85115,Flau'jae Johnson,,,Seattle Storm @ Los Angeles Sparks,,player_points,pts,11.5,-125.5,-105.0,2,sportsbook,2026-07-07T02:10:00Z,Los Angeles Sparks,Seattle Storm,the-odds-api,2026-07-05T17:36:54.484189+00:00
2026-07-05,4db4df7b4890e0ebc6a85982f4a85115,Ariel Atkins,,,Seattle Storm @ Los Angeles Sparks,,player_points,pts,9.5,-127.0,-3.5,2,sportsbook,2026-07-07T02:10:00Z,Los Angeles Sparks,Seattle Storm,the-odds-api,2026-07-05T17:36:54.484189+00:00
2026-07-05,4db4df7b4890e0ebc6a85982f4a85115,Dominique Malonga,,,Seattle Storm @ Los Angeles Sparks,,player_points_rebounds_assists,pra,29.5,-114.5,-117.0,2,sportsbook,2026-07-07T02:10:00Z,Los Angeles Sparks,Seattle Storm,the-odds-api,2026-07-05T17:36:54.484189+00:00
2026-07-05,4db4df7b4890e0ebc6a85982f4a85115,Nneka Ogwumike,,,Seattle Storm @ Los Angeles Sparks,,player_points_rebounds_assists,pra,27.5,-112.5,-119.0,2,sportsbook,2026-07-07T02:10:00Z,Los Angeles Sparks,Seattle Storm,the-odds-api,2026-07-05T17:36:54.484189+00:00
2026-07-05,4db4df7b4890e0ebc6a85982f4a85115,Dearica Hamby,,,Seattle Storm @ Los Angeles Sparks,,player_points_rebounds_assists,pra,24.5,-129.0,-105.0,1,sportsbook,2026-07-07T02:10:00Z,Los Angeles Sparks,Seattle Storm,the-odds-api,2026-07-05T17:36:54.484189+00:00
2026-07-05,4db4df7b4890e0ebc6a85982f4a85115,Natisha Hiedeman,,,Seattle Storm @ Los Angeles Sparks,,player_points_rebounds_assists,pra,22.5,-125.0,-108.0,1,sportsbook,2026-07-07T02:10:00Z,Los Angeles Sparks,Seattle Storm,the-odds-api,2026-07-05T17:36:54.484189+00:00
2026-07-05,4db4df7b4890e0ebc6a85982f4a85115,Rae Burrell,,,Seattle Storm @ Los Angeles Sparks,,player_points_rebounds_assists,pra,21.5,-121.5,-110.5,2,sportsbook,2026-07-07T02:10:00Z,Los Angeles Sparks,Seattle Storm,the-odds-api,2026-07-05T17:36:54.484189+00:00
2026-07-05,4db4df7b4890e0ebc6a85982f4a85115,Flau'jae Johnson,,,Seattle Storm @ Los Angeles Sparks,,player_points_rebounds_assists,pra,20.5,-127.5,-105.0,2,sportsbook,2026-07-07T02:10:00Z,Los Angeles Sparks,Seattle Storm,the-odds-api,2026-07-05T17:36:54.484189+00:00
2026-07-05,4db4df7b4890e0ebc6a85982f4a85115,Awa Fam,,,Seattle Storm @ Los Angeles Sparks,,player_points_rebounds_assists,pra,19.5,-127.5,-105.5,2,sportsbook,2026-07-07T02:10:00Z,Los Angeles Sparks,Seattle Storm,the-odds-api,2026-07-05T17:36:54.484189+00:00
2026-07-05,4db4df7b4890e0ebc6a85982f4a85115,Ariel Atkins,,,Seattle Storm @ Los Angeles Sparks,,player_points_rebounds_assists,pra,15.5,-115.0,-115.5,2,sportsbook,2026-07-07T02:10:00Z,Los Angeles Sparks,Seattle Storm,the-odds-api,2026-07-05T17:36:54.484189+00:00
2026-07-05,4db4df7b4890e0ebc6a85982f4a85115,Dominique Malonga,,,Seattle Storm @ Los Angeles Sparks,,player_rebounds,reb,8.5,-137.0,102.0,2,sportsbook,2026-07-07T02:10:00Z,Los Angeles Sparks,Seattle Storm,the-odds-api,2026-07-05T17:36:54.484189+00:00
2026-07-05,4db4df7b4890e0ebc6a85982f4a85115,Nneka Ogwumike,,,Seattle Storm @ Los Angeles Sparks,,player_rebounds,reb,7.5,-111.0,-120.5,2,sportsbook,2026-07-07T02:10:00Z,Los Angeles Sparks,Seattle Storm,the-odds-api,2026-07-05T17:36:54.484189+00:00
2026-07-05,4db4df7b4890e0ebc6a85982f4a85115,Dearica Hamby,,,Seattle Storm @ Los Angeles Sparks,,player_rebounds,reb,7.5,108.5,-146.0,2,sportsbook,2026-07-07T02:10:00Z,Los Angeles Sparks,Seattle Storm,the-odds-api,2026-07-05T17:36:54.484189+00:00
2026-07-05,4db4df7b4890e0ebc6a85982f4a85115,Flau'jae Johnson,,,Seattle Storm @ Los Angeles Sparks,,player_rebounds,reb,5.5,-145.5,108.0,2,sportsbook,2026-07-07T02:10:00Z,Los Angeles Sparks,Seattle Storm,the-odds-api,2026-07-05T17:36:54.484189+00:00
2026-07-05,4db4df7b4890e0ebc6a85982f4a85115,Awa Fam,,,Seattle Storm @ Los Angeles Sparks,,player_rebounds,reb,5.5,116.0,-155.5,2,sportsbook,2026-07-07T02:10:00Z,Los Angeles Sparks,Seattle Storm,the-odds-api,2026-07-05T17:36:54.484189+00:00
2026-07-05,4db4df7b4890e0ebc6a85982f4a85115,Natisha Hiedeman,,,Seattle Storm @ Los Angeles Sparks,,player_threes,threes,2.5,138.0,-187.0,2,sportsbook,2026-07-07T02:10:00Z,Los Angeles Sparks,Seattle Storm,the-odds-api,2026-07-05T17:36:54.484189+00:00
2026-07-05,4db4df7b4890e0ebc6a85982f4a85115,Awa Fam,,,Seattle Storm @ Los Angeles Sparks,,player_threes,threes,1.5,-132.5,-1.0,2,sportsbook,2026-07-07T02:10:00Z,Los Angeles Sparks,Seattle Storm,the-odds-api,2026-07-05T17:36:54.484189+00:00
2026-07-05,4db4df7b4890e0ebc6a85982f4a85115,Rae Burrell,,,Seattle Storm @ Los Angeles Sparks,,player_threes,threes,1.5,-114.0,-116.5,2,sportsbook,2026-07-07T02:10:00Z,Los Angeles Sparks,Seattle Storm,the-odds-api,2026-07-05T17:36:54.484189+00:00
2026-07-05,4db4df7b4890e0ebc6a85982f4a85115,Flau'jae Johnson,,,Seattle Storm @ Los Angeles Sparks,,player_threes,threes,1.5,103.5,-139.5,2,sportsbook,2026-07-07T02:10:00Z,Los Angeles Sparks,Seattle Storm,the-odds-api,2026-07-05T17:36:54.484189+00:00
2026-07-05,4db4df7b4890e0ebc6a85982f4a85115,Nneka Ogwumike,,,Seattle Storm @ Los Angeles Sparks,,player_threes,threes,1.5,136.5,-185.5,2,sportsbook,2026-07-07T02:10:00Z,Los Angeles Sparks,Seattle Storm,the-odds-api,2026-07-05T17:36:54.484189+00:00
2026-07-05,4db4df7b4890e0ebc6a85982f4a85115,Ariel Atkins,,,Seattle Storm @ Los Angeles Sparks,,player_threes,threes,1.5,165.0,-226.5,2,sportsbook,2026-07-07T02:10:00Z,Los Angeles Sparks,Seattle Storm,the-odds-api,2026-07-05T17:36:54.484189+00:00
2026-07-05,4db4df7b4890e0ebc6a85982f4a85115,Natisha Hiedeman,,,Seattle Storm @ Los Angeles Sparks,,player_points_rebounds_assists,pra,23.5,-104.0,-128.0,1,sportsbook,2026-07-07T02:10:00Z,Los Angeles Sparks,Seattle Storm,the-odds-api,2026-07-05T17:36:54.484189+00:00
2026-07-05,4db4df7b4890e0ebc6a85982f4a85115,Dearica Hamby,,,Seattle Storm @ Los Angeles Sparks,,player_points_rebounds_assists,pra,25.5,-106.0,-125.0,1,sportsbook,2026-07-07T02:10:00Z,Los Angeles Sparks,Seattle Storm,the-odds-api,2026-07-05T17:36:54.484189+00:00
