game_date,event_id,player,team,position,opp_team,is_home,stat_raw,stat,line,over_price,under_price,yes_price,no_price,num_books,odds_type,game_time,home_team,away_team,source,scraped_at
2026-07-13,59e806dd41a1cdd33be91c732ab446be,Jordin Canada,,,Los Angeles Sparks @ Atlanta Dream,,player_assists,ast,8.5,111.0,-150.33,,,4,sportsbook,2026-07-13T23:00:00Z,Atlanta Dream,Los Angeles Sparks,the-odds-api,2026-07-13T13:09:10.536020+00:00
2026-07-13,59e806dd41a1cdd33be91c732ab446be,Erica Wheeler,,,Los Angeles Sparks @ Atlanta Dream,,player_assists,ast,5.5,-116.6,-115.0,,,5,sportsbook,2026-07-13T23:00:00Z,Atlanta Dream,Los Angeles Sparks,the-odds-api,2026-07-13T13:09:10.536020+00:00
2026-07-13,59e806dd41a1cdd33be91c732ab446be,Rhyne Howard,,,Los Angeles Sparks @ Atlanta Dream,,player_assists,ast,3.5,-106.0,-125.5,,,5,sportsbook,2026-07-13T23:00:00Z,Atlanta Dream,Los Angeles Sparks,the-odds-api,2026-07-13T13:09:10.536020+00:00
2026-07-13,59e806dd41a1cdd33be91c732ab446be,Nneka Ogwumike,,,Los Angeles Sparks @ Atlanta Dream,,player_assists,ast,2.5,-165.0,125.0,,,2,sportsbook,2026-07-13T23:00:00Z,Atlanta Dream,Los Angeles Sparks,the-odds-api,2026-07-13T13:09:10.536020+00:00
2026-07-13,59e806dd41a1cdd33be91c732ab446be,Rae Burrell,,,Los Angeles Sparks @ Atlanta Dream,,player_assists,ast,2.5,-146.0,106.0,,,4,sportsbook,2026-07-13T23:00:00Z,Atlanta Dream,Los Angeles Sparks,the-odds-api,2026-07-13T13:09:10.536020+00:00
2026-07-13,59e806dd41a1cdd33be91c732ab446be,Nneka Ogwumike,,,Los Angeles Sparks @ Atlanta Dream,,player_double_double,dd,0.5,,,128.5,,4,sportsbook,2026-07-13T23:00:00Z,Atlanta Dream,Los Angeles Sparks,the-odds-api,2026-07-13T13:09:10.536020+00:00
2026-07-13,59e806dd41a1cdd33be91c732ab446be,Dearica Hamby,,,Los Angeles Sparks @ Atlanta Dream,,player_double_double,dd,0.5,,,184.25,,4,sportsbook,2026-07-13T23:00:00Z,Atlanta Dream,Los Angeles Sparks,the-odds-api,2026-07-13T13:09:10.536020+00:00
2026-07-13,59e806dd41a1cdd33be91c732ab446be,Jordin Canada,,,Los Angeles Sparks @ Atlanta Dream,,player_double_double,dd,0.5,,,304.5,,4,sportsbook,2026-07-13T23:00:00Z,Atlanta Dream,Los Angeles Sparks,the-odds-api,2026-07-13T13:09:10.536020+00:00
2026-07-13,59e806dd41a1cdd33be91c732ab446be,Naz Hillmon,,,Los Angeles Sparks @ Atlanta Dream,,player_double_double,dd,0.5,,,853.33,,3,sportsbook,2026-07-13T23:00:00Z,Atlanta Dream,Los Angeles Sparks,the-odds-api,2026-07-13T13:09:10.536020+00:00
2026-07-13,59e806dd41a1cdd33be91c732ab446be,Rhyne Howard,,,Los Angeles Sparks @ Atlanta Dream,,player_double_double,dd,0.5,,,1875.0,,4,sportsbook,2026-07-13T23:00:00Z,Atlanta Dream,Los Angeles Sparks,the-odds-api,2026-07-13T13:09:10.536020+00:00
2026-07-13,59e806dd41a1cdd33be91c732ab446be,Allisha Gray,,,Los Angeles Sparks @ Atlanta Dream,,player_double_double,dd,0.5,,,2800.0,,1,sportsbook,2026-07-13T23:00:00Z,Atlanta Dream,Los Angeles Sparks,the-odds-api,2026-07-13T13:09:10.536020+00:00
2026-07-13,59e806dd41a1cdd33be91c732ab446be,Allisha Gray,,,Los Angeles Sparks @ Atlanta Dream,,player_points,pts,20.5,-126.0,-103.5,,,5,sportsbook,2026-07-13T23:00:00Z,Atlanta Dream,Los Angeles Sparks,the-odds-api,2026-07-13T13:09:10.536020+00:00
2026-07-13,59e806dd41a1cdd33be91c732ab446be,Rhyne Howard,,,Los Angeles Sparks @ Atlanta Dream,,player_points,pts,19.5,-117.2,-112.25,,,5,sportsbook,2026-07-13T23:00:00Z,Atlanta Dream,Los Angeles Sparks,the-odds-api,2026-07-13T13:09:10.536020+00:00
2026-07-13,59e806dd41a1cdd33be91c732ab446be,Nneka Ogwumike,,,Los Angeles Sparks @ Atlanta Dream,,player_points,pts,16.5,-120.5,-107.0,,,2,sportsbook,2026-07-13T23:00:00Z,Atlanta Dream,Los Angeles Sparks,the-odds-api,2026-07-13T13:09:10.536020+00:00
2026-07-13,59e806dd41a1cdd33be91c732ab446be,Dearica Hamby,,,Los Angeles Sparks @ Atlanta Dream,,player_points,pts,16.5,20.8,-131.5,,,5,sportsbook,2026-07-13T23:00:00Z,Atlanta Dream,Los Angeles Sparks,the-odds-api,2026-07-13T13:09:10.536020+00:00
2026-07-13,59e806dd41a1cdd33be91c732ab446be,Rae Burrell,,,Los Angeles Sparks @ Atlanta Dream,,player_points,pts,14.5,-113.0,-115.75,,,5,sportsbook,2026-07-13T23:00:00Z,Atlanta Dream,Los Angeles Sparks,the-odds-api,2026-07-13T13:09:10.536020+00:00
2026-07-13,59e806dd41a1cdd33be91c732ab446be,Jordin Canada,,,Los Angeles Sparks @ Atlanta Dream,,player_points,pts,11.5,-111.2,-120.0,,,5,sportsbook,2026-07-13T23:00:00Z,Atlanta Dream,Los Angeles Sparks,the-odds-api,2026-07-13T13:09:10.536020+00:00
2026-07-13,59e806dd41a1cdd33be91c732ab446be,Naz Hillmon,,,Los Angeles Sparks @ Atlanta Dream,,player_points,pts,10.5,-119.6,-111.0,,,5,sportsbook,2026-07-13T23:00:00Z,Atlanta Dream,Los Angeles Sparks,the-odds-api,2026-07-13T13:09:10.536020+00:00
2026-07-13,59e806dd41a1cdd33be91c732ab446be,Ariel Atkins,,,Los Angeles Sparks @ Atlanta Dream,,player_points,pts,10.5,-64.8,-125.75,,,5,sportsbook,2026-07-13T23:00:00Z,Atlanta Dream,Los Angeles Sparks,the-odds-api,2026-07-13T13:09:10.536020+00:00
2026-07-13,59e806dd41a1cdd33be91c732ab446be,Erica Wheeler,,,Los Angeles Sparks @ Atlanta Dream,,player_points,pts,9.5,20.0,-132.5,,,5,sportsbook,2026-07-13T23:00:00Z,Atlanta Dream,Los Angeles Sparks,the-odds-api,2026-07-13T13:09:10.536020+00:00
2026-07-13,59e806dd41a1cdd33be91c732ab446be,Rhyne Howard,,,Los Angeles Sparks @ Atlanta Dream,,player_points_assists,pa,23.5,-108.5,-123.0,,,2,sportsbook,2026-07-13T23:00:00Z,Atlanta Dream,Los Angeles Sparks,the-odds-api,2026-07-13T13:09:10.536020+00:00
2026-07-13,59e806dd41a1cdd33be91c732ab446be,Nneka Ogwumike,,,Los Angeles Sparks @ Atlanta Dream,,player_points_assists,pa,19.5,-127.0,-107.0,,,1,sportsbook,2026-07-13T23:00:00Z,Atlanta Dream,Los Angeles Sparks,the-odds-api,2026-07-13T13:09:10.536020+00:00
2026-07-13,59e806dd41a1cdd33be91c732ab446be,Jordin Canada,,,Los Angeles Sparks @ Atlanta Dream,,player_points_assists,pa,19.5,-120.0,-111.5,,,2,sportsbook,2026-07-13T23:00:00Z,Atlanta Dream,Los Angeles Sparks,the-odds-api,2026-07-13T13:09:10.536020+00:00
2026-07-13,59e806dd41a1cdd33be91c732ab446be,Rae Burrell,,,Los Angeles Sparks @ Atlanta Dream,,player_points_assists,pa,17.5,-114.5,-117.0,,,2,sportsbook,2026-07-13T23:00:00Z,Atlanta Dream,Los Angeles Sparks,the-odds-api,2026-07-13T13:09:10.536020+00:00
2026-07-13,59e806dd41a1cdd33be91c732ab446be,Erica Wheeler,,,Los Angeles Sparks @ Atlanta Dream,,player_points_assists,pa,14.5,-130.5,-103.0,,,2,sportsbook,2026-07-13T23:00:00Z,Atlanta Dream,Los Angeles Sparks,the-odds-api,2026-07-13T13:09:10.536020+00:00
2026-07-13,59e806dd41a1cdd33be91c732ab446be,Nneka Ogwumike,,,Los Angeles Sparks @ Atlanta Dream,,player_points_rebounds,pr,25.5,-128.0,-107.0,,,1,sportsbook,2026-07-13T23:00:00Z,Atlanta Dream,Los Angeles Sparks,the-odds-api,2026-07-13T13:09:10.536020+00:00
2026-07-13,59e806dd41a1cdd33be91c732ab446be,Allisha Gray,,,Los Angeles Sparks @ Atlanta Dream,,player_points_rebounds,pr,24.5,-124.5,-106.5,,,2,sportsbook,2026-07-13T23:00:00Z,Atlanta Dream,Los Angeles Sparks,the-odds-api,2026-07-13T13:09:10.536020+00:00
2026-07-13,59e806dd41a1cdd33be91c732ab446be,Dearica Hamby,,,Los Angeles Sparks @ Atlanta Dream,,player_points_rebounds,pr,24.5,-112.0,-119.5,,,2,sportsbook,2026-07-13T23:00:00Z,Atlanta Dream,Los Angeles Sparks,the-odds-api,2026-07-13T13:09:10.536020+00:00
2026-07-13,59e806dd41a1cdd33be91c732ab446be,Rhyne Howard,,,Los Angeles Sparks @ Atlanta Dream,,player_points_rebounds,pr,24.5,-111.0,-122.0,,,1,sportsbook,2026-07-13T23:00:00Z,Atlanta Dream,Los Angeles Sparks,the-odds-api,2026-07-13T13:09:10.536020+00:00
2026-07-13,59e806dd41a1cdd33be91c732ab446be,Rae Burrell,,,Los Angeles Sparks @ Atlanta Dream,,player_points_rebounds,pr,16.5,-123.0,-110.0,,,1,sportsbook,2026-07-13T23:00:00Z,Atlanta Dream,Los Angeles Sparks,the-odds-api,2026-07-13T13:09:10.536020+00:00
2026-07-13,59e806dd41a1cdd33be91c732ab446be,Naz Hillmon,,,Los Angeles Sparks @ Atlanta Dream,,player_points_rebounds,pr,16.5,-125.5,-107.0,,,2,sportsbook,2026-07-13T23:00:00Z,Atlanta Dream,Los Angeles Sparks,the-odds-api,2026-07-13T13:09:10.536020+00:00
2026-07-13,59e806dd41a1cdd33be91c732ab446be,Jordin Canada,,,Los Angeles Sparks @ Atlanta Dream,,player_points_rebounds,pr,15.5,-116.5,-115.5,,,2,sportsbook,2026-07-13T23:00:00Z,Atlanta Dream,Los Angeles Sparks,the-odds-api,2026-07-13T13:09:10.536020+00:00
2026-07-13,59e806dd41a1cdd33be91c732ab446be,Ariel Atkins,,,Los Angeles Sparks @ Atlanta Dream,,player_points_rebounds,pr,13.5,-109.5,-122.5,,,2,sportsbook,2026-07-13T23:00:00Z,Atlanta Dream,Los Angeles Sparks,the-odds-api,2026-07-13T13:09:10.536020+00:00
2026-07-13,59e806dd41a1cdd33be91c732ab446be,Nneka Ogwumike,,,Los Angeles Sparks @ Atlanta Dream,,player_points_rebounds_assists,pra,29.5,-58.0,-120.0,,,4,sportsbook,2026-07-13T23:00:00Z,Atlanta Dream,Los Angeles Sparks,the-odds-api,2026-07-13T13:09:10.536020+00:00
2026-07-13,59e806dd41a1cdd33be91c732ab446be,Allisha Gray,,,Los Angeles Sparks @ Atlanta Dream,,player_points_rebounds_assists,pra,27.5,-115.75,-113.33,,,4,sportsbook,2026-07-13T23:00:00Z,Atlanta Dream,Los Angeles Sparks,the-odds-api,2026-07-13T13:09:10.536020+00:00
2026-07-13,59e806dd41a1cdd33be91c732ab446be,Rhyne Howard,,,Los Angeles Sparks @ Atlanta Dream,,player_points_rebounds_assists,pra,27.5,-123.0,-111.0,,,1,sportsbook,2026-07-13T23:00:00Z,Atlanta Dream,Los Angeles Sparks,the-odds-api,2026-07-13T13:09:10.536020+00:00
2026-07-13,59e806dd41a1cdd33be91c732ab446be,Dearica Hamby,,,Los Angeles Sparks @ Atlanta Dream,,player_points_rebounds_assists,pra,27.5,-111.0,-120.0,,,4,sportsbook,2026-07-13T23:00:00Z,Atlanta Dream,Los Angeles Sparks,the-odds-api,2026-07-13T13:09:10.536020+00:00
2026-07-13,59e806dd41a1cdd33be91c732ab446be,Jordin Canada,,,Los Angeles Sparks @ Atlanta Dream,,player_points_rebounds_assists,pra,23.5,-123.67,-107.0,,,3,sportsbook,2026-07-13T23:00:00Z,Atlanta Dream,Los Angeles Sparks,the-odds-api,2026-07-13T13:09:10.536020+00:00
2026-07-13,59e806dd41a1cdd33be91c732ab446be,Rae Burrell,,,Los Angeles Sparks @ Atlanta Dream,,player_points_rebounds_assists,pra,19.5,-124.5,-109.0,,,2,sportsbook,2026-07-13T23:00:00Z,Atlanta Dream,Los Angeles Sparks,the-odds-api,2026-07-13T13:09:10.536020+00:00
2026-07-13,59e806dd41a1cdd33be91c732ab446be,Ariel Atkins,,,Los Angeles Sparks @ Atlanta Dream,,player_points_rebounds_assists,pra,15.5,-123.0,-107.67,,,3,sportsbook,2026-07-13T23:00:00Z,Atlanta Dream,Los Angeles Sparks,the-odds-api,2026-07-13T13:09:10.536020+00:00
2026-07-13,59e806dd41a1cdd33be91c732ab446be,Nneka Ogwumike,,,Los Angeles Sparks @ Atlanta Dream,,player_rebounds,reb,8.5,-133.0,50.25,,,5,sportsbook,2026-07-13T23:00:00Z,Atlanta Dream,Los Angeles Sparks,the-odds-api,2026-07-13T13:09:10.536020+00:00
2026-07-13,59e806dd41a1cdd33be91c732ab446be,Dearica Hamby,,,Los Angeles Sparks @ Atlanta Dream,,player_rebounds,reb,8.5,23.8,-142.25,,,5,sportsbook,2026-07-13T23:00:00Z,Atlanta Dream,Los Angeles Sparks,the-odds-api,2026-07-13T13:09:10.536020+00:00
2026-07-13,59e806dd41a1cdd33be91c732ab446be,Naz Hillmon,,,Los Angeles Sparks @ Atlanta Dream,,player_rebounds,reb,5.5,-148.8,112.75,,,5,sportsbook,2026-07-13T23:00:00Z,Atlanta Dream,Los Angeles Sparks,the-odds-api,2026-07-13T13:09:10.536020+00:00
2026-07-13,59e806dd41a1cdd33be91c732ab446be,Rhyne Howard,,,Los Angeles Sparks @ Atlanta Dream,,player_rebounds,reb,4.5,-111.8,-120.0,,,5,sportsbook,2026-07-13T23:00:00Z,Atlanta Dream,Los Angeles Sparks,the-odds-api,2026-07-13T13:09:10.536020+00:00
2026-07-13,59e806dd41a1cdd33be91c732ab446be,Jordin Canada,,,Los Angeles Sparks @ Atlanta Dream,,player_rebounds,reb,4.5,126.5,-169.0,,,4,sportsbook,2026-07-13T23:00:00Z,Atlanta Dream,Los Angeles Sparks,the-odds-api,2026-07-13T13:09:10.536020+00:00
2026-07-13,59e806dd41a1cdd33be91c732ab446be,Allisha Gray,,,Los Angeles Sparks @ Atlanta Dream,,player_rebounds,reb,3.5,-140.0,104.75,,,5,sportsbook,2026-07-13T23:00:00Z,Atlanta Dream,Los Angeles Sparks,the-odds-api,2026-07-13T13:09:10.536020+00:00
2026-07-13,59e806dd41a1cdd33be91c732ab446be,Ariel Atkins,,,Los Angeles Sparks @ Atlanta Dream,,player_rebounds,reb,2.5,-163.0,124.0,,,2,sportsbook,2026-07-13T23:00:00Z,Atlanta Dream,Los Angeles Sparks,the-odds-api,2026-07-13T13:09:10.536020+00:00
2026-07-13,59e806dd41a1cdd33be91c732ab446be,Rae Burrell,,,Los Angeles Sparks @ Atlanta Dream,,player_rebounds,reb,2.5,103.0,-138.0,,,3,sportsbook,2026-07-13T23:00:00Z,Atlanta Dream,Los Angeles Sparks,the-odds-api,2026-07-13T13:09:10.536020+00:00
2026-07-13,59e806dd41a1cdd33be91c732ab446be,Jordin Canada,,,Los Angeles Sparks @ Atlanta Dream,,player_rebounds_assists,ra,12.5,1.5,-136.5,,,2,sportsbook,2026-07-13T23:00:00Z,Atlanta Dream,Los Angeles Sparks,the-odds-api,2026-07-13T13:09:10.536020+00:00
2026-07-13,59e806dd41a1cdd33be91c732ab446be,Nneka Ogwumike,,,Los Angeles Sparks @ Atlanta Dream,,player_rebounds_assists,ra,12.5,101.5,-136.0,,,2,sportsbook,2026-07-13T23:00:00Z,Atlanta Dream,Los Angeles Sparks,the-odds-api,2026-07-13T13:09:10.536020+00:00
2026-07-13,59e806dd41a1cdd33be91c732ab446be,Rhyne Howard,,,Los Angeles Sparks @ Atlanta Dream,,player_rebounds_assists,ra,7.5,-150.0,110.0,,,1,sportsbook,2026-07-13T23:00:00Z,Atlanta Dream,Los Angeles Sparks,the-odds-api,2026-07-13T13:09:10.536020+00:00
2026-07-13,59e806dd41a1cdd33be91c732ab446be,Rhyne Howard,,,Los Angeles Sparks @ Atlanta Dream,,player_threes,threes,3.5,140.67,-189.0,,,3,sportsbook,2026-07-13T23:00:00Z,Atlanta Dream,Los Angeles Sparks,the-odds-api,2026-07-13T13:09:10.536020+00:00
2026-07-13,59e806dd41a1cdd33be91c732ab446be,Allisha Gray,,,Los Angeles Sparks @ Atlanta Dream,,player_threes,threes,1.5,-149.83,110.75,,,5,sportsbook,2026-07-13T23:00:00Z,Atlanta Dream,Los Angeles Sparks,the-odds-api,2026-07-13T13:09:10.536020+00:00
2026-07-13,59e806dd41a1cdd33be91c732ab446be,Rae Burrell,,,Los Angeles Sparks @ Atlanta Dream,,player_threes,threes,1.5,121.0,-162.0,,,5,sportsbook,2026-07-13T23:00:00Z,Atlanta Dream,Los Angeles Sparks,the-odds-api,2026-07-13T13:09:10.536020+00:00
2026-07-13,59e806dd41a1cdd33be91c732ab446be,Ariel Atkins,,,Los Angeles Sparks @ Atlanta Dream,,player_threes,threes,1.5,140.33,-182.75,,,5,sportsbook,2026-07-13T23:00:00Z,Atlanta Dream,Los Angeles Sparks,the-odds-api,2026-07-13T13:09:10.536020+00:00
2026-07-13,59e806dd41a1cdd33be91c732ab446be,Nneka Ogwumike,,,Los Angeles Sparks @ Atlanta Dream,,player_threes,threes,1.5,122.0,-168.25,,,5,sportsbook,2026-07-13T23:00:00Z,Atlanta Dream,Los Angeles Sparks,the-odds-api,2026-07-13T13:09:10.536020+00:00
2026-07-13,59e806dd41a1cdd33be91c732ab446be,Erica Wheeler,,,Los Angeles Sparks @ Atlanta Dream,,player_threes,threes,1.5,150.5,-207.25,,,5,sportsbook,2026-07-13T23:00:00Z,Atlanta Dream,Los Angeles Sparks,the-odds-api,2026-07-13T13:09:10.536020+00:00
2026-07-13,59e806dd41a1cdd33be91c732ab446be,Naz Hillmon,,,Los Angeles Sparks @ Atlanta Dream,,player_threes,threes,1.5,147.33,-206.75,,,5,sportsbook,2026-07-13T23:00:00Z,Atlanta Dream,Los Angeles Sparks,the-odds-api,2026-07-13T13:09:10.536020+00:00
2026-07-13,59e806dd41a1cdd33be91c732ab446be,Nneka Ogwumike,,,Los Angeles Sparks @ Atlanta Dream,,player_assists,ast,3.5,132.0,-174.5,,,2,sportsbook,2026-07-13T23:00:00Z,Atlanta Dream,Los Angeles Sparks,the-odds-api,2026-07-13T13:09:10.536020+00:00
2026-07-13,59e806dd41a1cdd33be91c732ab446be,Jordin Canada,,,Los Angeles Sparks @ Atlanta Dream,,player_assists,ast,7.5,-152.0,114.0,,,1,sportsbook,2026-07-13T23:00:00Z,Atlanta Dream,Los Angeles Sparks,the-odds-api,2026-07-13T13:09:10.536020+00:00
2026-07-13,59e806dd41a1cdd33be91c732ab446be,Erica Wheeler,,,Los Angeles Sparks @ Atlanta Dream,,player_double_double,dd,0.5,,,1700.0,,1,sportsbook,2026-07-13T23:00:00Z,Atlanta Dream,Los Angeles Sparks,the-odds-api,2026-07-13T13:09:10.536020+00:00
2026-07-13,59e806dd41a1cdd33be91c732ab446be,Nneka Ogwumike,,,Los Angeles Sparks @ Atlanta Dream,,player_points,pts,17.5,-50.25,-127.67,,,4,sportsbook,2026-07-13T23:00:00Z,Atlanta Dream,Los Angeles Sparks,the-odds-api,2026-07-13T13:09:10.536020+00:00
2026-07-13,59e806dd41a1cdd33be91c732ab446be,Nneka Ogwumike,,,Los Angeles Sparks @ Atlanta Dream,,player_points_assists,pa,20.5,-112.0,-118.0,,,1,sportsbook,2026-07-13T23:00:00Z,Atlanta Dream,Los Angeles Sparks,the-odds-api,2026-07-13T13:09:10.536020+00:00
2026-07-13,59e806dd41a1cdd33be91c732ab446be,Nneka Ogwumike,,,Los Angeles Sparks @ Atlanta Dream,,player_points_rebounds,pr,26.5,-112.0,-118.0,,,1,sportsbook,2026-07-13T23:00:00Z,Atlanta Dream,Los Angeles Sparks,the-odds-api,2026-07-13T13:09:10.536020+00:00
2026-07-13,59e806dd41a1cdd33be91c732ab446be,Rae Burrell,,,Los Angeles Sparks @ Atlanta Dream,,player_points_rebounds,pr,17.5,-106.0,-125.0,,,1,sportsbook,2026-07-13T23:00:00Z,Atlanta Dream,Los Angeles Sparks,the-odds-api,2026-07-13T13:09:10.536020+00:00
2026-07-13,59e806dd41a1cdd33be91c732ab446be,Rae Burrell,,,Los Angeles Sparks @ Atlanta Dream,,player_points_rebounds_assists,pra,20.5,-102.5,-127.5,,,2,sportsbook,2026-07-13T23:00:00Z,Atlanta Dream,Los Angeles Sparks,the-odds-api,2026-07-13T13:09:10.536020+00:00
2026-07-13,59e806dd41a1cdd33be91c732ab446be,Rhyne Howard,,,Los Angeles Sparks @ Atlanta Dream,,player_points_rebounds_assists,pra,28.5,-35.33,-131.0,,,3,sportsbook,2026-07-13T23:00:00Z,Atlanta Dream,Los Angeles Sparks,the-odds-api,2026-07-13T13:09:10.536020+00:00
2026-07-13,59e806dd41a1cdd33be91c732ab446be,Ariel Atkins,,,Los Angeles Sparks @ Atlanta Dream,,player_rebounds,reb,3.5,147.0,-196.0,,,2,sportsbook,2026-07-13T23:00:00Z,Atlanta Dream,Los Angeles Sparks,the-odds-api,2026-07-13T13:09:10.536020+00:00
2026-07-13,59e806dd41a1cdd33be91c732ab446be,Rhyne Howard,,,Los Angeles Sparks @ Atlanta Dream,,player_rebounds_assists,ra,8.5,108.0,-144.0,,,1,sportsbook,2026-07-13T23:00:00Z,Atlanta Dream,Los Angeles Sparks,the-odds-api,2026-07-13T13:09:10.536020+00:00
2026-07-13,59e806dd41a1cdd33be91c732ab446be,Rae Burrell,,,Los Angeles Sparks @ Atlanta Dream,,player_rebounds_assists,ra,5.5,110.0,-146.0,,,1,sportsbook,2026-07-13T23:00:00Z,Atlanta Dream,Los Angeles Sparks,the-odds-api,2026-07-13T13:09:10.536020+00:00
2026-07-13,59e806dd41a1cdd33be91c732ab446be,Allisha Gray,,,Los Angeles Sparks @ Atlanta Dream,,player_assists,ast,3.5,200.0,-290.0,,,1,sportsbook,2026-07-13T23:00:00Z,Atlanta Dream,Los Angeles Sparks,the-odds-api,2026-07-13T13:09:10.536020+00:00
2026-07-13,59e806dd41a1cdd33be91c732ab446be,Rhyne Howard,,,Los Angeles Sparks @ Atlanta Dream,,player_threes,threes,2.5,-175.33,132.0,,,2,sportsbook,2026-07-13T23:00:00Z,Atlanta Dream,Los Angeles Sparks,the-odds-api,2026-07-13T13:09:10.536020+00:00
2026-07-13,59e806dd41a1cdd33be91c732ab446be,Allisha Gray,,,Los Angeles Sparks @ Atlanta Dream,,player_assists,ast,2.5,-125.0,102.0,,,2,sportsbook,2026-07-13T23:00:00Z,Atlanta Dream,Los Angeles Sparks,the-odds-api,2026-07-13T13:09:10.536020+00:00
2026-07-13,59e806dd41a1cdd33be91c732ab446be,Dearica Hamby,,,Los Angeles Sparks @ Atlanta Dream,,player_assists,ast,2.5,-142.0,109.0,,,2,sportsbook,2026-07-13T23:00:00Z,Atlanta Dream,Los Angeles Sparks,the-odds-api,2026-07-13T13:09:10.536020+00:00
2026-07-13,59e806dd41a1cdd33be91c732ab446be,Naz Hillmon,,,Los Angeles Sparks @ Atlanta Dream,,player_points,pts,11.5,106.0,,,,1,sportsbook,2026-07-13T23:00:00Z,Atlanta Dream,Los Angeles Sparks,the-odds-api,2026-07-13T13:09:10.536020+00:00
2026-07-13,59e806dd41a1cdd33be91c732ab446be,Rhyne Howard,,,Los Angeles Sparks @ Atlanta Dream,,player_points,pts,20.5,105.0,,,,1,sportsbook,2026-07-13T23:00:00Z,Atlanta Dream,Los Angeles Sparks,the-odds-api,2026-07-13T13:09:10.536020+00:00
2026-07-13,59e806dd41a1cdd33be91c732ab446be,Allisha Gray,,,Los Angeles Sparks @ Atlanta Dream,,player_points,pts,21.5,100.0,,,,1,sportsbook,2026-07-13T23:00:00Z,Atlanta Dream,Los Angeles Sparks,the-odds-api,2026-07-13T13:09:10.536020+00:00
2026-07-13,59e806dd41a1cdd33be91c732ab446be,Dearica Hamby,,,Los Angeles Sparks @ Atlanta Dream,,player_points,pts,15.5,-122.0,,,,1,sportsbook,2026-07-13T23:00:00Z,Atlanta Dream,Los Angeles Sparks,the-odds-api,2026-07-13T13:09:10.536020+00:00
2026-07-13,59e806dd41a1cdd33be91c732ab446be,Rhyne Howard,,,Los Angeles Sparks @ Atlanta Dream,,player_points,pts,18.5,-143.0,,,,1,sportsbook,2026-07-13T23:00:00Z,Atlanta Dream,Los Angeles Sparks,the-odds-api,2026-07-13T13:09:10.536020+00:00
2026-07-13,59e806dd41a1cdd33be91c732ab446be,Jordin Canada,,,Los Angeles Sparks @ Atlanta Dream,,player_points,pts,12.5,110.0,,,,1,sportsbook,2026-07-13T23:00:00Z,Atlanta Dream,Los Angeles Sparks,the-odds-api,2026-07-13T13:09:10.536020+00:00
2026-07-13,59e806dd41a1cdd33be91c732ab446be,Rae Burrell,,,Los Angeles Sparks @ Atlanta Dream,,player_points,pts,13.5,-137.0,,,,1,sportsbook,2026-07-13T23:00:00Z,Atlanta Dream,Los Angeles Sparks,the-odds-api,2026-07-13T13:09:10.536020+00:00
2026-07-13,59e806dd41a1cdd33be91c732ab446be,Jordin Canada,,,Los Angeles Sparks @ Atlanta Dream,,player_points_rebounds_assists,pra,24.5,-108.0,,,,1,sportsbook,2026-07-13T23:00:00Z,Atlanta Dream,Los Angeles Sparks,the-odds-api,2026-07-13T13:09:10.536020+00:00
2026-07-13,59e806dd41a1cdd33be91c732ab446be,Jordin Canada,,,Los Angeles Sparks @ Atlanta Dream,,player_rebounds,reb,3.5,-155.0,,,,1,sportsbook,2026-07-13T23:00:00Z,Atlanta Dream,Los Angeles Sparks,the-odds-api,2026-07-13T13:09:10.536020+00:00
2026-07-13,59e806dd41a1cdd33be91c732ab446be,Naz Hillmon,,,Los Angeles Sparks @ Atlanta Dream,,player_points_rebounds_assists,pra,18.5,-116.0,-111.0,,,1,sportsbook,2026-07-13T23:00:00Z,Atlanta Dream,Los Angeles Sparks,the-odds-api,2026-07-13T13:09:10.536020+00:00
2026-07-13,089163a3a05d1b2e8028fab27ad5605f,Alyssa Thomas,,,Phoenix Mercury @ Minnesota Lynx,,player_assists,ast,8.5,109.8,-147.5,,,5,sportsbook,2026-07-14T01:00:00Z,Minnesota Lynx,Phoenix Mercury,the-odds-api,2026-07-13T13:09:11.903545+00:00
2026-07-13,089163a3a05d1b2e8028fab27ad5605f,Olivia Miles,,,Phoenix Mercury @ Minnesota Lynx,,player_assists,ast,5.5,-143.4,109.75,,,5,sportsbook,2026-07-14T01:00:00Z,Minnesota Lynx,Phoenix Mercury,the-odds-api,2026-07-13T13:09:11.903545+00:00
2026-07-13,089163a3a05d1b2e8028fab27ad5605f,Courtney Williams,,,Phoenix Mercury @ Minnesota Lynx,,player_assists,ast,3.5,-149.25,112.25,,,4,sportsbook,2026-07-14T01:00:00Z,Minnesota Lynx,Phoenix Mercury,the-odds-api,2026-07-13T13:09:11.903545+00:00
2026-07-13,089163a3a05d1b2e8028fab27ad5605f,Kayla McBride,,,Phoenix Mercury @ Minnesota Lynx,,player_assists,ast,2.5,-157.0,120.33,,,4,sportsbook,2026-07-14T01:00:00Z,Minnesota Lynx,Phoenix Mercury,the-odds-api,2026-07-13T13:09:11.903545+00:00
2026-07-13,089163a3a05d1b2e8028fab27ad5605f,Nia Coffey,,,Phoenix Mercury @ Minnesota Lynx,,player_assists,ast,2.5,110.0,-147.0,,,4,sportsbook,2026-07-14T01:00:00Z,Minnesota Lynx,Phoenix Mercury,the-odds-api,2026-07-13T13:09:11.903545+00:00
2026-07-13,089163a3a05d1b2e8028fab27ad5605f,Alyssa Thomas,,,Phoenix Mercury @ Minnesota Lynx,,player_double_double,dd,0.5,,,139.25,,4,sportsbook,2026-07-14T01:00:00Z,Minnesota Lynx,Phoenix Mercury,the-odds-api,2026-07-13T13:09:11.903545+00:00
2026-07-13,089163a3a05d1b2e8028fab27ad5605f,Natasha Howard,,,Phoenix Mercury @ Minnesota Lynx,,player_double_double,dd,0.5,,,184.75,,4,sportsbook,2026-07-14T01:00:00Z,Minnesota Lynx,Phoenix Mercury,the-odds-api,2026-07-13T13:09:11.903545+00:00
2026-07-13,089163a3a05d1b2e8028fab27ad5605f,Olivia Miles,,,Phoenix Mercury @ Minnesota Lynx,,player_double_double,dd,0.5,,,605.0,,4,sportsbook,2026-07-14T01:00:00Z,Minnesota Lynx,Phoenix Mercury,the-odds-api,2026-07-13T13:09:11.903545+00:00
2026-07-13,089163a3a05d1b2e8028fab27ad5605f,Courtney Williams,,,Phoenix Mercury @ Minnesota Lynx,,player_double_double,dd,0.5,,,1240.0,,4,sportsbook,2026-07-14T01:00:00Z,Minnesota Lynx,Phoenix Mercury,the-odds-api,2026-07-13T13:09:11.903545+00:00
2026-07-13,089163a3a05d1b2e8028fab27ad5605f,DeWanna Bonner,,,Phoenix Mercury @ Minnesota Lynx,,player_double_double,dd,0.5,,,1300.0,,2,sportsbook,2026-07-14T01:00:00Z,Minnesota Lynx,Phoenix Mercury,the-odds-api,2026-07-13T13:09:11.903545+00:00
2026-07-13,089163a3a05d1b2e8028fab27ad5605f,Nia Coffey,,,Phoenix Mercury @ Minnesota Lynx,,player_double_double,dd,0.5,,,1940.0,,4,sportsbook,2026-07-14T01:00:00Z,Minnesota Lynx,Phoenix Mercury,the-odds-api,2026-07-13T13:09:11.903545+00:00
2026-07-13,089163a3a05d1b2e8028fab27ad5605f,Valeriane Ayayi,,,Phoenix Mercury @ Minnesota Lynx,,player_double_double,dd,0.5,,,2500.0,,1,sportsbook,2026-07-14T01:00:00Z,Minnesota Lynx,Phoenix Mercury,the-odds-api,2026-07-13T13:09:11.903545+00:00
2026-07-13,089163a3a05d1b2e8028fab27ad5605f,Kahleah Copper,,,Phoenix Mercury @ Minnesota Lynx,,player_double_double,dd,0.5,,,3100.0,,1,sportsbook,2026-07-14T01:00:00Z,Minnesota Lynx,Phoenix Mercury,the-odds-api,2026-07-13T13:09:11.903545+00:00
2026-07-13,089163a3a05d1b2e8028fab27ad5605f,Olivia Miles,,,Phoenix Mercury @ Minnesota Lynx,,player_points,pts,19.5,-65.6,-127.5,,,5,sportsbook,2026-07-14T01:00:00Z,Minnesota Lynx,Phoenix Mercury,the-odds-api,2026-07-13T13:09:11.903545+00:00
2026-07-13,089163a3a05d1b2e8028fab27ad5605f,Kahleah Copper,,,Phoenix Mercury @ Minnesota Lynx,,player_points,pts,19.5,-115.8,-117.0,,,5,sportsbook,2026-07-14T01:00:00Z,Minnesota Lynx,Phoenix Mercury,the-odds-api,2026-07-13T13:09:11.903545+00:00
2026-07-13,089163a3a05d1b2e8028fab27ad5605f,Courtney Williams,,,Phoenix Mercury @ Minnesota Lynx,,player_points,pts,16.5,-29.4,-122.0,,,5,sportsbook,2026-07-14T01:00:00Z,Minnesota Lynx,Phoenix Mercury,the-odds-api,2026-07-13T13:09:11.903545+00:00
2026-07-13,089163a3a05d1b2e8028fab27ad5605f,Kayla McBride,,,Phoenix Mercury @ Minnesota Lynx,,player_points,pts,16.5,-53.25,-125.33,,,4,sportsbook,2026-07-14T01:00:00Z,Minnesota Lynx,Phoenix Mercury,the-odds-api,2026-07-13T13:09:11.903545+00:00
2026-07-13,089163a3a05d1b2e8028fab27ad5605f,Natasha Howard,,,Phoenix Mercury @ Minnesota Lynx,,player_points,pts,15.5,-121.6,-106.25,,,5,sportsbook,2026-07-14T01:00:00Z,Minnesota Lynx,Phoenix Mercury,the-odds-api,2026-07-13T13:09:11.903545+00:00
2026-07-13,089163a3a05d1b2e8028fab27ad5605f,Alyssa Thomas,,,Phoenix Mercury @ Minnesota Lynx,,player_points,pts,13.5,-112.8,-117.25,,,5,sportsbook,2026-07-14T01:00:00Z,Minnesota Lynx,Phoenix Mercury,the-odds-api,2026-07-13T13:09:11.903545+00:00
2026-07-13,089163a3a05d1b2e8028fab27ad5605f,Valeriane Ayayi,,,Phoenix Mercury @ Minnesota Lynx,,player_points,pts,10.5,-116.8,-112.75,,,5,sportsbook,2026-07-14T01:00:00Z,Minnesota Lynx,Phoenix Mercury,the-odds-api,2026-07-13T13:09:11.903545+00:00
2026-07-13,089163a3a05d1b2e8028fab27ad5605f,Monique Akoa Makani,,,Phoenix Mercury @ Minnesota Lynx,,player_points,pts,9.5,-112.2,-117.5,,,5,sportsbook,2026-07-14T01:00:00Z,Minnesota Lynx,Phoenix Mercury,the-odds-api,2026-07-13T13:09:11.903545+00:00
2026-07-13,089163a3a05d1b2e8028fab27ad5605f,DeWanna Bonner,,,Phoenix Mercury @ Minnesota Lynx,,player_points,pts,9.5,-111.6,-119.25,,,5,sportsbook,2026-07-14T01:00:00Z,Minnesota Lynx,Phoenix Mercury,the-odds-api,2026-07-13T13:09:11.903545+00:00
2026-07-13,089163a3a05d1b2e8028fab27ad5605f,Nia Coffey,,,Phoenix Mercury @ Minnesota Lynx,,player_points,pts,7.5,-120.0,-111.5,,,5,sportsbook,2026-07-14T01:00:00Z,Minnesota Lynx,Phoenix Mercury,the-odds-api,2026-07-13T13:09:11.903545+00:00
2026-07-13,089163a3a05d1b2e8028fab27ad5605f,Olivia Miles,,,Phoenix Mercury @ Minnesota Lynx,,player_points_assists,pa,25.5,-108.0,-122.5,,,2,sportsbook,2026-07-14T01:00:00Z,Minnesota Lynx,Phoenix Mercury,the-odds-api,2026-07-13T13:09:11.903545+00:00
2026-07-13,089163a3a05d1b2e8028fab27ad5605f,Alyssa Thomas,,,Phoenix Mercury @ Minnesota Lynx,,player_points_assists,pa,21.5,-112.0,-121.0,,,1,sportsbook,2026-07-14T01:00:00Z,Minnesota Lynx,Phoenix Mercury,the-odds-api,2026-07-13T13:09:11.903545+00:00
2026-07-13,089163a3a05d1b2e8028fab27ad5605f,Courtney Williams,,,Phoenix Mercury @ Minnesota Lynx,,player_points_assists,pa,20.5,-112.5,-120.0,,,2,sportsbook,2026-07-14T01:00:00Z,Minnesota Lynx,Phoenix Mercury,the-odds-api,2026-07-13T13:09:11.903545+00:00
2026-07-13,089163a3a05d1b2e8028fab27ad5605f,Kayla McBride,,,Phoenix Mercury @ Minnesota Lynx,,player_points_assists,pa,19.5,-106.0,-126.5,,,2,sportsbook,2026-07-14T01:00:00Z,Minnesota Lynx,Phoenix Mercury,the-odds-api,2026-07-13T13:09:11.903545+00:00
2026-07-13,089163a3a05d1b2e8028fab27ad5605f,Natasha Howard,,,Phoenix Mercury @ Minnesota Lynx,,player_points_assists,pa,17.5,-122.0,-111.0,,,1,sportsbook,2026-07-14T01:00:00Z,Minnesota Lynx,Phoenix Mercury,the-odds-api,2026-07-13T13:09:11.903545+00:00
2026-07-13,089163a3a05d1b2e8028fab27ad5605f,Nia Coffey,,,Phoenix Mercury @ Minnesota Lynx,,player_points_assists,pa,10.5,-3.0,-130.0,,,2,sportsbook,2026-07-14T01:00:00Z,Minnesota Lynx,Phoenix Mercury,the-odds-api,2026-07-13T13:09:11.903545+00:00
2026-07-13,089163a3a05d1b2e8028fab27ad5605f,Natasha Howard,,,Phoenix Mercury @ Minnesota Lynx,,player_points_rebounds,pr,23.5,-130.0,-105.0,,,1,sportsbook,2026-07-14T01:00:00Z,Minnesota Lynx,Phoenix Mercury,the-odds-api,2026-07-13T13:09:11.903545+00:00
2026-07-13,089163a3a05d1b2e8028fab27ad5605f,Olivia Miles,,,Phoenix Mercury @ Minnesota Lynx,,player_points_rebounds,pr,23.5,-129.0,-104.0,,,2,sportsbook,2026-07-14T01:00:00Z,Minnesota Lynx,Phoenix Mercury,the-odds-api,2026-07-13T13:09:11.903545+00:00
2026-07-13,089163a3a05d1b2e8028fab27ad5605f,Kahleah Copper,,,Phoenix Mercury @ Minnesota Lynx,,player_points_rebounds,pr,22.5,-127.0,-107.0,,,1,sportsbook,2026-07-14T01:00:00Z,Minnesota Lynx,Phoenix Mercury,the-odds-api,2026-07-13T13:09:11.903545+00:00
2026-07-13,089163a3a05d1b2e8028fab27ad5605f,Courtney Williams,,,Phoenix Mercury @ Minnesota Lynx,,player_points_rebounds,pr,21.5,-120.5,-111.5,,,2,sportsbook,2026-07-14T01:00:00Z,Minnesota Lynx,Phoenix Mercury,the-odds-api,2026-07-13T13:09:11.903545+00:00
2026-07-13,089163a3a05d1b2e8028fab27ad5605f,Alyssa Thomas,,,Phoenix Mercury @ Minnesota Lynx,,player_points_rebounds,pr,20.5,-121.0,-111.5,,,2,sportsbook,2026-07-14T01:00:00Z,Minnesota Lynx,Phoenix Mercury,the-odds-api,2026-07-13T13:09:11.903545+00:00
2026-07-13,089163a3a05d1b2e8028fab27ad5605f,Kayla McBride,,,Phoenix Mercury @ Minnesota Lynx,,player_points_rebounds,pr,19.5,-119.0,-114.0,,,1,sportsbook,2026-07-14T01:00:00Z,Minnesota Lynx,Phoenix Mercury,the-odds-api,2026-07-13T13:09:11.903545+00:00
2026-07-13,089163a3a05d1b2e8028fab27ad5605f,DeWanna Bonner,,,Phoenix Mercury @ Minnesota Lynx,,player_points_rebounds,pr,15.5,-104.5,-128.5,,,2,sportsbook,2026-07-14T01:00:00Z,Minnesota Lynx,Phoenix Mercury,the-odds-api,2026-07-13T13:09:11.903545+00:00
2026-07-13,089163a3a05d1b2e8028fab27ad5605f,Valeriane Ayayi,,,Phoenix Mercury @ Minnesota Lynx,,player_points_rebounds,pr,14.5,-132.0,-103.0,,,1,sportsbook,2026-07-14T01:00:00Z,Minnesota Lynx,Phoenix Mercury,the-odds-api,2026-07-13T13:09:11.903545+00:00
2026-07-13,089163a3a05d1b2e8028fab27ad5605f,Nia Coffey,,,Phoenix Mercury @ Minnesota Lynx,,player_points_rebounds,pr,13.5,-106.0,-126.5,,,2,sportsbook,2026-07-14T01:00:00Z,Minnesota Lynx,Phoenix Mercury,the-odds-api,2026-07-13T13:09:11.903545+00:00
2026-07-13,089163a3a05d1b2e8028fab27ad5605f,Olivia Miles,,,Phoenix Mercury @ Minnesota Lynx,,player_points_rebounds_assists,pra,29.5,-123.0,-108.0,,,2,sportsbook,2026-07-14T01:00:00Z,Minnesota Lynx,Phoenix Mercury,the-odds-api,2026-07-13T13:09:11.903545+00:00
2026-07-13,089163a3a05d1b2e8028fab27ad5605f,Alyssa Thomas,,,Phoenix Mercury @ Minnesota Lynx,,player_points_rebounds_assists,pra,28.5,-118.0,-115.0,,,1,sportsbook,2026-07-14T01:00:00Z,Minnesota Lynx,Phoenix Mercury,the-odds-api,2026-07-13T13:09:11.903545+00:00
2026-07-13,089163a3a05d1b2e8028fab27ad5605f,Natasha Howard,,,Phoenix Mercury @ Minnesota Lynx,,player_points_rebounds_assists,pra,26.5,-114.33,-116.33,,,3,sportsbook,2026-07-14T01:00:00Z,Minnesota Lynx,Phoenix Mercury,the-odds-api,2026-07-13T13:09:11.903545+00:00
2026-07-13,089163a3a05d1b2e8028fab27ad5605f,Courtney Williams,,,Phoenix Mercury @ Minnesota Lynx,,player_points_rebounds_assists,pra,25.5,-118.0,-112.67,,,3,sportsbook,2026-07-14T01:00:00Z,Minnesota Lynx,Phoenix Mercury,the-odds-api,2026-07-13T13:09:11.903545+00:00
2026-07-13,089163a3a05d1b2e8028fab27ad5605f,Kahleah Copper,,,Phoenix Mercury @ Minnesota Lynx,,player_points_rebounds_assists,pra,24.5,-124.0,-109.0,,,1,sportsbook,2026-07-14T01:00:00Z,Minnesota Lynx,Phoenix Mercury,the-odds-api,2026-07-13T13:09:11.903545+00:00
2026-07-13,089163a3a05d1b2e8028fab27ad5605f,Kayla McBride,,,Phoenix Mercury @ Minnesota Lynx,,player_points_rebounds_assists,pra,22.5,-119.0,-108.33,,,4,sportsbook,2026-07-14T01:00:00Z,Minnesota Lynx,Phoenix Mercury,the-odds-api,2026-07-13T13:09:11.903545+00:00
2026-07-13,089163a3a05d1b2e8028fab27ad5605f,Nia Coffey,,,Phoenix Mercury @ Minnesota Lynx,,player_points_rebounds_assists,pra,15.5,-122.67,-107.67,,,3,sportsbook,2026-07-14T01:00:00Z,Minnesota Lynx,Phoenix Mercury,the-odds-api,2026-07-13T13:09:11.903545+00:00
2026-07-13,089163a3a05d1b2e8028fab27ad5605f,Monique Akoa Makani,,,Phoenix Mercury @ Minnesota Lynx,,player_points_rebounds_assists,pra,14.5,-120.33,-110.67,,,3,sportsbook,2026-07-14T01:00:00Z,Minnesota Lynx,Phoenix Mercury,the-odds-api,2026-07-13T13:09:11.903545+00:00
2026-07-13,089163a3a05d1b2e8028fab27ad5605f,Natasha Howard,,,Phoenix Mercury @ Minnesota Lynx,,player_rebounds,reb,8.5,104.0,-138.0,,,4,sportsbook,2026-07-14T01:00:00Z,Minnesota Lynx,Phoenix Mercury,the-odds-api,2026-07-13T13:09:11.903545+00:00
2026-07-13,089163a3a05d1b2e8028fab27ad5605f,Alyssa Thomas,,,Phoenix Mercury @ Minnesota Lynx,,player_rebounds,reb,6.5,-150.0,111.0,,,1,sportsbook,2026-07-14T01:00:00Z,Minnesota Lynx,Phoenix Mercury,the-odds-api,2026-07-13T13:09:11.903545+00:00
2026-07-13,089163a3a05d1b2e8028fab27ad5605f,DeWanna Bonner,,,Phoenix Mercury @ Minnesota Lynx,,player_rebounds,reb,5.5,-115.8,-112.75,,,5,sportsbook,2026-07-14T01:00:00Z,Minnesota Lynx,Phoenix Mercury,the-odds-api,2026-07-13T13:09:11.903545+00:00
2026-07-13,089163a3a05d1b2e8028fab27ad5605f,Nia Coffey,,,Phoenix Mercury @ Minnesota Lynx,,player_rebounds,reb,5.5,-63.4,-127.5,,,5,sportsbook,2026-07-14T01:00:00Z,Minnesota Lynx,Phoenix Mercury,the-odds-api,2026-07-13T13:09:11.903545+00:00
2026-07-13,089163a3a05d1b2e8028fab27ad5605f,Courtney Williams,,,Phoenix Mercury @ Minnesota Lynx,,player_rebounds,reb,5.5,118.6,-158.25,,,5,sportsbook,2026-07-14T01:00:00Z,Minnesota Lynx,Phoenix Mercury,the-odds-api,2026-07-13T13:09:11.903545+00:00
2026-07-13,089163a3a05d1b2e8028fab27ad5605f,Olivia Miles,,,Phoenix Mercury @ Minnesota Lynx,,player_rebounds,reb,4.5,-123.8,-107.25,,,5,sportsbook,2026-07-14T01:00:00Z,Minnesota Lynx,Phoenix Mercury,the-odds-api,2026-07-13T13:09:11.903545+00:00
2026-07-13,089163a3a05d1b2e8028fab27ad5605f,Valeriane Ayayi,,,Phoenix Mercury @ Minnesota Lynx,,player_rebounds,reb,4.5,64.0,-141.25,,,5,sportsbook,2026-07-14T01:00:00Z,Minnesota Lynx,Phoenix Mercury,the-odds-api,2026-07-13T13:09:11.903545+00:00
2026-07-13,089163a3a05d1b2e8028fab27ad5605f,Kahleah Copper,,,Phoenix Mercury @ Minnesota Lynx,,player_rebounds,reb,3.5,-134.0,-1.5,,,5,sportsbook,2026-07-14T01:00:00Z,Minnesota Lynx,Phoenix Mercury,the-odds-api,2026-07-13T13:09:11.903545+00:00
2026-07-13,089163a3a05d1b2e8028fab27ad5605f,Kayla McBride,,,Phoenix Mercury @ Minnesota Lynx,,player_rebounds,reb,3.5,64.0,-136.25,,,5,sportsbook,2026-07-14T01:00:00Z,Minnesota Lynx,Phoenix Mercury,the-odds-api,2026-07-13T13:09:11.903545+00:00
2026-07-13,089163a3a05d1b2e8028fab27ad5605f,Alyssa Thomas,,,Phoenix Mercury @ Minnesota Lynx,,player_rebounds_assists,ra,15.5,-107.0,-125.5,,,2,sportsbook,2026-07-14T01:00:00Z,Minnesota Lynx,Phoenix Mercury,the-odds-api,2026-07-13T13:09:11.903545+00:00
2026-07-13,089163a3a05d1b2e8028fab27ad5605f,Olivia Miles,,,Phoenix Mercury @ Minnesota Lynx,,player_rebounds_assists,ra,10.5,-121.0,-111.0,,,2,sportsbook,2026-07-14T01:00:00Z,Minnesota Lynx,Phoenix Mercury,the-odds-api,2026-07-13T13:09:11.903545+00:00
2026-07-13,089163a3a05d1b2e8028fab27ad5605f,Natasha Howard,,,Phoenix Mercury @ Minnesota Lynx,,player_rebounds_assists,ra,10.5,-107.5,-124.0,,,2,sportsbook,2026-07-14T01:00:00Z,Minnesota Lynx,Phoenix Mercury,the-odds-api,2026-07-13T13:09:11.903545+00:00
2026-07-13,089163a3a05d1b2e8028fab27ad5605f,Courtney Williams,,,Phoenix Mercury @ Minnesota Lynx,,player_rebounds_assists,ra,9.5,108.5,-146.0,,,2,sportsbook,2026-07-14T01:00:00Z,Minnesota Lynx,Phoenix Mercury,the-odds-api,2026-07-13T13:09:11.903545+00:00
2026-07-13,089163a3a05d1b2e8028fab27ad5605f,Nia Coffey,,,Phoenix Mercury @ Minnesota Lynx,,player_rebounds_assists,ra,7.5,-148.0,110.0,,,2,sportsbook,2026-07-14T01:00:00Z,Minnesota Lynx,Phoenix Mercury,the-odds-api,2026-07-13T13:09:11.903545+00:00
2026-07-13,089163a3a05d1b2e8028fab27ad5605f,Kayla McBride,,,Phoenix Mercury @ Minnesota Lynx,,player_rebounds_assists,ra,6.5,-101.5,-132.0,,,2,sportsbook,2026-07-14T01:00:00Z,Minnesota Lynx,Phoenix Mercury,the-odds-api,2026-07-13T13:09:11.903545+00:00
2026-07-13,089163a3a05d1b2e8028fab27ad5605f,Kayla McBride,,,Phoenix Mercury @ Minnesota Lynx,,player_threes,threes,2.5,-0.33,-135.25,,,5,sportsbook,2026-07-14T01:00:00Z,Minnesota Lynx,Phoenix Mercury,the-odds-api,2026-07-13T13:09:11.903545+00:00
2026-07-13,089163a3a05d1b2e8028fab27ad5605f,Kahleah Copper,,,Phoenix Mercury @ Minnesota Lynx,,player_threes,threes,1.5,-147.5,108.0,,,5,sportsbook,2026-07-14T01:00:00Z,Minnesota Lynx,Phoenix Mercury,the-odds-api,2026-07-13T13:09:11.903545+00:00
2026-07-13,089163a3a05d1b2e8028fab27ad5605f,DeWanna Bonner,,,Phoenix Mercury @ Minnesota Lynx,,player_threes,threes,1.5,124.83,-163.0,,,5,sportsbook,2026-07-14T01:00:00Z,Minnesota Lynx,Phoenix Mercury,the-odds-api,2026-07-13T13:09:11.903545+00:00
2026-07-13,089163a3a05d1b2e8028fab27ad5605f,Nia Coffey,,,Phoenix Mercury @ Minnesota Lynx,,player_threes,threes,1.5,132.67,-172.5,,,5,sportsbook,2026-07-14T01:00:00Z,Minnesota Lynx,Phoenix Mercury,the-odds-api,2026-07-13T13:09:11.903545+00:00
2026-07-13,089163a3a05d1b2e8028fab27ad5605f,Valeriane Ayayi,,,Phoenix Mercury @ Minnesota Lynx,,player_threes,threes,1.5,126.5,-170.5,,,5,sportsbook,2026-07-14T01:00:00Z,Minnesota Lynx,Phoenix Mercury,the-odds-api,2026-07-13T13:09:11.903545+00:00
2026-07-13,089163a3a05d1b2e8028fab27ad5605f,Courtney Williams,,,Phoenix Mercury @ Minnesota Lynx,,player_threes,threes,1.5,132.33,-183.0,,,5,sportsbook,2026-07-14T01:00:00Z,Minnesota Lynx,Phoenix Mercury,the-odds-api,2026-07-13T13:09:11.903545+00:00
2026-07-13,089163a3a05d1b2e8028fab27ad5605f,Olivia Miles,,,Phoenix Mercury @ Minnesota Lynx,,player_threes,threes,1.5,140.83,-194.25,,,5,sportsbook,2026-07-14T01:00:00Z,Minnesota Lynx,Phoenix Mercury,the-odds-api,2026-07-13T13:09:11.903545+00:00
2026-07-13,089163a3a05d1b2e8028fab27ad5605f,Alyssa Thomas,,,Phoenix Mercury @ Minnesota Lynx,,player_triple_double,td,0.5,,,850.0,,4,sportsbook,2026-07-14T01:00:00Z,Minnesota Lynx,Phoenix Mercury,the-odds-api,2026-07-13T13:09:11.903545+00:00
2026-07-13,089163a3a05d1b2e8028fab27ad5605f,Natasha Howard,,,Phoenix Mercury @ Minnesota Lynx,,player_assists,ast,2.5,153.0,-205.0,,,2,sportsbook,2026-07-14T01:00:00Z,Minnesota Lynx,Phoenix Mercury,the-odds-api,2026-07-13T13:09:11.903545+00:00
2026-07-13,089163a3a05d1b2e8028fab27ad5605f,Kayla McBride,,,Phoenix Mercury @ Minnesota Lynx,,player_points,pts,15.5,-130.0,104.0,,,2,sportsbook,2026-07-14T01:00:00Z,Minnesota Lynx,Phoenix Mercury,the-odds-api,2026-07-13T13:09:11.903545+00:00
2026-07-13,089163a3a05d1b2e8028fab27ad5605f,Natasha Howard,,,Phoenix Mercury @ Minnesota Lynx,,player_points_assists,pa,18.5,100.0,-132.0,,,1,sportsbook,2026-07-14T01:00:00Z,Minnesota Lynx,Phoenix Mercury,the-odds-api,2026-07-13T13:09:11.903545+00:00
2026-07-13,089163a3a05d1b2e8028fab27ad5605f,Alyssa Thomas,,,Phoenix Mercury @ Minnesota Lynx,,player_points_assists,pa,22.5,-102.0,-130.0,,,1,sportsbook,2026-07-14T01:00:00Z,Minnesota Lynx,Phoenix Mercury,the-odds-api,2026-07-13T13:09:11.903545+00:00
2026-07-13,089163a3a05d1b2e8028fab27ad5605f,Natasha Howard,,,Phoenix Mercury @ Minnesota Lynx,,player_points_rebounds,pr,24.5,-114.0,-114.0,,,1,sportsbook,2026-07-14T01:00:00Z,Minnesota Lynx,Phoenix Mercury,the-odds-api,2026-07-13T13:09:11.903545+00:00
2026-07-13,089163a3a05d1b2e8028fab27ad5605f,Kahleah Copper,,,Phoenix Mercury @ Minnesota Lynx,,player_points_rebounds,pr,23.5,-114.0,-114.0,,,1,sportsbook,2026-07-14T01:00:00Z,Minnesota Lynx,Phoenix Mercury,the-odds-api,2026-07-13T13:09:11.903545+00:00
2026-07-13,089163a3a05d1b2e8028fab27ad5605f,Valeriane Ayayi,,,Phoenix Mercury @ Minnesota Lynx,,player_points_rebounds,pr,15.5,100.0,-132.0,,,1,sportsbook,2026-07-14T01:00:00Z,Minnesota Lynx,Phoenix Mercury,the-odds-api,2026-07-13T13:09:11.903545+00:00
2026-07-13,089163a3a05d1b2e8028fab27ad5605f,Alyssa Thomas,,,Phoenix Mercury @ Minnesota Lynx,,player_points_rebounds_assists,pra,29.5,-39.33,-125.0,,,3,sportsbook,2026-07-14T01:00:00Z,Minnesota Lynx,Phoenix Mercury,the-odds-api,2026-07-13T13:09:11.903545+00:00
2026-07-13,089163a3a05d1b2e8028fab27ad5605f,Olivia Miles,,,Phoenix Mercury @ Minnesota Lynx,,player_points_rebounds_assists,pra,30.5,-110.0,-125.0,,,2,sportsbook,2026-07-14T01:00:00Z,Minnesota Lynx,Phoenix Mercury,the-odds-api,2026-07-13T13:09:11.903545+00:00
2026-07-13,089163a3a05d1b2e8028fab27ad5605f,Kahleah Copper,,,Phoenix Mercury @ Minnesota Lynx,,player_points_rebounds_assists,pra,25.5,-110.0,-119.0,,,2,sportsbook,2026-07-14T01:00:00Z,Minnesota Lynx,Phoenix Mercury,the-odds-api,2026-07-13T13:09:11.903545+00:00
2026-07-13,089163a3a05d1b2e8028fab27ad5605f,Alyssa Thomas,,,Phoenix Mercury @ Minnesota Lynx,,player_rebounds,reb,7.5,113.75,-151.0,,,4,sportsbook,2026-07-14T01:00:00Z,Minnesota Lynx,Phoenix Mercury,the-odds-api,2026-07-13T13:09:11.903545+00:00
2026-07-13,089163a3a05d1b2e8028fab27ad5605f,Natasha Howard,,,Phoenix Mercury @ Minnesota Lynx,,player_assists,ast,1.5,-195.0,,,,1,sportsbook,2026-07-14T01:00:00Z,Minnesota Lynx,Phoenix Mercury,the-odds-api,2026-07-13T13:09:11.903545+00:00
2026-07-13,089163a3a05d1b2e8028fab27ad5605f,Kahleah Copper,,,Phoenix Mercury @ Minnesota Lynx,,player_assists,ast,1.5,-165.0,,,,1,sportsbook,2026-07-14T01:00:00Z,Minnesota Lynx,Phoenix Mercury,the-odds-api,2026-07-13T13:09:11.903545+00:00
2026-07-13,089163a3a05d1b2e8028fab27ad5605f,Courtney Williams,,,Phoenix Mercury @ Minnesota Lynx,,player_assists,ast,4.5,118.0,,,,1,sportsbook,2026-07-14T01:00:00Z,Minnesota Lynx,Phoenix Mercury,the-odds-api,2026-07-13T13:09:11.903545+00:00
2026-07-13,089163a3a05d1b2e8028fab27ad5605f,Olivia Miles,,,Phoenix Mercury @ Minnesota Lynx,,player_points,pts,20.5,105.0,,,,1,sportsbook,2026-07-14T01:00:00Z,Minnesota Lynx,Phoenix Mercury,the-odds-api,2026-07-13T13:09:11.903545+00:00
2026-07-13,089163a3a05d1b2e8028fab27ad5605f,Nia Coffey,,,Phoenix Mercury @ Minnesota Lynx,,player_points,pts,8.5,107.0,,,,1,sportsbook,2026-07-14T01:00:00Z,Minnesota Lynx,Phoenix Mercury,the-odds-api,2026-07-13T13:09:11.903545+00:00
2026-07-13,089163a3a05d1b2e8028fab27ad5605f,Valeriane Ayayi,,,Phoenix Mercury @ Minnesota Lynx,,player_points,pts,11.5,110.0,,,,1,sportsbook,2026-07-14T01:00:00Z,Minnesota Lynx,Phoenix Mercury,the-odds-api,2026-07-13T13:09:11.903545+00:00
2026-07-13,089163a3a05d1b2e8028fab27ad5605f,DeWanna Bonner,,,Phoenix Mercury @ Minnesota Lynx,,player_points,pts,10.5,110.0,,,,1,sportsbook,2026-07-14T01:00:00Z,Minnesota Lynx,Phoenix Mercury,the-odds-api,2026-07-13T13:09:11.903545+00:00
2026-07-13,089163a3a05d1b2e8028fab27ad5605f,Monique Akoa Makani,,,Phoenix Mercury @ Minnesota Lynx,,player_points,pts,10.5,112.0,,,,1,sportsbook,2026-07-14T01:00:00Z,Minnesota Lynx,Phoenix Mercury,the-odds-api,2026-07-13T13:09:11.903545+00:00
2026-07-13,089163a3a05d1b2e8028fab27ad5605f,Olivia Miles,,,Phoenix Mercury @ Minnesota Lynx,,player_points,pts,18.5,-141.0,,,,1,sportsbook,2026-07-14T01:00:00Z,Minnesota Lynx,Phoenix Mercury,the-odds-api,2026-07-13T13:09:11.903545+00:00
2026-07-13,089163a3a05d1b2e8028fab27ad5605f,Courtney Williams,,,Phoenix Mercury @ Minnesota Lynx,,player_points,pts,15.5,-143.0,,,,1,sportsbook,2026-07-14T01:00:00Z,Minnesota Lynx,Phoenix Mercury,the-odds-api,2026-07-13T13:09:11.903545+00:00
2026-07-13,089163a3a05d1b2e8028fab27ad5605f,Natasha Howard,,,Phoenix Mercury @ Minnesota Lynx,,player_points,pts,14.5,-143.0,,,,1,sportsbook,2026-07-14T01:00:00Z,Minnesota Lynx,Phoenix Mercury,the-odds-api,2026-07-13T13:09:11.903545+00:00
2026-07-13,089163a3a05d1b2e8028fab27ad5605f,Courtney Williams,,,Phoenix Mercury @ Minnesota Lynx,,player_points,pts,17.5,110.0,,,,1,sportsbook,2026-07-14T01:00:00Z,Minnesota Lynx,Phoenix Mercury,the-odds-api,2026-07-13T13:09:11.903545+00:00
2026-07-13,089163a3a05d1b2e8028fab27ad5605f,Kahleah Copper,,,Phoenix Mercury @ Minnesota Lynx,,player_points,pts,20.5,-105.0,,,,1,sportsbook,2026-07-14T01:00:00Z,Minnesota Lynx,Phoenix Mercury,the-odds-api,2026-07-13T13:09:11.903545+00:00
2026-07-13,089163a3a05d1b2e8028fab27ad5605f,Kahleah Copper,,,Phoenix Mercury @ Minnesota Lynx,,player_points,pts,21.5,118.0,,,,1,sportsbook,2026-07-14T01:00:00Z,Minnesota Lynx,Phoenix Mercury,the-odds-api,2026-07-13T13:09:11.903545+00:00
2026-07-13,089163a3a05d1b2e8028fab27ad5605f,Natasha Howard,,,Phoenix Mercury @ Minnesota Lynx,,player_points,pts,16.5,110.0,,,,1,sportsbook,2026-07-14T01:00:00Z,Minnesota Lynx,Phoenix Mercury,the-odds-api,2026-07-13T13:09:11.903545+00:00
2026-07-13,089163a3a05d1b2e8028fab27ad5605f,Alyssa Thomas,,,Phoenix Mercury @ Minnesota Lynx,,player_points,pts,14.5,115.0,,,,1,sportsbook,2026-07-14T01:00:00Z,Minnesota Lynx,Phoenix Mercury,the-odds-api,2026-07-13T13:09:11.903545+00:00
2026-07-13,089163a3a05d1b2e8028fab27ad5605f,Kahleah Copper,,,Phoenix Mercury @ Minnesota Lynx,,player_points_rebounds_assists,pra,26.5,-106.0,,,,1,sportsbook,2026-07-14T01:00:00Z,Minnesota Lynx,Phoenix Mercury,the-odds-api,2026-07-13T13:09:11.903545+00:00
2026-07-13,089163a3a05d1b2e8028fab27ad5605f,Natasha Howard,,,Phoenix Mercury @ Minnesota Lynx,,player_points_rebounds_assists,pra,25.5,-120.0,,,,1,sportsbook,2026-07-14T01:00:00Z,Minnesota Lynx,Phoenix Mercury,the-odds-api,2026-07-13T13:09:11.903545+00:00
2026-07-13,089163a3a05d1b2e8028fab27ad5605f,Nia Coffey,,,Phoenix Mercury @ Minnesota Lynx,,player_points_rebounds_assists,pra,16.5,100.0,,,,1,sportsbook,2026-07-14T01:00:00Z,Minnesota Lynx,Phoenix Mercury,the-odds-api,2026-07-13T13:09:11.903545+00:00
2026-07-13,089163a3a05d1b2e8028fab27ad5605f,Courtney Williams,,,Phoenix Mercury @ Minnesota Lynx,,player_points_rebounds_assists,pra,26.5,-104.0,,,,1,sportsbook,2026-07-14T01:00:00Z,Minnesota Lynx,Phoenix Mercury,the-odds-api,2026-07-13T13:09:11.903545+00:00
2026-07-13,089163a3a05d1b2e8028fab27ad5605f,Natasha Howard,,,Phoenix Mercury @ Minnesota Lynx,,player_rebounds,reb,7.5,-139.0,,,,1,sportsbook,2026-07-14T01:00:00Z,Minnesota Lynx,Phoenix Mercury,the-odds-api,2026-07-13T13:09:11.903545+00:00
2026-07-13,c2ecfa7d05172b4ecf75b85d53482efe,Carla Leite,,,Portland Fire @ Connecticut Sun,,player_assists,ast,5.5,51.0,-134.25,,,4,sportsbook,2026-07-14T15:10:00Z,Connecticut Sun,Portland Fire,the-odds-api,2026-07-13T13:09:13.222809+00:00
2026-07-13,c2ecfa7d05172b4ecf75b85d53482efe,Leïla Lacan,,,Portland Fire @ Connecticut Sun,,player_assists,ast,4.5,114.5,-152.5,,,4,sportsbook,2026-07-14T15:10:00Z,Connecticut Sun,Portland Fire,the-odds-api,2026-07-13T13:09:13.222809+00:00
2026-07-13,c2ecfa7d05172b4ecf75b85d53482efe,Bridget Carleton,,,Portland Fire @ Connecticut Sun,,player_assists,ast,2.5,122.33,-162.67,,,3,sportsbook,2026-07-14T15:10:00Z,Connecticut Sun,Portland Fire,the-odds-api,2026-07-13T13:09:13.222809+00:00
2026-07-13,c2ecfa7d05172b4ecf75b85d53482efe,Olivia Nelson-Ododa,,,Portland Fire @ Connecticut Sun,,player_double_double,dd,0.5,,,545.0,,2,sportsbook,2026-07-14T15:10:00Z,Connecticut Sun,Portland Fire,the-odds-api,2026-07-13T13:09:13.222809+00:00
2026-07-13,c2ecfa7d05172b4ecf75b85d53482efe,Brittney Griner,,,Portland Fire @ Connecticut Sun,,player_double_double,dd,0.5,,,550.0,,2,sportsbook,2026-07-14T15:10:00Z,Connecticut Sun,Portland Fire,the-odds-api,2026-07-13T13:09:13.222809+00:00
2026-07-13,c2ecfa7d05172b4ecf75b85d53482efe,Carla Leite,,,Portland Fire @ Connecticut Sun,,player_double_double,dd,0.5,,,1140.0,,4,sportsbook,2026-07-14T15:10:00Z,Connecticut Sun,Portland Fire,the-odds-api,2026-07-13T13:09:13.222809+00:00
2026-07-13,c2ecfa7d05172b4ecf75b85d53482efe,Bridget Carleton,,,Portland Fire @ Connecticut Sun,,player_double_double,dd,0.5,,,2300.0,,1,sportsbook,2026-07-14T15:10:00Z,Connecticut Sun,Portland Fire,the-odds-api,2026-07-13T13:09:13.222809+00:00
2026-07-13,c2ecfa7d05172b4ecf75b85d53482efe,Carla Leite,,,Portland Fire @ Connecticut Sun,,player_points,pts,14.5,-114.0,-115.5,,,4,sportsbook,2026-07-14T15:10:00Z,Connecticut Sun,Portland Fire,the-odds-api,2026-07-13T13:09:13.222809+00:00
2026-07-13,c2ecfa7d05172b4ecf75b85d53482efe,Brittney Griner,,,Portland Fire @ Connecticut Sun,,player_points,pts,13.5,-121.75,-107.75,,,4,sportsbook,2026-07-14T15:10:00Z,Connecticut Sun,Portland Fire,the-odds-api,2026-07-13T13:09:13.222809+00:00
2026-07-13,c2ecfa7d05172b4ecf75b85d53482efe,Bridget Carleton,,,Portland Fire @ Connecticut Sun,,player_points,pts,13.5,-111.75,-117.25,,,4,sportsbook,2026-07-14T15:10:00Z,Connecticut Sun,Portland Fire,the-odds-api,2026-07-13T13:09:13.222809+00:00
2026-07-13,c2ecfa7d05172b4ecf75b85d53482efe,Megan Gustafson,,,Portland Fire @ Connecticut Sun,,player_points,pts,12.5,-1.5,-129.75,,,4,sportsbook,2026-07-14T15:10:00Z,Connecticut Sun,Portland Fire,the-odds-api,2026-07-13T13:09:13.222809+00:00
2026-07-13,c2ecfa7d05172b4ecf75b85d53482efe,Leïla Lacan,,,Portland Fire @ Connecticut Sun,,player_points,pts,11.5,-126.25,-54.25,,,4,sportsbook,2026-07-14T15:10:00Z,Connecticut Sun,Portland Fire,the-odds-api,2026-07-13T13:09:13.222809+00:00
2026-07-13,c2ecfa7d05172b4ecf75b85d53482efe,Olivia Nelson-Ododa,,,Portland Fire @ Connecticut Sun,,player_points,pts,10.5,-105.75,-124.25,,,4,sportsbook,2026-07-14T15:10:00Z,Connecticut Sun,Portland Fire,the-odds-api,2026-07-13T13:09:13.222809+00:00
2026-07-13,c2ecfa7d05172b4ecf75b85d53482efe,Carla Leite,,,Portland Fire @ Connecticut Sun,,player_points_assists,pa,19.5,-124.0,-110.0,,,1,sportsbook,2026-07-14T15:10:00Z,Connecticut Sun,Portland Fire,the-odds-api,2026-07-13T13:09:13.222809+00:00
2026-07-13,c2ecfa7d05172b4ecf75b85d53482efe,Leïla Lacan,,,Portland Fire @ Connecticut Sun,,player_points_assists,pa,16.5,-105.0,-128.0,,,2,sportsbook,2026-07-14T15:10:00Z,Connecticut Sun,Portland Fire,the-odds-api,2026-07-13T13:09:13.222809+00:00
2026-07-13,c2ecfa7d05172b4ecf75b85d53482efe,Bridget Carleton,,,Portland Fire @ Connecticut Sun,,player_points_assists,pa,15.5,-125.5,-107.5,,,2,sportsbook,2026-07-14T15:10:00Z,Connecticut Sun,Portland Fire,the-odds-api,2026-07-13T13:09:13.222809+00:00
2026-07-13,c2ecfa7d05172b4ecf75b85d53482efe,Brittney Griner,,,Portland Fire @ Connecticut Sun,,player_points_rebounds,pr,20.5,-111.0,-119.5,,,2,sportsbook,2026-07-14T15:10:00Z,Connecticut Sun,Portland Fire,the-odds-api,2026-07-13T13:09:13.222809+00:00
2026-07-13,c2ecfa7d05172b4ecf75b85d53482efe,Olivia Nelson-Ododa,,,Portland Fire @ Connecticut Sun,,player_points_rebounds,pr,17.5,-110.5,-121.5,,,2,sportsbook,2026-07-14T15:10:00Z,Connecticut Sun,Portland Fire,the-odds-api,2026-07-13T13:09:13.222809+00:00
2026-07-13,c2ecfa7d05172b4ecf75b85d53482efe,Bridget Carleton,,,Portland Fire @ Connecticut Sun,,player_points_rebounds,pr,17.5,-108.0,-124.0,,,2,sportsbook,2026-07-14T15:10:00Z,Connecticut Sun,Portland Fire,the-odds-api,2026-07-13T13:09:13.222809+00:00
2026-07-13,c2ecfa7d05172b4ecf75b85d53482efe,Carla Leite,,,Portland Fire @ Connecticut Sun,,player_points_rebounds,pr,16.5,-127.0,-107.0,,,1,sportsbook,2026-07-14T15:10:00Z,Connecticut Sun,Portland Fire,the-odds-api,2026-07-13T13:09:13.222809+00:00
2026-07-13,c2ecfa7d05172b4ecf75b85d53482efe,Megan Gustafson,,,Portland Fire @ Connecticut Sun,,player_points_rebounds,pr,16.5,-106.0,-126.5,,,2,sportsbook,2026-07-14T15:10:00Z,Connecticut Sun,Portland Fire,the-odds-api,2026-07-13T13:09:13.222809+00:00
2026-07-13,c2ecfa7d05172b4ecf75b85d53482efe,Carla Leite,,,Portland Fire @ Connecticut Sun,,player_points_rebounds_assists,pra,22.5,-116.0,-114.67,,,3,sportsbook,2026-07-14T15:10:00Z,Connecticut Sun,Portland Fire,the-odds-api,2026-07-13T13:09:13.222809+00:00
2026-07-13,c2ecfa7d05172b4ecf75b85d53482efe,Bridget Carleton,,,Portland Fire @ Connecticut Sun,,player_points_rebounds_assists,pra,19.5,-116.0,-114.0,,,3,sportsbook,2026-07-14T15:10:00Z,Connecticut Sun,Portland Fire,the-odds-api,2026-07-13T13:09:13.222809+00:00
2026-07-13,c2ecfa7d05172b4ecf75b85d53482efe,Olivia Nelson-Ododa,,,Portland Fire @ Connecticut Sun,,player_rebounds,reb,6.5,-139.25,105.0,,,4,sportsbook,2026-07-14T15:10:00Z,Connecticut Sun,Portland Fire,the-odds-api,2026-07-13T13:09:13.222809+00:00
2026-07-13,c2ecfa7d05172b4ecf75b85d53482efe,Brittney Griner,,,Portland Fire @ Connecticut Sun,,player_rebounds,reb,6.5,-54.0,-127.5,,,4,sportsbook,2026-07-14T15:10:00Z,Connecticut Sun,Portland Fire,the-odds-api,2026-07-13T13:09:13.222809+00:00
2026-07-13,c2ecfa7d05172b4ecf75b85d53482efe,Megan Gustafson,,,Portland Fire @ Connecticut Sun,,player_rebounds,reb,3.5,-165.25,123.25,,,4,sportsbook,2026-07-14T15:10:00Z,Connecticut Sun,Portland Fire,the-odds-api,2026-07-13T13:09:13.222809+00:00
2026-07-13,c2ecfa7d05172b4ecf75b85d53482efe,Bridget Carleton,,,Portland Fire @ Connecticut Sun,,player_rebounds,reb,3.5,-117.5,-113.0,,,4,sportsbook,2026-07-14T15:10:00Z,Connecticut Sun,Portland Fire,the-odds-api,2026-07-13T13:09:13.222809+00:00
2026-07-13,c2ecfa7d05172b4ecf75b85d53482efe,Carla Leite,,,Portland Fire @ Connecticut Sun,,player_rebounds,reb,2.5,35.67,-136.0,,,3,sportsbook,2026-07-14T15:10:00Z,Connecticut Sun,Portland Fire,the-odds-api,2026-07-13T13:09:13.222809+00:00
2026-07-13,c2ecfa7d05172b4ecf75b85d53482efe,Carla Leite,,,Portland Fire @ Connecticut Sun,,player_rebounds_assists,ra,7.5,-135.5,1.0,,,2,sportsbook,2026-07-14T15:10:00Z,Connecticut Sun,Portland Fire,the-odds-api,2026-07-13T13:09:13.222809+00:00
2026-07-13,c2ecfa7d05172b4ecf75b85d53482efe,Bridget Carleton,,,Portland Fire @ Connecticut Sun,,player_threes,threes,2.5,108.0,-143.75,,,4,sportsbook,2026-07-14T15:10:00Z,Connecticut Sun,Portland Fire,the-odds-api,2026-07-13T13:09:13.222809+00:00
2026-07-13,c2ecfa7d05172b4ecf75b85d53482efe,Carla Leite,,,Portland Fire @ Connecticut Sun,,player_points_assists,pa,20.5,-108.0,-122.0,,,1,sportsbook,2026-07-14T15:10:00Z,Connecticut Sun,Portland Fire,the-odds-api,2026-07-13T13:09:13.222809+00:00
2026-07-13,c2ecfa7d05172b4ecf75b85d53482efe,Carla Leite,,,Portland Fire @ Connecticut Sun,,player_points_rebounds,pr,17.5,-108.0,-122.0,,,1,sportsbook,2026-07-14T15:10:00Z,Connecticut Sun,Portland Fire,the-odds-api,2026-07-13T13:09:13.222809+00:00
2026-07-13,c2ecfa7d05172b4ecf75b85d53482efe,Bridget Carleton,,,Portland Fire @ Connecticut Sun,,player_rebounds_assists,ra,5.5,-154.0,116.0,,,1,sportsbook,2026-07-14T15:10:00Z,Connecticut Sun,Portland Fire,the-odds-api,2026-07-13T13:09:13.222809+00:00
2026-07-13,c2ecfa7d05172b4ecf75b85d53482efe,Megan Gustafson,,,Portland Fire @ Connecticut Sun,,player_threes,threes,1.5,131.0,-173.5,,,2,sportsbook,2026-07-14T15:10:00Z,Connecticut Sun,Portland Fire,the-odds-api,2026-07-13T13:09:13.222809+00:00
2026-07-13,d6adc93ae6db516941aa0c9eabe442fd,Julie Allemand,,,Washington Mystics @ Toronto Tempo,,player_assists,ast,7.5,116.75,-155.5,,,4,sportsbook,2026-07-14T23:10:00Z,Toronto Tempo,Washington Mystics,the-odds-api,2026-07-13T13:09:14.521267+00:00
2026-07-13,d6adc93ae6db516941aa0c9eabe442fd,Marina Mabrey,,,Washington Mystics @ Toronto Tempo,,player_assists,ast,3.5,-139.5,105.25,,,4,sportsbook,2026-07-14T23:10:00Z,Toronto Tempo,Washington Mystics,the-odds-api,2026-07-13T13:09:14.521267+00:00
2026-07-13,d6adc93ae6db516941aa0c9eabe442fd,Sonia Citron,,,Washington Mystics @ Toronto Tempo,,player_assists,ast,3.5,134.5,-180.5,,,4,sportsbook,2026-07-14T23:10:00Z,Toronto Tempo,Washington Mystics,the-odds-api,2026-07-13T13:09:14.521267+00:00
2026-07-13,d6adc93ae6db516941aa0c9eabe442fd,Kiki Iriafen,,,Washington Mystics @ Toronto Tempo,,player_double_double,dd,0.5,,,-128.0,,3,sportsbook,2026-07-14T23:10:00Z,Toronto Tempo,Washington Mystics,the-odds-api,2026-07-13T13:09:14.521267+00:00
2026-07-13,d6adc93ae6db516941aa0c9eabe442fd,Shakira Austin,,,Washington Mystics @ Toronto Tempo,,player_double_double,dd,0.5,,,184.5,,2,sportsbook,2026-07-14T23:10:00Z,Toronto Tempo,Washington Mystics,the-odds-api,2026-07-13T13:09:14.521267+00:00
2026-07-13,d6adc93ae6db516941aa0c9eabe442fd,Isabelle Harrison,,,Washington Mystics @ Toronto Tempo,,player_double_double,dd,0.5,,,695.0,,2,sportsbook,2026-07-14T23:10:00Z,Toronto Tempo,Washington Mystics,the-odds-api,2026-07-13T13:09:14.521267+00:00
2026-07-13,d6adc93ae6db516941aa0c9eabe442fd,Julie Allemand,,,Washington Mystics @ Toronto Tempo,,player_double_double,dd,0.5,,,966.67,,3,sportsbook,2026-07-14T23:10:00Z,Toronto Tempo,Washington Mystics,the-odds-api,2026-07-13T13:09:14.521267+00:00
2026-07-13,d6adc93ae6db516941aa0c9eabe442fd,Sonia Citron,,,Washington Mystics @ Toronto Tempo,,player_double_double,dd,0.5,,,4100.0,,1,sportsbook,2026-07-14T23:10:00Z,Toronto Tempo,Washington Mystics,the-odds-api,2026-07-13T13:09:14.521267+00:00
2026-07-13,d6adc93ae6db516941aa0c9eabe442fd,Marina Mabrey,,,Washington Mystics @ Toronto Tempo,,player_points,pts,22.5,-117.75,-111.75,,,4,sportsbook,2026-07-14T23:10:00Z,Toronto Tempo,Washington Mystics,the-odds-api,2026-07-13T13:09:14.521267+00:00
2026-07-13,d6adc93ae6db516941aa0c9eabe442fd,Sonia Citron,,,Washington Mystics @ Toronto Tempo,,player_points,pts,17.5,-113.25,-116.5,,,4,sportsbook,2026-07-14T23:10:00Z,Toronto Tempo,Washington Mystics,the-odds-api,2026-07-13T13:09:14.521267+00:00
2026-07-13,d6adc93ae6db516941aa0c9eabe442fd,Kiki Iriafen,,,Washington Mystics @ Toronto Tempo,,player_points,pts,14.5,-111.25,-118.0,,,4,sportsbook,2026-07-14T23:10:00Z,Toronto Tempo,Washington Mystics,the-odds-api,2026-07-13T13:09:14.521267+00:00
2026-07-13,d6adc93ae6db516941aa0c9eabe442fd,Shakira Austin,,,Washington Mystics @ Toronto Tempo,,player_points,pts,13.5,-107.25,-122.5,,,4,sportsbook,2026-07-14T23:10:00Z,Toronto Tempo,Washington Mystics,the-odds-api,2026-07-13T13:09:14.521267+00:00
2026-07-13,d6adc93ae6db516941aa0c9eabe442fd,Isabelle Harrison,,,Washington Mystics @ Toronto Tempo,,player_points,pts,12.5,-123.0,-107.33,,,3,sportsbook,2026-07-14T23:10:00Z,Toronto Tempo,Washington Mystics,the-odds-api,2026-07-13T13:09:14.521267+00:00
2026-07-13,d6adc93ae6db516941aa0c9eabe442fd,Nyara Sabally,,,Washington Mystics @ Toronto Tempo,,player_points,pts,10.5,-112.75,-117.0,,,4,sportsbook,2026-07-14T23:10:00Z,Toronto Tempo,Washington Mystics,the-odds-api,2026-07-13T13:09:14.521267+00:00
2026-07-13,d6adc93ae6db516941aa0c9eabe442fd,Maria Conde,,,Washington Mystics @ Toronto Tempo,,player_points,pts,10.5,-105.0,-126.0,,,1,sportsbook,2026-07-14T23:10:00Z,Toronto Tempo,Washington Mystics,the-odds-api,2026-07-13T13:09:14.521267+00:00
2026-07-13,d6adc93ae6db516941aa0c9eabe442fd,Julie Allemand,,,Washington Mystics @ Toronto Tempo,,player_points,pts,7.5,-109.75,-120.0,,,4,sportsbook,2026-07-14T23:10:00Z,Toronto Tempo,Washington Mystics,the-odds-api,2026-07-13T13:09:14.521267+00:00
2026-07-13,d6adc93ae6db516941aa0c9eabe442fd,Marina Mabrey,,,Washington Mystics @ Toronto Tempo,,player_points_assists,pa,26.5,-122.5,-110.0,,,2,sportsbook,2026-07-14T23:10:00Z,Toronto Tempo,Washington Mystics,the-odds-api,2026-07-13T13:09:14.521267+00:00
2026-07-13,d6adc93ae6db516941aa0c9eabe442fd,Sonia Citron,,,Washington Mystics @ Toronto Tempo,,player_points_assists,pa,20.5,-114.0,-119.0,,,1,sportsbook,2026-07-14T23:10:00Z,Toronto Tempo,Washington Mystics,the-odds-api,2026-07-13T13:09:14.521267+00:00
2026-07-13,d6adc93ae6db516941aa0c9eabe442fd,Shakira Austin,,,Washington Mystics @ Toronto Tempo,,player_points_assists,pa,16.5,-114.0,-120.0,,,1,sportsbook,2026-07-14T23:10:00Z,Toronto Tempo,Washington Mystics,the-odds-api,2026-07-13T13:09:14.521267+00:00
2026-07-13,d6adc93ae6db516941aa0c9eabe442fd,Julie Allemand,,,Washington Mystics @ Toronto Tempo,,player_points_assists,pa,14.5,-121.0,-110.5,,,2,sportsbook,2026-07-14T23:10:00Z,Toronto Tempo,Washington Mystics,the-odds-api,2026-07-13T13:09:14.521267+00:00
2026-07-13,d6adc93ae6db516941aa0c9eabe442fd,Marina Mabrey,,,Washington Mystics @ Toronto Tempo,,player_points_rebounds,pr,25.5,-124.0,-109.0,,,1,sportsbook,2026-07-14T23:10:00Z,Toronto Tempo,Washington Mystics,the-odds-api,2026-07-13T13:09:14.521267+00:00
2026-07-13,d6adc93ae6db516941aa0c9eabe442fd,Kiki Iriafen,,,Washington Mystics @ Toronto Tempo,,player_points_rebounds,pr,24.5,-124.5,-108.0,,,2,sportsbook,2026-07-14T23:10:00Z,Toronto Tempo,Washington Mystics,the-odds-api,2026-07-13T13:09:14.521267+00:00
2026-07-13,d6adc93ae6db516941aa0c9eabe442fd,Shakira Austin,,,Washington Mystics @ Toronto Tempo,,player_points_rebounds,pr,21.5,-127.0,-107.0,,,1,sportsbook,2026-07-14T23:10:00Z,Toronto Tempo,Washington Mystics,the-odds-api,2026-07-13T13:09:14.521267+00:00
2026-07-13,d6adc93ae6db516941aa0c9eabe442fd,Sonia Citron,,,Washington Mystics @ Toronto Tempo,,player_points_rebounds,pr,20.5,-118.0,-115.0,,,1,sportsbook,2026-07-14T23:10:00Z,Toronto Tempo,Washington Mystics,the-odds-api,2026-07-13T13:09:14.521267+00:00
2026-07-13,d6adc93ae6db516941aa0c9eabe442fd,Isabelle Harrison,,,Washington Mystics @ Toronto Tempo,,player_points_rebounds,pr,18.5,-127.0,-107.0,,,1,sportsbook,2026-07-14T23:10:00Z,Toronto Tempo,Washington Mystics,the-odds-api,2026-07-13T13:09:14.521267+00:00
2026-07-13,d6adc93ae6db516941aa0c9eabe442fd,Nyara Sabally,,,Washington Mystics @ Toronto Tempo,,player_points_rebounds,pr,15.5,-118.0,-115.0,,,1,sportsbook,2026-07-14T23:10:00Z,Toronto Tempo,Washington Mystics,the-odds-api,2026-07-13T13:09:14.521267+00:00
2026-07-13,d6adc93ae6db516941aa0c9eabe442fd,Maria Conde,,,Washington Mystics @ Toronto Tempo,,player_points_rebounds,pr,14.5,-131.0,-103.0,,,1,sportsbook,2026-07-14T23:10:00Z,Toronto Tempo,Washington Mystics,the-odds-api,2026-07-13T13:09:14.521267+00:00
2026-07-13,d6adc93ae6db516941aa0c9eabe442fd,Julie Allemand,,,Washington Mystics @ Toronto Tempo,,player_points_rebounds,pr,10.5,-128.5,-104.5,,,2,sportsbook,2026-07-14T23:10:00Z,Toronto Tempo,Washington Mystics,the-odds-api,2026-07-13T13:09:14.521267+00:00
2026-07-13,d6adc93ae6db516941aa0c9eabe442fd,Marina Mabrey,,,Washington Mystics @ Toronto Tempo,,player_points_rebounds_assists,pra,29.5,-124.5,-106.5,,,2,sportsbook,2026-07-14T23:10:00Z,Toronto Tempo,Washington Mystics,the-odds-api,2026-07-13T13:09:14.521267+00:00
2026-07-13,d6adc93ae6db516941aa0c9eabe442fd,Kiki Iriafen,,,Washington Mystics @ Toronto Tempo,,player_points_rebounds_assists,pra,27.5,-35.67,-129.67,,,3,sportsbook,2026-07-14T23:10:00Z,Toronto Tempo,Washington Mystics,the-odds-api,2026-07-13T13:09:14.521267+00:00
2026-07-13,d6adc93ae6db516941aa0c9eabe442fd,Shakira Austin,,,Washington Mystics @ Toronto Tempo,,player_points_rebounds_assists,pra,25.5,-104.67,-126.67,,,3,sportsbook,2026-07-14T23:10:00Z,Toronto Tempo,Washington Mystics,the-odds-api,2026-07-13T13:09:14.521267+00:00
2026-07-13,d6adc93ae6db516941aa0c9eabe442fd,Sonia Citron,,,Washington Mystics @ Toronto Tempo,,player_points_rebounds_assists,pra,23.5,-129.0,-105.0,,,1,sportsbook,2026-07-14T23:10:00Z,Toronto Tempo,Washington Mystics,the-odds-api,2026-07-13T13:09:14.521267+00:00
2026-07-13,d6adc93ae6db516941aa0c9eabe442fd,Kiki Iriafen,,,Washington Mystics @ Toronto Tempo,,player_rebounds,reb,10.5,-106.0,-125.5,,,4,sportsbook,2026-07-14T23:10:00Z,Toronto Tempo,Washington Mystics,the-odds-api,2026-07-13T13:09:14.521267+00:00
2026-07-13,d6adc93ae6db516941aa0c9eabe442fd,Shakira Austin,,,Washington Mystics @ Toronto Tempo,,player_rebounds,reb,8.5,-109.0,-122.0,,,4,sportsbook,2026-07-14T23:10:00Z,Toronto Tempo,Washington Mystics,the-odds-api,2026-07-13T13:09:14.521267+00:00
2026-07-13,d6adc93ae6db516941aa0c9eabe442fd,Isabelle Harrison,,,Washington Mystics @ Toronto Tempo,,player_rebounds,reb,6.5,113.67,-153.33,,,3,sportsbook,2026-07-14T23:10:00Z,Toronto Tempo,Washington Mystics,the-odds-api,2026-07-13T13:09:14.521267+00:00
2026-07-13,d6adc93ae6db516941aa0c9eabe442fd,Nyara Sabally,,,Washington Mystics @ Toronto Tempo,,player_rebounds,reb,4.5,-120.5,-109.75,,,4,sportsbook,2026-07-14T23:10:00Z,Toronto Tempo,Washington Mystics,the-odds-api,2026-07-13T13:09:14.521267+00:00
2026-07-13,d6adc93ae6db516941aa0c9eabe442fd,Maria Conde,,,Washington Mystics @ Toronto Tempo,,player_rebounds,reb,4.5,34.67,-135.33,,,3,sportsbook,2026-07-14T23:10:00Z,Toronto Tempo,Washington Mystics,the-odds-api,2026-07-13T13:09:14.521267+00:00
2026-07-13,d6adc93ae6db516941aa0c9eabe442fd,Sonia Citron,,,Washington Mystics @ Toronto Tempo,,player_rebounds,reb,3.5,104.75,-139.0,,,4,sportsbook,2026-07-14T23:10:00Z,Toronto Tempo,Washington Mystics,the-odds-api,2026-07-13T13:09:14.521267+00:00
2026-07-13,d6adc93ae6db516941aa0c9eabe442fd,Marina Mabrey,,,Washington Mystics @ Toronto Tempo,,player_rebounds,reb,3.5,112.5,-149.75,,,4,sportsbook,2026-07-14T23:10:00Z,Toronto Tempo,Washington Mystics,the-odds-api,2026-07-13T13:09:14.521267+00:00
2026-07-13,d6adc93ae6db516941aa0c9eabe442fd,Julie Allemand,,,Washington Mystics @ Toronto Tempo,,player_rebounds,reb,3.5,109.25,-145.0,,,4,sportsbook,2026-07-14T23:10:00Z,Toronto Tempo,Washington Mystics,the-odds-api,2026-07-13T13:09:14.521267+00:00
2026-07-13,d6adc93ae6db516941aa0c9eabe442fd,Shakira Austin,,,Washington Mystics @ Toronto Tempo,,player_rebounds_assists,ra,11.5,-127.0,-107.0,,,1,sportsbook,2026-07-14T23:10:00Z,Toronto Tempo,Washington Mystics,the-odds-api,2026-07-13T13:09:14.521267+00:00
2026-07-13,d6adc93ae6db516941aa0c9eabe442fd,Marina Mabrey,,,Washington Mystics @ Toronto Tempo,,player_rebounds_assists,ra,7.5,107.5,-145.0,,,2,sportsbook,2026-07-14T23:10:00Z,Toronto Tempo,Washington Mystics,the-odds-api,2026-07-13T13:09:14.521267+00:00
2026-07-13,d6adc93ae6db516941aa0c9eabe442fd,Sonia Citron,,,Washington Mystics @ Toronto Tempo,,player_rebounds_assists,ra,6.5,-113.5,-118.0,,,2,sportsbook,2026-07-14T23:10:00Z,Toronto Tempo,Washington Mystics,the-odds-api,2026-07-13T13:09:14.521267+00:00
2026-07-13,d6adc93ae6db516941aa0c9eabe442fd,Marina Mabrey,,,Washington Mystics @ Toronto Tempo,,player_threes,threes,3.5,134.67,-180.67,,,3,sportsbook,2026-07-14T23:10:00Z,Toronto Tempo,Washington Mystics,the-odds-api,2026-07-13T13:09:14.521267+00:00
2026-07-13,d6adc93ae6db516941aa0c9eabe442fd,Maria Conde,,,Washington Mystics @ Toronto Tempo,,player_threes,threes,1.5,-39.0,-126.0,,,3,sportsbook,2026-07-14T23:10:00Z,Toronto Tempo,Washington Mystics,the-odds-api,2026-07-13T13:09:14.521267+00:00
2026-07-13,d6adc93ae6db516941aa0c9eabe442fd,Sonia Citron,,,Washington Mystics @ Toronto Tempo,,player_threes,threes,1.5,-1.25,-131.25,,,4,sportsbook,2026-07-14T23:10:00Z,Toronto Tempo,Washington Mystics,the-odds-api,2026-07-13T13:09:14.521267+00:00
2026-07-13,d6adc93ae6db516941aa0c9eabe442fd,Marina Mabrey,,,Washington Mystics @ Toronto Tempo,,player_double_double,dd,0.5,,,3000.0,,1,sportsbook,2026-07-14T23:10:00Z,Toronto Tempo,Washington Mystics,the-odds-api,2026-07-13T13:09:14.521267+00:00
2026-07-13,d6adc93ae6db516941aa0c9eabe442fd,Maria Conde,,,Washington Mystics @ Toronto Tempo,,player_double_double,dd,0.5,,,3500.0,,1,sportsbook,2026-07-14T23:10:00Z,Toronto Tempo,Washington Mystics,the-odds-api,2026-07-13T13:09:14.521267+00:00
2026-07-13,d6adc93ae6db516941aa0c9eabe442fd,Nyara Sabally,,,Washington Mystics @ Toronto Tempo,,player_double_double,dd,0.5,,,2200.0,,1,sportsbook,2026-07-14T23:10:00Z,Toronto Tempo,Washington Mystics,the-odds-api,2026-07-13T13:09:14.521267+00:00
2026-07-13,d6adc93ae6db516941aa0c9eabe442fd,Maria Conde,,,Washington Mystics @ Toronto Tempo,,player_points,pts,9.5,-121.67,-108.0,,,3,sportsbook,2026-07-14T23:10:00Z,Toronto Tempo,Washington Mystics,the-odds-api,2026-07-13T13:09:14.521267+00:00
2026-07-13,d6adc93ae6db516941aa0c9eabe442fd,Isabelle Harrison,,,Washington Mystics @ Toronto Tempo,,player_points,pts,13.5,-102.0,-128.0,,,1,sportsbook,2026-07-14T23:10:00Z,Toronto Tempo,Washington Mystics,the-odds-api,2026-07-13T13:09:14.521267+00:00
2026-07-13,d6adc93ae6db516941aa0c9eabe442fd,Sonia Citron,,,Washington Mystics @ Toronto Tempo,,player_points_assists,pa,21.5,-102.0,-130.0,,,1,sportsbook,2026-07-14T23:10:00Z,Toronto Tempo,Washington Mystics,the-odds-api,2026-07-13T13:09:14.521267+00:00
2026-07-13,d6adc93ae6db516941aa0c9eabe442fd,Nyara Sabally,,,Washington Mystics @ Toronto Tempo,,player_points_rebounds,pr,14.5,-130.0,-102.0,,,1,sportsbook,2026-07-14T23:10:00Z,Toronto Tempo,Washington Mystics,the-odds-api,2026-07-13T13:09:14.521267+00:00
2026-07-13,d6adc93ae6db516941aa0c9eabe442fd,Marina Mabrey,,,Washington Mystics @ Toronto Tempo,,player_points_rebounds,pr,26.5,-108.0,-122.0,,,1,sportsbook,2026-07-14T23:10:00Z,Toronto Tempo,Washington Mystics,the-odds-api,2026-07-13T13:09:14.521267+00:00
2026-07-13,d6adc93ae6db516941aa0c9eabe442fd,Maria Conde,,,Washington Mystics @ Toronto Tempo,,player_points_rebounds,pr,13.5,-136.0,102.0,,,1,sportsbook,2026-07-14T23:10:00Z,Toronto Tempo,Washington Mystics,the-odds-api,2026-07-13T13:09:14.521267+00:00
2026-07-13,d6adc93ae6db516941aa0c9eabe442fd,Sonia Citron,,,Washington Mystics @ Toronto Tempo,,player_points_rebounds,pr,21.5,-108.0,-122.0,,,1,sportsbook,2026-07-14T23:10:00Z,Toronto Tempo,Washington Mystics,the-odds-api,2026-07-13T13:09:14.521267+00:00
2026-07-13,d6adc93ae6db516941aa0c9eabe442fd,Isabelle Harrison,,,Washington Mystics @ Toronto Tempo,,player_points_rebounds,pr,19.5,-112.0,-118.0,,,1,sportsbook,2026-07-14T23:10:00Z,Toronto Tempo,Washington Mystics,the-odds-api,2026-07-13T13:09:14.521267+00:00
2026-07-13,d6adc93ae6db516941aa0c9eabe442fd,Maria Conde,,,Washington Mystics @ Toronto Tempo,,player_points_rebounds_assists,pra,16.5,-104.0,-126.0,,,2,sportsbook,2026-07-14T23:10:00Z,Toronto Tempo,Washington Mystics,the-odds-api,2026-07-13T13:09:14.521267+00:00
2026-07-13,d6adc93ae6db516941aa0c9eabe442fd,Sonia Citron,,,Washington Mystics @ Toronto Tempo,,player_points_rebounds_assists,pra,24.5,-108.5,-119.5,,,2,sportsbook,2026-07-14T23:10:00Z,Toronto Tempo,Washington Mystics,the-odds-api,2026-07-13T13:09:14.521267+00:00
2026-07-13,d6adc93ae6db516941aa0c9eabe442fd,Marina Mabrey,,,Washington Mystics @ Toronto Tempo,,player_points_rebounds_assists,pra,30.5,-110.0,-120.0,,,1,sportsbook,2026-07-14T23:10:00Z,Toronto Tempo,Washington Mystics,the-odds-api,2026-07-13T13:09:14.521267+00:00
2026-07-13,d6adc93ae6db516941aa0c9eabe442fd,Julie Allemand,,,Washington Mystics @ Toronto Tempo,,player_points_rebounds_assists,pra,18.5,100.0,-132.0,,,1,sportsbook,2026-07-14T23:10:00Z,Toronto Tempo,Washington Mystics,the-odds-api,2026-07-13T13:09:14.521267+00:00
2026-07-13,d6adc93ae6db516941aa0c9eabe442fd,Julie Allemand,,,Washington Mystics @ Toronto Tempo,,player_rebounds_assists,ra,10.5,-112.0,-118.0,,,1,sportsbook,2026-07-14T23:10:00Z,Toronto Tempo,Washington Mystics,the-odds-api,2026-07-13T13:09:14.521267+00:00
2026-07-13,d6adc93ae6db516941aa0c9eabe442fd,Marina Mabrey,,,Washington Mystics @ Toronto Tempo,,player_threes,threes,2.5,-182.0,136.0,,,1,sportsbook,2026-07-14T23:10:00Z,Toronto Tempo,Washington Mystics,the-odds-api,2026-07-13T13:09:14.521267+00:00
2026-07-13,d6adc93ae6db516941aa0c9eabe442fd,Shakira Austin,,,Washington Mystics @ Toronto Tempo,,player_assists,ast,3.5,144.0,-189.0,,,1,sportsbook,2026-07-14T23:10:00Z,Toronto Tempo,Washington Mystics,the-odds-api,2026-07-13T13:09:14.521267+00:00
2026-07-13,d6adc93ae6db516941aa0c9eabe442fd,Kiki Iriafen,,,Washington Mystics @ Toronto Tempo,,player_assists,ast,2.5,136.0,-179.0,,,1,sportsbook,2026-07-14T23:10:00Z,Toronto Tempo,Washington Mystics,the-odds-api,2026-07-13T13:09:14.521267+00:00
2026-07-13,d6adc93ae6db516941aa0c9eabe442fd,Georgia Amoore,,,Washington Mystics @ Toronto Tempo,,player_assists,ast,3.5,-141.0,108.0,,,1,sportsbook,2026-07-14T23:10:00Z,Toronto Tempo,Washington Mystics,the-odds-api,2026-07-13T13:09:14.521267+00:00
2026-07-13,d6adc93ae6db516941aa0c9eabe442fd,Georgia Amoore,,,Washington Mystics @ Toronto Tempo,,player_points,pts,6.5,-108.0,-120.0,,,1,sportsbook,2026-07-14T23:10:00Z,Toronto Tempo,Washington Mystics,the-odds-api,2026-07-13T13:09:14.521267+00:00
2026-07-13,d6adc93ae6db516941aa0c9eabe442fd,Georgia Amoore,,,Washington Mystics @ Toronto Tempo,,player_points_rebounds_assists,pra,12.5,-114.0,-114.0,,,1,sportsbook,2026-07-14T23:10:00Z,Toronto Tempo,Washington Mystics,the-odds-api,2026-07-13T13:09:14.521267+00:00
2026-07-13,d6adc93ae6db516941aa0c9eabe442fd,Julie Allemand,,,Washington Mystics @ Toronto Tempo,,player_points_rebounds_assists,pra,17.5,-130.0,101.0,,,1,sportsbook,2026-07-14T23:10:00Z,Toronto Tempo,Washington Mystics,the-odds-api,2026-07-13T13:09:14.521267+00:00
2026-07-13,d6adc93ae6db516941aa0c9eabe442fd,Isabelle Harrison,,,Washington Mystics @ Toronto Tempo,,player_rebounds,reb,5.5,-145.0,111.0,,,1,sportsbook,2026-07-14T23:10:00Z,Toronto Tempo,Washington Mystics,the-odds-api,2026-07-13T13:09:14.521267+00:00
2026-07-13,d6adc93ae6db516941aa0c9eabe442fd,Georgia Amoore,,,Washington Mystics @ Toronto Tempo,,player_threes,threes,1.5,144.0,-189.0,,,1,sportsbook,2026-07-14T23:10:00Z,Toronto Tempo,Washington Mystics,the-odds-api,2026-07-13T13:09:14.521267+00:00
